data2vec-audio pilot fine-tune | device: mps | train clips: 5000 | eval clips: 500 | epochs: 2

Map:   0%|          | 0/5000 [00:00<?, ? examples/s]
Map:   0%|          | 1/5000 [00:00<17:35,  4.73 examples/s]
Map:   0%|          | 15/5000 [00:00<01:27, 56.88 examples/s]
Map:   1%|          | 29/5000 [00:00<00:58, 84.34 examples/s]
Map:   1%|          | 43/5000 [00:00<00:49, 100.20 examples/s]
Map:   1%|          | 57/5000 [00:00<00:44, 111.15 examples/s]
Map:   1%|▏         | 71/5000 [00:00<00:42, 116.88 examples/s]
Map:   2%|▏         | 85/5000 [00:00<00:41, 118.86 examples/s]
Map:   2%|▏         | 99/5000 [00:00<00:40, 121.26 examples/s]
Map:   2%|▏         | 113/5000 [00:01<00:39, 123.21 examples/s]
Map:   3%|▎         | 127/5000 [00:01<00:38, 125.95 examples/s]
Map:   3%|▎         | 141/5000 [00:01<00:38, 127.25 examples/s]
Map:   3%|▎         | 155/5000 [00:01<00:37, 127.85 examples/s]
Map:   3%|▎         | 169/5000 [00:01<00:37, 128.82 examples/s]
Map:   4%|▎         | 183/5000 [00:01<00:36, 130.72 examples/s]
Map:   4%|▍         | 197/5000 [00:01<00:36, 131.88 examples/s]
Map:   4%|▍         | 211/5000 [00:01<00:36, 132.74 examples/s]
Map:   4%|▍         | 225/5000 [00:01<00:35, 132.66 examples/s]
Map:   5%|▍         | 239/5000 [00:02<00:36, 132.05 examples/s]
Map:   5%|▌         | 253/5000 [00:02<00:36, 131.21 examples/s]
Map:   5%|▌         | 267/5000 [00:02<00:35, 131.83 examples/s]
Map:   6%|▌         | 281/5000 [00:02<00:35, 132.70 examples/s]
Map:   6%|▌         | 295/5000 [00:02<00:35, 132.14 examples/s]
Map:   6%|▌         | 309/5000 [00:02<00:35, 130.60 examples/s]
Map:   6%|▋         | 323/5000 [00:02<00:35, 130.27 examples/s]
Map:   7%|▋         | 337/5000 [00:02<00:35, 131.07 examples/s]
Map:   7%|▋         | 351/5000 [00:02<00:35, 131.73 examples/s]
Map:   7%|▋         | 365/5000 [00:02<00:35, 130.31 examples/s]
Map:   8%|▊         | 384/5000 [00:03<00:36, 126.89 examples/s]
Map:   8%|▊         | 397/5000 [00:03<00:36, 126.41 examples/s]
Map:   8%|▊         | 411/5000 [00:03<00:35, 128.73 examples/s]
Map:   8%|▊         | 425/5000 [00:03<00:35, 128.75 examples/s]
Map:   9%|▉         | 439/5000 [00:03<00:35, 129.41 examples/s]
Map:   9%|▉         | 453/5000 [00:03<00:35, 128.80 examples/s]
Map:   9%|▉         | 467/5000 [00:03<00:35, 129.51 examples/s]
Map:  10%|▉         | 481/5000 [00:03<00:34, 130.28 examples/s]
Map:  10%|▉         | 495/5000 [00:04<00:34, 131.04 examples/s]
Map:  10%|█         | 509/5000 [00:04<00:34, 130.55 examples/s]
Map:  10%|█         | 523/5000 [00:04<00:34, 130.69 examples/s]
Map:  11%|█         | 537/5000 [00:04<00:34, 130.88 examples/s]
Map:  11%|█         | 551/5000 [00:04<00:33, 131.65 examples/s]
Map:  11%|█▏        | 571/5000 [00:04<00:33, 130.58 examples/s]
Map:  12%|█▏        | 585/5000 [00:04<00:33, 131.04 examples/s]
Map:  12%|█▏        | 599/5000 [00:04<00:33, 131.74 examples/s]
Map:  12%|█▏        | 613/5000 [00:04<00:33, 131.12 examples/s]
Map:  13%|█▎        | 627/5000 [00:05<00:33, 131.81 examples/s]
Map:  13%|█▎        | 641/5000 [00:05<00:33, 131.70 examples/s]
Map:  13%|█▎        | 655/5000 [00:05<00:32, 132.14 examples/s]
Map:  13%|█▎        | 669/5000 [00:05<00:32, 132.22 examples/s]
Map:  14%|█▎        | 684/5000 [00:05<00:32, 134.04 examples/s]
Map:  14%|█▍        | 698/5000 [00:05<00:31, 134.95 examples/s]
Map:  14%|█▍        | 712/5000 [00:05<00:32, 133.54 examples/s]
Map:  15%|█▍        | 726/5000 [00:05<00:32, 132.11 examples/s]
Map:  15%|█▍        | 740/5000 [00:05<00:32, 132.18 examples/s]
Map:  15%|█▌        | 754/5000 [00:05<00:32, 132.47 examples/s]
Map:  15%|█▌        | 768/5000 [00:06<00:31, 132.38 examples/s]
Map:  16%|█▌        | 783/5000 [00:06<00:31, 134.16 examples/s]
Map:  16%|█▌        | 797/5000 [00:06<00:31, 132.87 examples/s]
Map:  16%|█▌        | 811/5000 [00:06<00:31, 132.23 examples/s]
Map:  16%|█▋        | 825/5000 [00:06<00:31, 132.12 examples/s]
Map:  17%|█▋        | 839/5000 [00:06<00:31, 132.39 examples/s]
Map:  17%|█▋        | 853/5000 [00:06<00:31, 133.70 examples/s]
Map:  17%|█▋        | 867/5000 [00:06<00:30, 134.32 examples/s]
Map:  18%|█▊        | 881/5000 [00:06<00:30, 134.15 examples/s]
Map:  18%|█▊        | 895/5000 [00:07<00:30, 134.47 examples/s]
Map:  18%|█▊        | 909/5000 [00:07<00:30, 134.17 examples/s]
Map:  18%|█▊        | 923/5000 [00:07<00:30, 135.10 examples/s]
Map:  19%|█▉        | 938/5000 [00:07<00:29, 135.82 examples/s]
Map:  19%|█▉        | 952/5000 [00:07<00:30, 134.64 examples/s]
Map:  19%|█▉        | 966/5000 [00:07<00:29, 134.66 examples/s]
Map:  20%|█▉        | 980/5000 [00:07<00:29, 134.54 examples/s]
Map:  20%|█▉        | 994/5000 [00:07<00:29, 134.62 examples/s]
Map:  20%|██        | 1009/5000 [00:08<00:45, 87.49 examples/s]
Map:  20%|██        | 1023/5000 [00:08<00:41, 96.11 examples/s]
Map:  21%|██        | 1037/5000 [00:08<00:38, 104.24 examples/s]
Map:  21%|██        | 1051/5000 [00:08<00:35, 111.16 examples/s]
Map:  21%|██▏       | 1065/5000 [00:08<00:33, 116.28 examples/s]
Map:  22%|██▏       | 1079/5000 [00:08<00:32, 121.13 examples/s]
Map:  22%|██▏       | 1093/5000 [00:08<00:31, 125.26 examples/s]
Map:  22%|██▏       | 1107/5000 [00:08<00:30, 128.51 examples/s]
Map:  22%|██▏       | 1121/5000 [00:08<00:29, 130.57 examples/s]
Map:  23%|██▎       | 1135/5000 [00:09<00:29, 131.09 examples/s]
Map:  23%|██▎       | 1149/5000 [00:09<00:29, 130.94 examples/s]
Map:  23%|██▎       | 1164/5000 [00:09<00:29, 131.98 examples/s]
Map:  24%|██▎       | 1178/5000 [00:09<00:29, 131.61 examples/s]
Map:  24%|██▍       | 1192/5000 [00:09<00:28, 131.71 examples/s]
Map:  24%|██▍       | 1206/5000 [00:09<00:28, 131.37 examples/s]
Map:  24%|██▍       | 1220/5000 [00:09<00:28, 131.61 examples/s]
Map:  25%|██▍       | 1234/5000 [00:09<00:28, 132.76 examples/s]
Map:  25%|██▍       | 1248/5000 [00:09<00:28, 131.54 examples/s]
Map:  25%|██▌       | 1262/5000 [00:09<00:28, 131.25 examples/s]
Map:  26%|██▌       | 1276/5000 [00:10<00:28, 130.01 examples/s]
Map:  26%|██▌       | 1290/5000 [00:10<00:28, 131.10 examples/s]
Map:  26%|██▌       | 1304/5000 [00:10<00:28, 131.74 examples/s]
Map:  26%|██▋       | 1318/5000 [00:10<00:27, 133.30 examples/s]
Map:  27%|██▋       | 1332/5000 [00:10<00:27, 132.92 examples/s]
Map:  27%|██▋       | 1346/5000 [00:10<00:27, 132.72 examples/s]
Map:  27%|██▋       | 1360/5000 [00:10<00:27, 132.80 examples/s]
Map:  27%|██▋       | 1374/5000 [00:10<00:27, 133.07 examples/s]
Map:  28%|██▊       | 1388/5000 [00:10<00:27, 132.97 examples/s]
Map:  28%|██▊       | 1402/5000 [00:11<00:27, 133.10 examples/s]
Map:  28%|██▊       | 1416/5000 [00:11<00:26, 132.93 examples/s]
Map:  29%|██▊       | 1430/5000 [00:11<00:26, 132.38 examples/s]
Map:  29%|██▉       | 1444/5000 [00:11<00:26, 132.37 examples/s]
Map:  29%|██▉       | 1458/5000 [00:11<00:26, 131.89 examples/s]
Map:  29%|██▉       | 1472/5000 [00:11<00:27, 130.60 examples/s]
Map:  30%|██▉       | 1486/5000 [00:11<00:27, 130.06 examples/s]
Map:  30%|███       | 1500/5000 [00:11<00:26, 131.51 examples/s]
Map:  30%|███       | 1514/5000 [00:11<00:26, 131.77 examples/s]
Map:  31%|███       | 1528/5000 [00:11<00:26, 132.61 examples/s]
Map:  31%|███       | 1542/5000 [00:12<00:26, 132.03 examples/s]
Map:  31%|███       | 1556/5000 [00:12<00:26, 132.05 examples/s]
Map:  31%|███▏      | 1570/5000 [00:12<00:26, 131.65 examples/s]
Map:  32%|███▏      | 1584/5000 [00:12<00:25, 131.91 examples/s]
Map:  32%|███▏      | 1598/5000 [00:12<00:25, 131.70 examples/s]
Map:  32%|███▏      | 1612/5000 [00:12<00:25, 130.89 examples/s]
Map:  33%|███▎      | 1626/5000 [00:12<00:25, 130.54 examples/s]
Map:  33%|███▎      | 1640/5000 [00:12<00:25, 131.75 examples/s]
Map:  33%|███▎      | 1654/5000 [00:12<00:25, 132.37 examples/s]
Map:  33%|███▎      | 1668/5000 [00:13<00:25, 132.40 examples/s]
Map:  34%|███▎      | 1682/5000 [00:13<00:25, 128.98 examples/s]
Map:  34%|███▍      | 1696/5000 [00:13<00:25, 128.64 examples/s]
Map:  34%|███▍      | 1710/5000 [00:13<00:25, 130.32 examples/s]
Map:  34%|███▍      | 1724/5000 [00:13<00:24, 131.93 examples/s]
Map:  35%|███▍      | 1738/5000 [00:13<00:24, 132.25 examples/s]
Map:  35%|███▌      | 1752/5000 [00:13<00:24, 133.83 examples/s]
Map:  35%|███▌      | 1766/5000 [00:13<00:24, 133.64 examples/s]
Map:  36%|███▌      | 1780/5000 [00:13<00:24, 133.05 examples/s]
Map:  36%|███▌      | 1794/5000 [00:14<00:24, 133.21 examples/s]
Map:  36%|███▌      | 1808/5000 [00:14<00:24, 132.93 examples/s]
Map:  36%|███▋      | 1822/5000 [00:14<00:23, 133.04 examples/s]
Map:  37%|███▋      | 1836/5000 [00:14<00:23, 132.24 examples/s]
Map:  37%|███▋      | 1850/5000 [00:14<00:23, 133.56 examples/s]
Map:  37%|███▋      | 1864/5000 [00:14<00:23, 133.03 examples/s]
Map:  38%|███▊      | 1878/5000 [00:14<00:23, 132.99 examples/s]
Map:  38%|███▊      | 1892/5000 [00:14<00:23, 133.74 examples/s]
Map:  38%|███▊      | 1906/5000 [00:14<00:23, 133.88 examples/s]
Map:  38%|███▊      | 1920/5000 [00:14<00:22, 134.49 examples/s]
Map:  39%|███▊      | 1934/5000 [00:15<00:22, 133.84 examples/s]
Map:  39%|███▉      | 1948/5000 [00:15<00:22, 133.45 examples/s]
Map:  39%|███▉      | 1962/5000 [00:15<00:22, 133.69 examples/s]
Map:  40%|███▉      | 1976/5000 [00:15<00:22, 134.12 examples/s]
Map:  40%|███▉      | 1990/5000 [00:15<00:22, 133.38 examples/s]
Map:  40%|████      | 2004/5000 [00:15<00:31, 96.56 examples/s] 
Map:  40%|████      | 2017/5000 [00:15<00:29, 102.84 examples/s]
Map:  41%|████      | 2031/5000 [00:15<00:26, 110.04 examples/s]
Map:  41%|████      | 2045/5000 [00:16<00:25, 115.10 examples/s]
Map:  41%|████      | 2059/5000 [00:16<00:24, 119.37 examples/s]
Map:  41%|████▏     | 2073/5000 [00:16<00:23, 123.13 examples/s]
Map:  42%|████▏     | 2087/5000 [00:16<00:22, 126.74 examples/s]
Map:  42%|████▏     | 2101/5000 [00:16<00:22, 129.01 examples/s]
Map:  42%|████▏     | 2115/5000 [00:16<00:22, 128.83 examples/s]
Map:  43%|████▎     | 2129/5000 [00:16<00:22, 127.73 examples/s]
Map:  43%|████▎     | 2143/5000 [00:16<00:22, 128.73 examples/s]
Map:  43%|████▎     | 2157/5000 [00:16<00:21, 130.09 examples/s]
Map:  43%|████▎     | 2171/5000 [00:16<00:21, 130.85 examples/s]
Map:  44%|████▎     | 2185/5000 [00:17<00:21, 131.18 examples/s]
Map:  44%|████▍     | 2199/5000 [00:17<00:21, 130.88 examples/s]
Map:  44%|████▍     | 2213/5000 [00:17<00:21, 132.35 examples/s]
Map:  45%|████▍     | 2227/5000 [00:17<00:20, 132.26 examples/s]
Map:  45%|████▍     | 2241/5000 [00:17<00:20, 131.51 examples/s]
Map:  45%|████▌     | 2255/5000 [00:17<00:20, 131.85 examples/s]
Map:  45%|████▌     | 2269/5000 [00:17<00:20, 131.79 examples/s]
Map:  46%|████▌     | 2283/5000 [00:17<00:20, 130.48 examples/s]
Map:  46%|████▌     | 2302/5000 [00:18<00:21, 125.63 examples/s]
Map:  46%|████▋     | 2315/5000 [00:18<00:21, 124.76 examples/s]
Map:  47%|████▋     | 2334/5000 [00:18<00:21, 121.91 examples/s]
Map:  47%|████▋     | 2348/5000 [00:18<00:21, 123.63 examples/s]
Map:  47%|████▋     | 2362/5000 [00:18<00:21, 124.43 examples/s]
Map:  48%|████▊     | 2376/5000 [00:18<00:20, 125.18 examples/s]
Map:  48%|████▊     | 2390/5000 [00:18<00:20, 126.81 examples/s]
Map:  48%|████▊     | 2404/5000 [00:18<00:20, 127.99 examples/s]
Map:  48%|████▊     | 2418/5000 [00:18<00:20, 128.91 examples/s]
Map:  49%|████▊     | 2432/5000 [00:19<00:19, 129.83 examples/s]
Map:  49%|████▉     | 2446/5000 [00:19<00:19, 131.16 examples/s]
Map:  49%|████▉     | 2461/5000 [00:19<00:19, 133.00 examples/s]
Map:  50%|████▉     | 2475/5000 [00:19<00:18, 133.41 examples/s]
Map:  50%|████▉     | 2489/5000 [00:19<00:18, 132.58 examples/s]
Map:  50%|█████     | 2503/5000 [00:19<00:18, 132.67 examples/s]
Map:  50%|█████     | 2517/5000 [00:19<00:18, 133.05 examples/s]
Map:  51%|█████     | 2531/5000 [00:19<00:18, 133.48 examples/s]
Map:  51%|█████     | 2545/5000 [00:19<00:18, 133.49 examples/s]
Map:  51%|█████     | 2559/5000 [00:19<00:18, 133.22 examples/s]
Map:  51%|█████▏    | 2573/5000 [00:20<00:18, 133.48 examples/s]
Map:  52%|█████▏    | 2587/5000 [00:20<00:18, 133.40 examples/s]
Map:  52%|█████▏    | 2601/5000 [00:20<00:17, 133.31 examples/s]
Map:  52%|█████▏    | 2615/5000 [00:20<00:17, 134.02 examples/s]
Map:  53%|█████▎    | 2629/5000 [00:20<00:17, 133.80 examples/s]
Map:  53%|█████▎    | 2643/5000 [00:20<00:17, 132.99 examples/s]
Map:  53%|█████▎    | 2657/5000 [00:20<00:17, 133.78 examples/s]
Map:  53%|█████▎    | 2671/5000 [00:20<00:17, 134.09 examples/s]
Map:  54%|█████▎    | 2685/5000 [00:20<00:17, 133.19 examples/s]
Map:  54%|█████▍    | 2699/5000 [00:21<00:17, 133.64 examples/s]
Map:  54%|█████▍    | 2713/5000 [00:21<00:17, 134.10 examples/s]
Map:  55%|█████▍    | 2727/5000 [00:21<00:16, 133.75 examples/s]
Map:  55%|█████▍    | 2741/5000 [00:21<00:16, 133.73 examples/s]
Map:  55%|█████▌    | 2755/5000 [00:21<00:16, 134.88 examples/s]
Map:  55%|█████▌    | 2769/5000 [00:21<00:16, 134.29 examples/s]
Map:  56%|█████▌    | 2783/5000 [00:21<00:16, 133.81 examples/s]
Map:  56%|█████▌    | 2797/5000 [00:21<00:16, 133.87 examples/s]
Map:  56%|█████▌    | 2811/5000 [00:21<00:16, 133.56 examples/s]
Map:  56%|█████▋    | 2825/5000 [00:21<00:16, 132.01 examples/s]
Map:  57%|█████▋    | 2839/5000 [00:22<00:16, 132.69 examples/s]
Map:  57%|█████▋    | 2853/5000 [00:22<00:16, 132.87 examples/s]
Map:  57%|█████▋    | 2867/5000 [00:22<00:16, 133.20 examples/s]
Map:  58%|█████▊    | 2881/5000 [00:22<00:15, 132.98 examples/s]
Map:  58%|█████▊    | 2896/5000 [00:22<00:15, 134.50 examples/s]
Map:  58%|█████▊    | 2910/5000 [00:22<00:15, 133.11 examples/s]
Map:  58%|█████▊    | 2924/5000 [00:22<00:15, 133.01 examples/s]
Map:  59%|█████▉    | 2938/5000 [00:22<00:15, 133.18 examples/s]
Map:  59%|█████▉    | 2952/5000 [00:22<00:15, 133.33 examples/s]
Map:  59%|█████▉    | 2966/5000 [00:23<00:15, 134.02 examples/s]
Map:  60%|█████▉    | 2986/5000 [00:23<00:15, 129.13 examples/s]
Map:  60%|██████    | 3000/5000 [00:23<00:18, 106.47 examples/s]
Map:  60%|██████    | 3017/5000 [00:23<00:18, 104.72 examples/s]
Map:  61%|██████    | 3031/5000 [00:23<00:17, 111.09 examples/s]
Map:  61%|██████    | 3046/5000 [00:23<00:16, 116.67 examples/s]
Map:  61%|██████    | 3060/5000 [00:23<00:16, 120.65 examples/s]
Map:  61%|██████▏   | 3074/5000 [00:23<00:15, 123.38 examples/s]
Map:  62%|██████▏   | 3088/5000 [00:24<00:15, 125.50 examples/s]
Map:  62%|██████▏   | 3102/5000 [00:24<00:14, 127.43 examples/s]
Map:  62%|██████▏   | 3116/5000 [00:24<00:14, 129.33 examples/s]
Map:  63%|██████▎   | 3130/5000 [00:24<00:14, 129.88 examples/s]
Map:  63%|██████▎   | 3144/5000 [00:24<00:14, 130.80 examples/s]
Map:  63%|██████▎   | 3158/5000 [00:24<00:14, 131.09 examples/s]
Map:  63%|██████▎   | 3172/5000 [00:24<00:13, 132.51 examples/s]
Map:  64%|██████▎   | 3186/5000 [00:24<00:13, 133.56 examples/s]
Map:  64%|██████▍   | 3200/5000 [00:24<00:13, 133.05 examples/s]
Map:  64%|██████▍   | 3214/5000 [00:25<00:13, 132.67 examples/s]
Map:  65%|██████▍   | 3228/5000 [00:25<00:13, 133.06 examples/s]
Map:  65%|██████▍   | 3242/5000 [00:25<00:13, 133.15 examples/s]
Map:  65%|██████▌   | 3256/5000 [00:25<00:13, 133.34 examples/s]
Map:  65%|██████▌   | 3270/5000 [00:25<00:12, 134.80 examples/s]
Map:  66%|██████▌   | 3284/5000 [00:25<00:12, 134.40 examples/s]
Map:  66%|██████▌   | 3298/5000 [00:25<00:12, 133.87 examples/s]
Map:  66%|██████▌   | 3312/5000 [00:25<00:12, 133.97 examples/s]
Map:  67%|██████▋   | 3326/5000 [00:25<00:12, 133.18 examples/s]
Map:  67%|██████▋   | 3340/5000 [00:25<00:12, 133.16 examples/s]
Map:  67%|██████▋   | 3354/5000 [00:26<00:12, 133.02 examples/s]
Map:  67%|██████▋   | 3368/5000 [00:26<00:12, 133.32 examples/s]
Map:  68%|██████▊   | 3382/5000 [00:26<00:12, 133.83 examples/s]
Map:  68%|██████▊   | 3397/5000 [00:26<00:11, 134.79 examples/s]
Map:  68%|██████▊   | 3411/5000 [00:26<00:11, 134.15 examples/s]
Map:  68%|██████▊   | 3425/5000 [00:26<00:11, 135.07 examples/s]
Map:  69%|██████▉   | 3439/5000 [00:26<00:11, 134.15 examples/s]
Map:  69%|██████▉   | 3453/5000 [00:26<00:11, 133.81 examples/s]
Map:  69%|██████▉   | 3467/5000 [00:26<00:11, 133.39 examples/s]
Map:  70%|██████▉   | 3481/5000 [00:27<00:11, 133.76 examples/s]
Map:  70%|██████▉   | 3495/5000 [00:27<00:11, 133.40 examples/s]
Map:  70%|███████   | 3509/5000 [00:27<00:11, 132.86 examples/s]
Map:  70%|███████   | 3523/5000 [00:27<00:11, 134.22 examples/s]
Map:  71%|███████   | 3537/5000 [00:27<00:10, 134.50 examples/s]
Map:  71%|███████   | 3551/5000 [00:27<00:10, 134.14 examples/s]
Map:  71%|███████▏  | 3565/5000 [00:27<00:10, 135.25 examples/s]
Map:  72%|███████▏  | 3579/5000 [00:27<00:10, 135.05 examples/s]
Map:  72%|███████▏  | 3594/5000 [00:27<00:10, 136.43 examples/s]
Map:  72%|███████▏  | 3608/5000 [00:27<00:10, 134.81 examples/s]
Map:  72%|███████▏  | 3622/5000 [00:28<00:10, 134.60 examples/s]
Map:  73%|███████▎  | 3636/5000 [00:28<00:10, 130.69 examples/s]
Map:  73%|███████▎  | 3650/5000 [00:28<00:10, 130.74 examples/s]
Map:  73%|███████▎  | 3664/5000 [00:28<00:10, 130.88 examples/s]
Map:  74%|███████▎  | 3678/5000 [00:28<00:09, 132.58 examples/s]
Map:  74%|███████▍  | 3692/5000 [00:28<00:09, 132.23 examples/s]
Map:  74%|███████▍  | 3706/5000 [00:28<00:09, 132.69 examples/s]
Map:  74%|███████▍  | 3720/5000 [00:28<00:09, 133.84 examples/s]
Map:  75%|███████▍  | 3734/5000 [00:28<00:09, 135.06 examples/s]
Map:  75%|███████▍  | 3748/5000 [00:29<00:09, 134.57 examples/s]
Map:  75%|███████▌  | 3762/5000 [00:29<00:09, 133.99 examples/s]
Map:  76%|███████▌  | 3776/5000 [00:29<00:09, 134.31 examples/s]
Map:  76%|███████▌  | 3790/5000 [00:29<00:08, 134.51 examples/s]
Map:  76%|███████▌  | 3804/5000 [00:29<00:09, 132.78 examples/s]
Map:  76%|███████▋  | 3818/5000 [00:29<00:08, 133.31 examples/s]
Map:  77%|███████▋  | 3832/5000 [00:29<00:08, 134.09 examples/s]
Map:  77%|███████▋  | 3846/5000 [00:29<00:08, 133.64 examples/s]
Map:  77%|███████▋  | 3861/5000 [00:29<00:08, 134.84 examples/s]
Map:  78%|███████▊  | 3875/5000 [00:29<00:08, 135.72 examples/s]
Map:  78%|███████▊  | 3889/5000 [00:30<00:08, 135.42 examples/s]
Map:  78%|███████▊  | 3903/5000 [00:30<00:08, 135.39 examples/s]
Map:  78%|███████▊  | 3917/5000 [00:30<00:08, 134.34 examples/s]
Map:  79%|███████▊  | 3931/5000 [00:30<00:07, 134.14 examples/s]
Map:  79%|███████▉  | 3945/5000 [00:30<00:07, 133.61 examples/s]
Map:  79%|███████▉  | 3959/5000 [00:30<00:07, 132.71 examples/s]
Map:  79%|███████▉  | 3973/5000 [00:30<00:07, 132.58 examples/s]
Map:  80%|███████▉  | 3987/5000 [00:30<00:07, 133.44 examples/s]
Map:  80%|████████  | 4004/5000 [00:31<00:09, 101.70 examples/s]
Map:  80%|████████  | 4017/5000 [00:31<00:09, 106.98 examples/s]
Map:  81%|████████  | 4031/5000 [00:31<00:08, 113.07 examples/s]
Map:  81%|████████  | 4045/5000 [00:31<00:08, 118.26 examples/s]
Map:  81%|████████  | 4059/5000 [00:31<00:07, 122.20 examples/s]
Map:  81%|████████▏ | 4073/5000 [00:31<00:07, 125.07 examples/s]
Map:  82%|████████▏ | 4087/5000 [00:31<00:07, 128.54 examples/s]
Map:  82%|████████▏ | 4102/5000 [00:31<00:06, 131.56 examples/s]
Map:  82%|████████▏ | 4116/5000 [00:31<00:06, 131.52 examples/s]
Map:  83%|████████▎ | 4130/5000 [00:32<00:06, 132.07 examples/s]
Map:  83%|████████▎ | 4144/5000 [00:32<00:06, 131.95 examples/s]
Map:  83%|████████▎ | 4158/5000 [00:32<00:06, 131.88 examples/s]
Map:  83%|████████▎ | 4172/5000 [00:32<00:06, 129.66 examples/s]
Map:  84%|████████▎ | 4186/5000 [00:32<00:06, 131.09 examples/s]
Map:  84%|████████▍ | 4200/5000 [00:32<00:06, 130.99 examples/s]
Map:  84%|████████▍ | 4214/5000 [00:32<00:05, 132.00 examples/s]
Map:  85%|████████▍ | 4228/5000 [00:32<00:05, 132.35 examples/s]
Map:  85%|████████▍ | 4242/5000 [00:32<00:05, 132.52 examples/s]
Map:  85%|████████▌ | 4256/5000 [00:32<00:05, 133.13 examples/s]
Map:  85%|████████▌ | 4270/5000 [00:33<00:05, 133.14 examples/s]
Map:  86%|████████▌ | 4284/5000 [00:33<00:05, 131.78 examples/s]
Map:  86%|████████▌ | 4298/5000 [00:33<00:05, 130.53 examples/s]
Map:  86%|████████▌ | 4312/5000 [00:33<00:05, 131.34 examples/s]
Map:  87%|████████▋ | 4326/5000 [00:33<00:05, 132.87 examples/s]
Map:  87%|████████▋ | 4340/5000 [00:33<00:04, 132.80 examples/s]
Map:  87%|████████▋ | 4354/5000 [00:33<00:04, 132.11 examples/s]
Map:  87%|████████▋ | 4368/5000 [00:33<00:04, 133.44 examples/s]
Map:  88%|████████▊ | 4382/5000 [00:33<00:04, 132.95 examples/s]
Map:  88%|████████▊ | 4396/5000 [00:34<00:04, 133.28 examples/s]
Map:  88%|████████▊ | 4410/5000 [00:34<00:04, 133.25 examples/s]
Map:  88%|████████▊ | 4424/5000 [00:34<00:04, 133.60 examples/s]
Map:  89%|████████▉ | 4438/5000 [00:34<00:04, 132.89 examples/s]
Map:  89%|████████▉ | 4452/5000 [00:34<00:04, 132.82 examples/s]
Map:  89%|████████▉ | 4466/5000 [00:34<00:03, 133.73 examples/s]
Map:  90%|████████▉ | 4480/5000 [00:34<00:03, 134.14 examples/s]
Map:  90%|████████▉ | 4494/5000 [00:34<00:03, 135.09 examples/s]
Map:  90%|█████████ | 4508/5000 [00:34<00:03, 135.71 examples/s]
Map:  90%|█████████ | 4522/5000 [00:34<00:03, 135.94 examples/s]
Map:  91%|█████████ | 4537/5000 [00:35<00:03, 137.17 examples/s]
Map:  91%|█████████ | 4551/5000 [00:35<00:03, 136.82 examples/s]
Map:  91%|█████████▏| 4565/5000 [00:35<00:03, 136.64 examples/s]
Map:  92%|█████████▏| 4579/5000 [00:35<00:03, 136.32 examples/s]
Map:  92%|█████████▏| 4593/5000 [00:35<00:02, 136.39 examples/s]
Map:  92%|█████████▏| 4607/5000 [00:35<00:02, 135.05 examples/s]
Map:  92%|█████████▏| 4621/5000 [00:35<00:02, 134.90 examples/s]
Map:  93%|█████████▎| 4635/5000 [00:35<00:02, 135.20 examples/s]
Map:  93%|█████████▎| 4649/5000 [00:35<00:02, 134.24 examples/s]
Map:  93%|█████████▎| 4663/5000 [00:35<00:02, 134.20 examples/s]
Map:  94%|█████████▎| 4677/5000 [00:36<00:02, 133.56 examples/s]
Map:  94%|█████████▍| 4691/5000 [00:36<00:02, 132.85 examples/s]
Map:  94%|█████████▍| 4705/5000 [00:36<00:02, 133.00 examples/s]
Map:  94%|█████████▍| 4719/5000 [00:36<00:02, 132.73 examples/s]
Map:  95%|█████████▍| 4733/5000 [00:36<00:01, 133.78 examples/s]
Map:  95%|█████████▍| 4747/5000 [00:36<00:01, 134.13 examples/s]
Map:  95%|█████████▌| 4761/5000 [00:36<00:01, 134.06 examples/s]
Map:  96%|█████████▌| 4775/5000 [00:36<00:01, 133.35 examples/s]
Map:  96%|█████████▌| 4789/5000 [00:36<00:01, 133.76 examples/s]
Map:  96%|█████████▌| 4803/5000 [00:37<00:01, 134.00 examples/s]
Map:  96%|█████████▋| 4817/5000 [00:37<00:01, 133.52 examples/s]
Map:  97%|█████████▋| 4831/5000 [00:37<00:01, 134.35 examples/s]
Map:  97%|█████████▋| 4845/5000 [00:37<00:01, 133.41 examples/s]
Map:  97%|█████████▋| 4859/5000 [00:37<00:01, 132.92 examples/s]
Map:  97%|█████████▋| 4873/5000 [00:37<00:00, 131.52 examples/s]
Map:  98%|█████████▊| 4887/5000 [00:37<00:00, 132.18 examples/s]
Map:  98%|█████████▊| 4901/5000 [00:37<00:00, 132.11 examples/s]
Map:  98%|█████████▊| 4915/5000 [00:37<00:00, 133.21 examples/s]
Map:  99%|█████████▊| 4929/5000 [00:37<00:00, 134.19 examples/s]
Map:  99%|█████████▉| 4943/5000 [00:38<00:00, 132.75 examples/s]
Map:  99%|█████████▉| 4957/5000 [00:38<00:00, 129.41 examples/s]
Map:  99%|█████████▉| 4971/5000 [00:38<00:00, 130.21 examples/s]
Map: 100%|█████████▉| 4985/5000 [00:38<00:00, 131.97 examples/s]
Map: 100%|█████████▉| 4999/5000 [00:38<00:00, 131.77 examples/s]
Map: 100%|██████████| 5000/5000 [00:38<00:00, 129.21 examples/s]

Map:   0%|          | 0/500 [00:00<?, ? examples/s]
Map:   3%|▎         | 14/500 [00:00<00:03, 129.28 examples/s]
Map:   6%|▌         | 28/500 [00:00<00:03, 130.95 examples/s]
Map:   8%|▊         | 42/500 [00:00<00:03, 132.61 examples/s]
Map:  11%|█         | 56/500 [00:00<00:03, 132.37 examples/s]
Map:  14%|█▍        | 70/500 [00:00<00:03, 132.80 examples/s]
Map:  17%|█▋        | 84/500 [00:00<00:03, 133.01 examples/s]
Map:  20%|█▉        | 98/500 [00:00<00:03, 132.14 examples/s]
Map:  24%|██▎       | 118/500 [00:00<00:02, 129.61 examples/s]
Map:  26%|██▋       | 132/500 [00:01<00:02, 130.64 examples/s]
Map:  29%|██▉       | 146/500 [00:01<00:02, 131.75 examples/s]
Map:  32%|███▏      | 160/500 [00:01<00:02, 132.21 examples/s]
Map:  35%|███▍      | 174/500 [00:01<00:02, 133.32 examples/s]
Map:  38%|███▊      | 188/500 [00:01<00:02, 132.87 examples/s]
Map:  40%|████      | 202/500 [00:01<00:02, 132.15 examples/s]
Map:  43%|████▎     | 216/500 [00:01<00:02, 132.32 examples/s]
Map:  46%|████▌     | 230/500 [00:01<00:02, 133.26 examples/s]
Map:  49%|████▉     | 244/500 [00:01<00:01, 131.62 examples/s]
Map:  52%|█████▏    | 258/500 [00:01<00:01, 131.92 examples/s]
Map:  54%|█████▍    | 272/500 [00:02<00:01, 132.63 examples/s]
Map:  57%|█████▋    | 286/500 [00:02<00:01, 133.17 examples/s]
Map:  60%|██████    | 300/500 [00:02<00:01, 133.72 examples/s]
Map:  63%|██████▎   | 314/500 [00:02<00:01, 133.11 examples/s]
Map:  66%|██████▌   | 328/500 [00:02<00:01, 132.71 examples/s]
Map:  68%|██████▊   | 342/500 [00:02<00:01, 133.67 examples/s]
Map:  71%|███████   | 356/500 [00:02<00:01, 133.14 examples/s]
Map:  74%|███████▍  | 370/500 [00:02<00:00, 133.81 examples/s]
Map:  77%|███████▋  | 384/500 [00:02<00:00, 133.07 examples/s]
Map:  80%|███████▉  | 399/500 [00:03<00:00, 134.38 examples/s]
Map:  83%|████████▎ | 413/500 [00:03<00:00, 134.45 examples/s]
Map:  85%|████████▌ | 427/500 [00:03<00:00, 134.54 examples/s]
Map:  88%|████████▊ | 441/500 [00:03<00:00, 134.61 examples/s]
Map:  91%|█████████ | 455/500 [00:03<00:00, 134.04 examples/s]
Map:  94%|█████████▍| 469/500 [00:03<00:00, 134.87 examples/s]
Map:  97%|█████████▋| 483/500 [00:03<00:00, 134.38 examples/s]
Map:  99%|█████████▉| 497/500 [00:03<00:00, 134.78 examples/s]
Map: 100%|██████████| 500/500 [00:03<00:00, 130.39 examples/s]

Filter:   0%|          | 0/5000 [00:00<?, ? examples/s]
Filter:  20%|██        | 1000/5000 [00:15<01:01, 65.46 examples/s]
Filter:  20%|██        | 1000/5000 [00:30<01:01, 65.46 examples/s]
Filter:  40%|████      | 2000/5000 [00:31<00:47, 63.26 examples/s]
Filter:  40%|████      | 2000/5000 [00:46<00:47, 63.26 examples/s]
Filter:  60%|██████    | 3000/5000 [00:46<00:31, 63.86 examples/s]
Filter:  60%|██████    | 3000/5000 [01:02<00:31, 63.86 examples/s]
Filter:  80%|████████  | 4000/5000 [01:02<00:15, 63.76 examples/s]
Filter:  80%|████████  | 4000/5000 [01:17<00:15, 63.76 examples/s]
Filter: 100%|██████████| 5000/5000 [01:18<00:00, 63.71 examples/s]
Filter: 100%|██████████| 5000/5000 [01:18<00:00, 63.79 examples/s]

Filter:   0%|          | 0/500 [00:00<?, ? examples/s]
Filter: 100%|██████████| 500/500 [00:07<00:00, 66.06 examples/s]
Filter: 100%|██████████| 500/500 [00:07<00:00, 66.05 examples/s]
clip-length cap 10.0s: train 5000->4974, eval 500->493

Loading weights:   0%|          | 0/422 [00:00<?, ?it/s]
Loading weights: 100%|██████████| 422/422 [00:00<00:00, 36394.96it/s]
[transformers] [1mData2VecAudioForCTC LOAD REPORT[0m from: facebook/data2vec-audio-large
Key            | Status  | 
---------------+---------+-
lm_head.bias   | MISSING | 
lm_head.weight | MISSING | 

Notes:
- MISSING:	those params were newly initialized because missing from the checkpoint. Consider training on your downstream task.
[transformers] warmup_ratio is deprecated and will be removed in v5.2. Use `warmup_steps` instead.

  0%|          | 0/622 [00:00<?, ?it/s]/Users/mulisamusehane/Documents/GitHub/MultilingualASR/.venv/lib/python3.12/site-packages/torch/utils/data/dataloader.py:759: UserWarning: 'pin_memory' argument is set as true but not supported on MPS now, device pinned memory won't be used.
  super().__init__(loader)
/Users/mulisamusehane/Documents/GitHub/MultilingualASR/.venv/lib/python3.12/site-packages/torch/nn/functional.py:3159: UserWarning: The operator 'aten::_ctc_loss' is not currently supported on the MPS backend and will fall back to run on the CPU. This may have performance implications. (Triggered internally at /Users/runner/work/pytorch/pytorch/aten/src/ATen/mps/MPSFallback.mm:34.)
  return torch.ctc_loss(

  0%|          | 1/622 [00:09<1:35:19,  9.21s/it]
  0%|          | 2/622 [00:18<1:34:10,  9.11s/it]
  0%|          | 3/622 [00:27<1:35:40,  9.27s/it]
  1%|          | 4/622 [00:36<1:33:02,  9.03s/it]
  1%|          | 5/622 [00:45<1:33:26,  9.09s/it]
  1%|          | 6/622 [00:58<1:45:29, 10.28s/it]
  1%|          | 7/622 [01:07<1:43:09, 10.06s/it]
  1%|▏         | 8/622 [01:17<1:41:15,  9.89s/it]
  1%|▏         | 9/622 [01:26<1:37:43,  9.57s/it]
  2%|▏         | 10/622 [01:36<1:39:52,  9.79s/it]
  2%|▏         | 11/622 [01:47<1:42:27, 10.06s/it]
  2%|▏         | 12/622 [01:57<1:44:03, 10.23s/it]
  2%|▏         | 13/622 [02:06<1:38:49,  9.74s/it]
  2%|▏         | 14/622 [02:15<1:35:55,  9.47s/it]
  2%|▏         | 15/622 [02:22<1:29:30,  8.85s/it]
  3%|▎         | 16/622 [02:32<1:33:32,  9.26s/it]
  3%|▎         | 17/622 [02:42<1:33:25,  9.27s/it]
  3%|▎         | 18/622 [02:52<1:35:55,  9.53s/it]
  3%|▎         | 19/622 [03:02<1:37:30,  9.70s/it]
  3%|▎         | 20/622 [03:11<1:34:14,  9.39s/it]
                                                  

  3%|▎         | 20/622 [03:11<1:34:14,  9.39s/it]
  3%|▎         | 21/622 [03:19<1:31:55,  9.18s/it]
  4%|▎         | 22/622 [03:30<1:37:12,  9.72s/it]
  4%|▎         | 23/622 [03:40<1:36:02,  9.62s/it]
  4%|▍         | 24/622 [03:48<1:32:59,  9.33s/it]
  4%|▍         | 25/622 [03:58<1:34:38,  9.51s/it]
  4%|▍         | 26/622 [04:08<1:36:40,  9.73s/it]
  4%|▍         | 27/622 [04:18<1:35:44,  9.65s/it]
  5%|▍         | 28/622 [04:27<1:33:58,  9.49s/it]
  5%|▍         | 29/622 [04:39<1:40:33, 10.17s/it]
  5%|▍         | 30/622 [04:50<1:42:36, 10.40s/it]
  5%|▍         | 31/622 [04:58<1:37:45,  9.92s/it]
  5%|▌         | 32/622 [05:11<1:43:43, 10.55s/it]
  5%|▌         | 33/622 [05:20<1:39:02, 10.09s/it]
  5%|▌         | 34/622 [05:28<1:34:23,  9.63s/it]
  6%|▌         | 35/622 [05:38<1:34:35,  9.67s/it]
  6%|▌         | 36/622 [05:47<1:34:02,  9.63s/it]
  6%|▌         | 37/622 [05:55<1:28:37,  9.09s/it]
  6%|▌         | 38/622 [06:04<1:28:20,  9.08s/it]
  6%|▋         | 39/622 [06:16<1:36:22,  9.92s/it]
  6%|▋         | 40/622 [06:27<1:38:12, 10.12s/it]
                                                  

  6%|▋         | 40/622 [06:27<1:38:12, 10.12s/it]
  7%|▋         | 41/622 [06:36<1:36:21,  9.95s/it]
  7%|▋         | 42/622 [06:47<1:38:35, 10.20s/it]
  7%|▋         | 43/622 [06:59<1:44:28, 10.83s/it]
  7%|▋         | 44/622 [07:11<1:46:34, 11.06s/it]
  7%|▋         | 45/622 [07:21<1:42:50, 10.69s/it]
  7%|▋         | 46/622 [07:32<1:42:42, 10.70s/it]
  8%|▊         | 47/622 [07:39<1:33:51,  9.79s/it]
  8%|▊         | 48/622 [07:48<1:32:00,  9.62s/it]
  8%|▊         | 49/622 [07:59<1:33:53,  9.83s/it]
  8%|▊         | 50/622 [08:08<1:31:59,  9.65s/it]
  8%|▊         | 51/622 [08:17<1:29:24,  9.40s/it]
  8%|▊         | 52/622 [08:27<1:31:34,  9.64s/it]
  9%|▊         | 53/622 [08:35<1:27:34,  9.24s/it]
  9%|▊         | 54/622 [08:45<1:29:03,  9.41s/it]
  9%|▉         | 55/622 [08:55<1:29:49,  9.51s/it]
  9%|▉         | 56/622 [09:06<1:35:16, 10.10s/it]
  9%|▉         | 57/622 [09:15<1:31:31,  9.72s/it]
  9%|▉         | 58/622 [09:24<1:28:46,  9.44s/it]
  9%|▉         | 59/622 [09:32<1:23:43,  8.92s/it]
 10%|▉         | 60/622 [09:43<1:30:02,  9.61s/it]
                                                  

 10%|▉         | 60/622 [09:43<1:30:02,  9.61s/it]
 10%|▉         | 61/622 [09:53<1:32:18,  9.87s/it]
 10%|▉         | 62/622 [10:03<1:32:10,  9.88s/it]
 10%|█         | 63/622 [10:15<1:37:33, 10.47s/it]
 10%|█         | 64/622 [10:24<1:32:55,  9.99s/it]
 10%|█         | 65/622 [10:35<1:34:52, 10.22s/it]
 11%|█         | 66/622 [10:44<1:33:11, 10.06s/it]
 11%|█         | 67/622 [10:55<1:33:19, 10.09s/it]
 11%|█         | 68/622 [11:04<1:32:20, 10.00s/it]
 11%|█         | 69/622 [11:15<1:32:42, 10.06s/it]
 11%|█▏        | 70/622 [11:25<1:34:01, 10.22s/it]
 11%|█▏        | 71/622 [11:35<1:33:39, 10.20s/it]
 12%|█▏        | 72/622 [11:44<1:30:17,  9.85s/it]
 12%|█▏        | 73/622 [11:52<1:24:05,  9.19s/it]
 12%|█▏        | 74/622 [12:03<1:27:48,  9.61s/it]
 12%|█▏        | 75/622 [12:13<1:29:20,  9.80s/it]
 12%|█▏        | 76/622 [12:23<1:30:52,  9.99s/it]
 12%|█▏        | 77/622 [12:32<1:28:20,  9.73s/it]
 13%|█▎        | 78/622 [12:41<1:25:13,  9.40s/it]
 13%|█▎        | 79/622 [12:50<1:24:09,  9.30s/it]
 13%|█▎        | 80/622 [13:00<1:24:46,  9.38s/it]
                                                  

 13%|█▎        | 80/622 [13:00<1:24:46,  9.38s/it]
 13%|█▎        | 81/622 [13:09<1:24:34,  9.38s/it]
 13%|█▎        | 82/622 [13:20<1:29:38,  9.96s/it]
 13%|█▎        | 83/622 [13:30<1:27:30,  9.74s/it]
 14%|█▎        | 84/622 [13:40<1:30:30, 10.09s/it]
 14%|█▎        | 85/622 [13:49<1:26:47,  9.70s/it]
 14%|█▍        | 86/622 [13:59<1:27:20,  9.78s/it]
 14%|█▍        | 87/622 [14:09<1:27:18,  9.79s/it]
 14%|█▍        | 88/622 [14:17<1:21:35,  9.17s/it]
 14%|█▍        | 89/622 [14:27<1:24:57,  9.56s/it]
 14%|█▍        | 90/622 [14:38<1:28:12,  9.95s/it]
 15%|█▍        | 91/622 [14:48<1:28:29, 10.00s/it]
 15%|█▍        | 92/622 [14:58<1:27:21,  9.89s/it]
 15%|█▍        | 93/622 [15:08<1:28:58, 10.09s/it]
 15%|█▌        | 94/622 [15:18<1:26:45,  9.86s/it]
 15%|█▌        | 95/622 [15:27<1:24:38,  9.64s/it]
 15%|█▌        | 96/622 [15:36<1:23:13,  9.49s/it]
 16%|█▌        | 97/622 [15:45<1:21:50,  9.35s/it]
 16%|█▌        | 98/622 [15:54<1:19:53,  9.15s/it]
 16%|█▌        | 99/622 [16:02<1:17:10,  8.85s/it]
 16%|█▌        | 100/622 [16:11<1:17:38,  8.92s/it]
                                                   

 16%|█▌        | 100/622 [16:11<1:17:38,  8.92s/it]
 16%|█▌        | 101/622 [16:21<1:20:05,  9.22s/it]
 16%|█▋        | 102/622 [16:31<1:21:07,  9.36s/it]
 17%|█▋        | 103/622 [16:42<1:25:52,  9.93s/it]
 17%|█▋        | 104/622 [16:50<1:21:46,  9.47s/it]
 17%|█▋        | 105/622 [16:59<1:19:02,  9.17s/it]
 17%|█▋        | 106/622 [17:07<1:17:26,  9.00s/it]
 17%|█▋        | 107/622 [17:18<1:21:19,  9.48s/it]
 17%|█▋        | 108/622 [17:29<1:24:35,  9.88s/it]
 18%|█▊        | 109/622 [17:38<1:24:06,  9.84s/it]
 18%|█▊        | 110/622 [17:48<1:23:11,  9.75s/it]
 18%|█▊        | 111/622 [17:57<1:21:26,  9.56s/it]
 18%|█▊        | 112/622 [18:07<1:21:36,  9.60s/it]
 18%|█▊        | 113/622 [18:15<1:18:42,  9.28s/it]
 18%|█▊        | 114/622 [18:23<1:15:06,  8.87s/it]
 18%|█▊        | 115/622 [18:34<1:20:58,  9.58s/it]
 19%|█▊        | 116/622 [18:43<1:18:58,  9.37s/it]
 19%|█▉        | 117/622 [18:52<1:17:31,  9.21s/it]
 19%|█▉        | 118/622 [19:03<1:21:50,  9.74s/it]
 19%|█▉        | 119/622 [19:14<1:24:09, 10.04s/it]
 19%|█▉        | 120/622 [19:23<1:21:36,  9.75s/it]
                                                   

 19%|█▉        | 120/622 [19:24<1:21:36,  9.75s/it]
 19%|█▉        | 121/622 [19:32<1:20:11,  9.60s/it]
 20%|█▉        | 122/622 [19:42<1:19:33,  9.55s/it]
 20%|█▉        | 123/622 [19:53<1:24:51, 10.20s/it]
 20%|█▉        | 124/622 [20:02<1:20:23,  9.68s/it]
 20%|██        | 125/622 [20:13<1:23:27, 10.08s/it]
 20%|██        | 126/622 [20:22<1:22:17,  9.95s/it]
 20%|██        | 127/622 [20:33<1:23:03, 10.07s/it]
 21%|██        | 128/622 [20:42<1:21:10,  9.86s/it]
 21%|██        | 129/622 [20:51<1:18:15,  9.52s/it]
 21%|██        | 130/622 [21:01<1:19:56,  9.75s/it]
 21%|██        | 131/622 [21:11<1:20:43,  9.86s/it]
 21%|██        | 132/622 [21:22<1:23:02, 10.17s/it]
 21%|██▏       | 133/622 [21:32<1:21:18,  9.98s/it]
 22%|██▏       | 134/622 [21:41<1:19:57,  9.83s/it]
 22%|██▏       | 135/622 [21:51<1:19:29,  9.79s/it]
 22%|██▏       | 136/622 [22:02<1:22:58, 10.24s/it]
 22%|██▏       | 137/622 [22:13<1:24:08, 10.41s/it]
 22%|██▏       | 138/622 [22:24<1:25:27, 10.59s/it]
 22%|██▏       | 139/622 [22:33<1:21:39, 10.14s/it]
 23%|██▎       | 140/622 [22:42<1:18:39,  9.79s/it]
                                                   

 23%|██▎       | 140/622 [22:43<1:18:39,  9.79s/it]
 23%|██▎       | 141/622 [22:53<1:21:55, 10.22s/it]
 23%|██▎       | 142/622 [23:04<1:22:43, 10.34s/it]
 23%|██▎       | 143/622 [23:14<1:22:50, 10.38s/it]
 23%|██▎       | 144/622 [23:26<1:24:53, 10.66s/it]
 23%|██▎       | 145/622 [23:35<1:22:11, 10.34s/it]
 23%|██▎       | 146/622 [23:45<1:20:12, 10.11s/it]
 24%|██▎       | 147/622 [23:57<1:24:05, 10.62s/it]
 24%|██▍       | 148/622 [24:07<1:22:41, 10.47s/it]
 24%|██▍       | 149/622 [24:17<1:20:58, 10.27s/it]
 24%|██▍       | 150/622 [24:28<1:22:25, 10.48s/it]
 24%|██▍       | 151/622 [24:37<1:19:07, 10.08s/it]
 24%|██▍       | 152/622 [24:47<1:20:04, 10.22s/it]
 25%|██▍       | 153/622 [24:58<1:20:39, 10.32s/it]
 25%|██▍       | 154/622 [25:11<1:27:25, 11.21s/it]
 25%|██▍       | 155/622 [25:20<1:21:37, 10.49s/it]
 25%|██▌       | 156/622 [25:29<1:18:11, 10.07s/it]
 25%|██▌       | 157/622 [25:38<1:14:26,  9.61s/it]
 25%|██▌       | 158/622 [25:47<1:13:45,  9.54s/it]
 26%|██▌       | 159/622 [25:56<1:12:58,  9.46s/it]
 26%|██▌       | 160/622 [26:04<1:09:50,  9.07s/it]
                                                   

 26%|██▌       | 160/622 [26:05<1:09:50,  9.07s/it]
 26%|██▌       | 161/622 [26:16<1:14:27,  9.69s/it]
 26%|██▌       | 162/622 [26:26<1:15:50,  9.89s/it]
 26%|██▌       | 163/622 [26:37<1:17:39, 10.15s/it]
 26%|██▋       | 164/622 [26:46<1:15:41,  9.92s/it]
 27%|██▋       | 165/622 [26:57<1:18:07, 10.26s/it]
 27%|██▋       | 166/622 [27:06<1:15:08,  9.89s/it]
 27%|██▋       | 167/622 [27:17<1:18:24, 10.34s/it]
 27%|██▋       | 168/622 [27:26<1:15:11,  9.94s/it]
 27%|██▋       | 169/622 [27:35<1:12:48,  9.64s/it]
 27%|██▋       | 170/622 [27:46<1:14:00,  9.82s/it]
 27%|██▋       | 171/622 [27:55<1:12:32,  9.65s/it]
 28%|██▊       | 172/622 [28:06<1:14:44,  9.97s/it]
 28%|██▊       | 173/622 [28:17<1:18:16, 10.46s/it]
 28%|██▊       | 174/622 [28:27<1:17:06, 10.33s/it]
 28%|██▊       | 175/622 [28:37<1:16:41, 10.29s/it]
 28%|██▊       | 176/622 [28:47<1:14:24, 10.01s/it]
 28%|██▊       | 177/622 [28:56<1:11:56,  9.70s/it]
 29%|██▊       | 178/622 [29:05<1:11:42,  9.69s/it]
 29%|██▉       | 179/622 [29:14<1:10:02,  9.49s/it]
 29%|██▉       | 180/622 [29:24<1:09:54,  9.49s/it]
                                                   

 29%|██▉       | 180/622 [29:25<1:09:54,  9.49s/it]
 29%|██▉       | 181/622 [29:33<1:09:38,  9.47s/it]
 29%|██▉       | 182/622 [29:45<1:14:16, 10.13s/it]
 29%|██▉       | 183/622 [29:55<1:12:50,  9.96s/it]
 30%|██▉       | 184/622 [30:06<1:15:33, 10.35s/it]
 30%|██▉       | 185/622 [30:16<1:15:01, 10.30s/it]
 30%|██▉       | 186/622 [30:25<1:10:58,  9.77s/it]
 30%|███       | 187/622 [30:35<1:12:03,  9.94s/it]
 30%|███       | 188/622 [30:44<1:10:50,  9.79s/it]
 30%|███       | 189/622 [30:53<1:07:55,  9.41s/it]
 31%|███       | 190/622 [31:02<1:06:21,  9.22s/it]
 31%|███       | 191/622 [31:13<1:10:22,  9.80s/it]
 31%|███       | 192/622 [31:22<1:08:57,  9.62s/it]
 31%|███       | 193/622 [31:31<1:07:01,  9.37s/it]
 31%|███       | 194/622 [31:40<1:05:34,  9.19s/it]
 31%|███▏      | 195/622 [31:51<1:09:31,  9.77s/it]
 32%|███▏      | 196/622 [31:59<1:07:08,  9.46s/it]
 32%|███▏      | 197/622 [32:11<1:10:57, 10.02s/it]
 32%|███▏      | 198/622 [32:21<1:11:04, 10.06s/it]
 32%|███▏      | 199/622 [32:30<1:07:47,  9.62s/it]
 32%|███▏      | 200/622 [32:39<1:08:23,  9.72s/it]
                                                   

 32%|███▏      | 200/622 [32:40<1:08:23,  9.72s/it]
 32%|███▏      | 201/622 [32:50<1:10:11, 10.00s/it]
 32%|███▏      | 202/622 [32:59<1:07:21,  9.62s/it]
 33%|███▎      | 203/622 [33:11<1:12:22, 10.37s/it]
 33%|███▎      | 204/622 [33:24<1:17:29, 11.12s/it]
 33%|███▎      | 205/622 [33:34<1:16:06, 10.95s/it]
 33%|███▎      | 206/622 [33:45<1:14:10, 10.70s/it]
 33%|███▎      | 207/622 [33:53<1:09:11, 10.00s/it]
 33%|███▎      | 208/622 [34:02<1:07:44,  9.82s/it]
 34%|███▎      | 209/622 [34:12<1:07:08,  9.75s/it]
 34%|███▍      | 210/622 [34:20<1:04:04,  9.33s/it]
 34%|███▍      | 211/622 [34:30<1:04:01,  9.35s/it]
 34%|███▍      | 212/622 [34:38<1:02:48,  9.19s/it]
 34%|███▍      | 213/622 [34:47<1:01:18,  8.99s/it]
 34%|███▍      | 214/622 [34:59<1:07:55,  9.99s/it]
 35%|███▍      | 215/622 [35:09<1:06:35,  9.82s/it]
 35%|███▍      | 216/622 [35:18<1:06:02,  9.76s/it]
 35%|███▍      | 217/622 [35:29<1:08:01, 10.08s/it]
 35%|███▌      | 218/622 [35:39<1:06:54,  9.94s/it]
 35%|███▌      | 219/622 [35:48<1:05:00,  9.68s/it]
 35%|███▌      | 220/622 [35:56<1:01:44,  9.21s/it]
                                                   

 35%|███▌      | 220/622 [35:57<1:01:44,  9.21s/it]
 36%|███▌      | 221/622 [36:07<1:04:29,  9.65s/it]
 36%|███▌      | 222/622 [36:15<1:01:05,  9.16s/it]
 36%|███▌      | 223/622 [36:25<1:03:04,  9.48s/it]
 36%|███▌      | 224/622 [36:36<1:05:51,  9.93s/it]
 36%|███▌      | 225/622 [36:46<1:05:27,  9.89s/it]
 36%|███▋      | 226/622 [36:55<1:03:23,  9.61s/it]
 36%|███▋      | 227/622 [37:05<1:04:06,  9.74s/it]
 37%|███▋      | 228/622 [37:15<1:04:53,  9.88s/it]
 37%|███▋      | 229/622 [37:26<1:07:38, 10.33s/it]
 37%|███▋      | 230/622 [37:37<1:07:33, 10.34s/it]
 37%|███▋      | 231/622 [37:48<1:08:42, 10.54s/it]
 37%|███▋      | 232/622 [37:58<1:08:06, 10.48s/it]
 37%|███▋      | 233/622 [38:05<1:01:31,  9.49s/it]
 38%|███▊      | 234/622 [38:15<1:02:01,  9.59s/it]
 38%|███▊      | 235/622 [38:27<1:05:53, 10.22s/it]
 38%|███▊      | 236/622 [38:37<1:05:04, 10.12s/it]
 38%|███▊      | 237/622 [38:47<1:05:11, 10.16s/it]
 38%|███▊      | 238/622 [38:56<1:02:52,  9.83s/it]
 38%|███▊      | 239/622 [39:05<1:00:38,  9.50s/it]
 39%|███▊      | 240/622 [39:14<1:01:09,  9.61s/it]
                                                   

 39%|███▊      | 240/622 [39:15<1:01:09,  9.61s/it]
 39%|███▊      | 241/622 [39:25<1:03:14,  9.96s/it]
 39%|███▉      | 242/622 [39:35<1:02:21,  9.85s/it]
 39%|███▉      | 243/622 [39:45<1:02:28,  9.89s/it]
 39%|███▉      | 244/622 [39:56<1:03:59, 10.16s/it]
 39%|███▉      | 245/622 [40:09<1:09:30, 11.06s/it]
 40%|███▉      | 246/622 [40:18<1:06:49, 10.66s/it]
 40%|███▉      | 247/622 [40:29<1:06:08, 10.58s/it]
 40%|███▉      | 248/622 [40:40<1:06:33, 10.68s/it]
 40%|████      | 249/622 [40:48<1:02:22, 10.03s/it]
 40%|████      | 250/622 [40:57<59:18,  9.57s/it]  
 40%|████      | 251/622 [41:09<1:03:43, 10.30s/it]
 41%|████      | 252/622 [41:17<59:43,  9.68s/it]  
 41%|████      | 253/622 [41:26<58:04,  9.44s/it]
 41%|████      | 254/622 [41:35<56:44,  9.25s/it]
 41%|████      | 255/622 [41:44<56:27,  9.23s/it]
 41%|████      | 256/622 [41:52<55:10,  9.04s/it]
 41%|████▏     | 257/622 [42:01<53:36,  8.81s/it]
 41%|████▏     | 258/622 [42:11<56:14,  9.27s/it]
 42%|████▏     | 259/622 [42:22<58:23,  9.65s/it]
 42%|████▏     | 260/622 [42:32<59:40,  9.89s/it]
                                                 

 42%|████▏     | 260/622 [42:33<59:40,  9.89s/it]
 42%|████▏     | 261/622 [42:42<58:44,  9.76s/it]
 42%|████▏     | 262/622 [42:50<55:29,  9.25s/it]
 42%|████▏     | 263/622 [42:59<56:19,  9.41s/it]
 42%|████▏     | 264/622 [43:09<57:07,  9.57s/it]
 43%|████▎     | 265/622 [43:18<55:12,  9.28s/it]
 43%|████▎     | 266/622 [43:29<57:36,  9.71s/it]
 43%|████▎     | 267/622 [43:39<59:12, 10.01s/it]
 43%|████▎     | 268/622 [43:48<55:47,  9.46s/it]
 43%|████▎     | 269/622 [43:57<56:20,  9.58s/it]
 43%|████▎     | 270/622 [44:10<1:00:58, 10.39s/it]
 44%|████▎     | 271/622 [44:21<1:01:38, 10.54s/it]
 44%|████▎     | 272/622 [44:30<59:45, 10.24s/it]  
 44%|████▍     | 273/622 [44:41<1:00:58, 10.48s/it]
 44%|████▍     | 274/622 [44:50<57:24,  9.90s/it]  
 44%|████▍     | 275/622 [44:59<56:12,  9.72s/it]
 44%|████▍     | 276/622 [45:08<55:35,  9.64s/it]
 45%|████▍     | 277/622 [45:19<56:38,  9.85s/it]
 45%|████▍     | 278/622 [45:26<52:07,  9.09s/it]
 45%|████▍     | 279/622 [45:34<50:05,  8.76s/it]
 45%|████▌     | 280/622 [45:45<52:51,  9.27s/it]
                                                 

 45%|████▌     | 280/622 [45:45<52:51,  9.27s/it]
 45%|████▌     | 281/622 [45:55<54:34,  9.60s/it]
 45%|████▌     | 282/622 [46:05<55:05,  9.72s/it]
 45%|████▌     | 283/622 [46:14<53:45,  9.51s/it]
 46%|████▌     | 284/622 [46:21<49:25,  8.77s/it]
 46%|████▌     | 285/622 [46:30<50:04,  8.91s/it]
 46%|████▌     | 286/622 [46:42<54:54,  9.81s/it]
 46%|████▌     | 287/622 [46:53<56:00, 10.03s/it]
 46%|████▋     | 288/622 [47:00<51:46,  9.30s/it]
 46%|████▋     | 289/622 [47:10<52:30,  9.46s/it]
 47%|████▋     | 290/622 [47:20<52:30,  9.49s/it]
 47%|████▋     | 291/622 [47:28<51:10,  9.28s/it]
 47%|████▋     | 292/622 [47:38<51:38,  9.39s/it]
 47%|████▋     | 293/622 [47:47<50:01,  9.12s/it]
 47%|████▋     | 294/622 [47:56<50:39,  9.27s/it]
 47%|████▋     | 295/622 [48:06<51:34,  9.46s/it]
 48%|████▊     | 296/622 [48:16<51:56,  9.56s/it]
 48%|████▊     | 297/622 [48:26<52:56,  9.77s/it]
 48%|████▊     | 298/622 [48:37<54:00, 10.00s/it]
 48%|████▊     | 299/622 [48:48<55:05, 10.23s/it]
 48%|████▊     | 300/622 [48:57<53:58, 10.06s/it]
                                                 

 48%|████▊     | 300/622 [48:58<53:58, 10.06s/it]
 48%|████▊     | 301/622 [49:06<51:41,  9.66s/it]
 49%|████▊     | 302/622 [49:15<50:41,  9.50s/it]
 49%|████▊     | 303/622 [49:24<50:08,  9.43s/it]
 49%|████▉     | 304/622 [49:33<49:24,  9.32s/it]
 49%|████▉     | 305/622 [49:43<50:13,  9.51s/it]
 49%|████▉     | 306/622 [49:54<51:49,  9.84s/it]
 49%|████▉     | 307/622 [50:04<51:28,  9.80s/it]
 50%|████▉     | 308/622 [50:14<52:22, 10.01s/it]
 50%|████▉     | 309/622 [50:24<51:13,  9.82s/it]
 50%|████▉     | 310/622 [50:33<50:16,  9.67s/it]
 50%|█████     | 311/622 [50:44<51:48,  9.99s/it]{'loss': '102.7', 'grad_norm': '44.05', 'learning_rate': '3.016e-05', 'epoch': '0.06433'}
{'loss': '25.18', 'grad_norm': '11.92', 'learning_rate': '6.19e-05', 'epoch': '0.1287'}
{'loss': '24.46', 'grad_norm': '6.582', 'learning_rate': '9.365e-05', 'epoch': '0.193'}
{'loss': '24.22', 'grad_norm': '14.08', 'learning_rate': '9.714e-05', 'epoch': '0.2573'}
{'loss': '24.18', 'grad_norm': '17', 'learning_rate': '9.356e-05', 'epoch': '0.3217'}
{'loss': '24.14', 'grad_norm': '5.05', 'learning_rate': '8.998e-05', 'epoch': '0.386'}
{'loss': '24.1', 'grad_norm': '8.276', 'learning_rate': '8.64e-05', 'epoch': '0.4503'}
{'loss': '24.24', 'grad_norm': '13.91', 'learning_rate': '8.283e-05', 'epoch': '0.5147'}
{'loss': '24.02', 'grad_norm': '4.548', 'learning_rate': '7.925e-05', 'epoch': '0.579'}
{'loss': '24.23', 'grad_norm': '5.79', 'learning_rate': '7.567e-05', 'epoch': '0.6433'}
{'loss': '24.03', 'grad_norm': '6.598', 'learning_rate': '7.209e-05', 'epoch': '0.7077'}
{'loss': '24.24', 'grad_norm': '8.564', 'learning_rate': '6.852e-05', 'epoch': '0.772'}
{'loss': '24.05', 'grad_norm': '33.26', 'learning_rate': '6.494e-05', 'epoch': '0.8363'}
{'loss': '23.93', 'grad_norm': '20.25', 'learning_rate': '6.136e-05', 'epoch': '0.9007'}
{'loss': '24.14', 'grad_norm': '11.85', 'learning_rate': '5.778e-05', 'epoch': '0.965'}


  0%|          | 0/247 [00:00<?, ?it/s][A

  1%|          | 2/247 [00:00<00:35,  6.81it/s][A

  1%|          | 3/247 [00:00<00:40,  5.99it/s][A

  2%|▏         | 4/247 [00:00<00:47,  5.11it/s][A

  2%|▏         | 5/247 [00:01<00:54,  4.44it/s][A

  2%|▏         | 6/247 [00:01<00:50,  4.73it/s][A

  3%|▎         | 7/247 [00:01<00:56,  4.27it/s][A

  3%|▎         | 8/247 [00:01<01:01,  3.87it/s][A

  4%|▎         | 9/247 [00:02<01:03,  3.77it/s][A

  4%|▍         | 10/247 [00:02<01:05,  3.61it/s][A

  4%|▍         | 11/247 [00:02<01:01,  3.84it/s][A

  5%|▍         | 12/247 [00:02<01:04,  3.63it/s][A

  5%|▌         | 13/247 [00:03<01:04,  3.62it/s][A

  6%|▌         | 14/247 [00:03<01:01,  3.78it/s][A

  6%|▌         | 15/247 [00:03<01:00,  3.80it/s][A

  6%|▋         | 16/247 [00:04<01:10,  3.26it/s][A

  7%|▋         | 17/247 [00:04<01:04,  3.54it/s][A

  7%|▋         | 18/247 [00:04<01:01,  3.70it/s][A

  8%|▊         | 19/247 [00:04<01:10,  3.25it/s][A

  8%|▊         | 20/247 [00:05<01:13,  3.11it/s][A

  9%|▊         | 21/247 [00:05<01:08,  3.30it/s][A

  9%|▉         | 22/247 [00:05<01:15,  2.97it/s][A

  9%|▉         | 23/247 [00:06<01:09,  3.21it/s][A

 10%|▉         | 24/247 [00:06<01:10,  3.18it/s][A

 10%|█         | 25/247 [00:06<01:00,  3.64it/s][A

 11%|█         | 26/247 [00:06<00:58,  3.77it/s][A

 11%|█         | 27/247 [00:07<00:54,  4.02it/s][A

 11%|█▏        | 28/247 [00:07<00:55,  3.91it/s][A

 12%|█▏        | 29/247 [00:07<00:53,  4.09it/s][A

 12%|█▏        | 30/247 [00:07<00:50,  4.32it/s][A

 13%|█▎        | 31/247 [00:08<00:50,  4.27it/s][A

 13%|█▎        | 32/247 [00:08<00:46,  4.63it/s][A

 13%|█▎        | 33/247 [00:08<00:53,  4.01it/s][A

 14%|█▍        | 34/247 [00:08<00:51,  4.15it/s][A

 14%|█▍        | 35/247 [00:09<00:51,  4.13it/s][A

 15%|█▍        | 36/247 [00:09<00:59,  3.55it/s][A

 15%|█▍        | 37/247 [00:09<00:54,  3.84it/s][A

 15%|█▌        | 38/247 [00:10<01:03,  3.30it/s][A

 16%|█▌        | 39/247 [00:10<01:07,  3.09it/s][A

 16%|█▌        | 40/247 [00:10<01:03,  3.27it/s][A

 17%|█▋        | 41/247 [00:10<00:59,  3.45it/s][A

 17%|█▋        | 42/247 [00:11<01:00,  3.41it/s][A

 17%|█▋        | 43/247 [00:11<01:03,  3.21it/s][A

 18%|█▊        | 44/247 [00:11<01:04,  3.15it/s][A

 18%|█▊        | 45/247 [00:12<01:04,  3.12it/s][A

 19%|█▊        | 46/247 [00:12<01:00,  3.30it/s][A

 19%|█▉        | 47/247 [00:12<00:53,  3.77it/s][A

 19%|█▉        | 48/247 [00:12<00:45,  4.33it/s][A

 20%|█▉        | 49/247 [00:13<00:49,  3.98it/s][A

 20%|██        | 50/247 [00:13<01:06,  2.95it/s][A

 21%|██        | 51/247 [00:13<01:01,  3.19it/s][A

 21%|██        | 52/247 [00:14<01:00,  3.23it/s][A

 21%|██▏       | 53/247 [00:14<01:08,  2.82it/s][A

 22%|██▏       | 54/247 [00:15<01:11,  2.71it/s][A

 22%|██▏       | 55/247 [00:15<01:05,  2.94it/s][A

 23%|██▎       | 56/247 [00:15<01:09,  2.76it/s][A

 23%|██▎       | 57/247 [00:16<01:00,  3.17it/s][A

 23%|██▎       | 58/247 [00:16<00:59,  3.18it/s][A

 24%|██▍       | 59/247 [00:16<00:59,  3.17it/s][A

 24%|██▍       | 60/247 [00:16<00:54,  3.43it/s][A

 25%|██▍       | 61/247 [00:17<00:49,  3.78it/s][A

 25%|██▌       | 62/247 [00:17<00:47,  3.92it/s][A

 26%|██▌       | 63/247 [00:17<00:44,  4.16it/s][A

 26%|██▌       | 64/247 [00:17<00:43,  4.16it/s][A

 26%|██▋       | 65/247 [00:17<00:40,  4.51it/s][A

 27%|██▋       | 66/247 [00:18<00:39,  4.57it/s][A

 27%|██▋       | 67/247 [00:18<00:47,  3.83it/s][A

 28%|██▊       | 68/247 [00:18<00:55,  3.20it/s][A

 28%|██▊       | 69/247 [00:19<00:57,  3.11it/s][A

 28%|██▊       | 70/247 [00:19<00:54,  3.24it/s][A

 29%|██▊       | 71/247 [00:19<00:49,  3.58it/s][A

 29%|██▉       | 72/247 [00:20<00:45,  3.84it/s][A

 30%|██▉       | 73/247 [00:20<00:54,  3.18it/s][A

 30%|██▉       | 74/247 [00:20<00:59,  2.92it/s][A

 30%|███       | 75/247 [00:21<01:02,  2.76it/s][A

 31%|███       | 76/247 [00:21<01:02,  2.72it/s][A

 31%|███       | 77/247 [00:21<00:53,  3.16it/s][A

 32%|███▏      | 78/247 [00:22<00:48,  3.47it/s][A

 32%|███▏      | 79/247 [00:22<00:47,  3.53it/s][A

 32%|███▏      | 80/247 [00:22<00:46,  3.58it/s][A

 33%|███▎      | 81/247 [00:22<00:42,  3.87it/s][A

 33%|███▎      | 82/247 [00:23<00:41,  3.99it/s][A

 34%|███▎      | 83/247 [00:23<00:36,  4.54it/s][A

 34%|███▍      | 84/247 [00:23<00:40,  4.05it/s][A

 34%|███▍      | 85/247 [00:23<00:47,  3.40it/s][A

 35%|███▍      | 86/247 [00:24<00:44,  3.61it/s][A

 35%|███▌      | 87/247 [00:24<00:50,  3.16it/s][A

 36%|███▌      | 88/247 [00:24<00:47,  3.34it/s][A

 36%|███▌      | 89/247 [00:25<00:49,  3.21it/s][A

 36%|███▋      | 90/247 [00:25<00:46,  3.38it/s][A

 37%|███▋      | 91/247 [00:25<00:48,  3.25it/s][A

 37%|███▋      | 92/247 [00:25<00:43,  3.60it/s][A

 38%|███▊      | 93/247 [00:26<00:40,  3.78it/s][A

 38%|███▊      | 94/247 [00:26<00:49,  3.10it/s][A

 38%|███▊      | 95/247 [00:26<00:47,  3.19it/s][A

 39%|███▉      | 96/247 [00:27<00:50,  2.99it/s][A

 39%|███▉      | 97/247 [00:27<00:50,  2.99it/s][A

 40%|███▉      | 98/247 [00:28<00:58,  2.56it/s][A

 40%|████      | 99/247 [00:28<00:51,  2.86it/s][A

 40%|████      | 100/247 [00:28<00:56,  2.61it/s][A

 41%|████      | 101/247 [00:29<00:48,  3.03it/s][A

 41%|████▏     | 102/247 [00:29<00:45,  3.20it/s][A

 42%|████▏     | 103/247 [00:29<00:49,  2.89it/s][A

 42%|████▏     | 104/247 [00:30<00:43,  3.27it/s][A

 43%|████▎     | 105/247 [00:30<00:44,  3.21it/s][A

 43%|████▎     | 106/247 [00:30<00:44,  3.15it/s][A

 43%|████▎     | 107/247 [00:30<00:41,  3.37it/s][A

 44%|████▎     | 108/247 [00:31<00:45,  3.09it/s][A

 44%|████▍     | 109/247 [00:31<00:43,  3.15it/s][A

 45%|████▍     | 110/247 [00:32<00:47,  2.90it/s][A

 45%|████▍     | 111/247 [00:32<00:44,  3.08it/s][A

 45%|████▌     | 112/247 [00:32<00:43,  3.10it/s][A

 46%|████▌     | 113/247 [00:32<00:42,  3.16it/s][A

 46%|████▌     | 114/247 [00:33<00:38,  3.47it/s][A

 47%|████▋     | 115/247 [00:33<00:37,  3.48it/s][A

 47%|████▋     | 116/247 [00:33<00:39,  3.28it/s][A

 47%|████▋     | 117/247 [00:34<00:37,  3.50it/s][A

 48%|████▊     | 118/247 [00:34<00:35,  3.63it/s][A

 48%|████▊     | 119/247 [00:34<00:31,  4.05it/s][A

 49%|████▊     | 120/247 [00:34<00:33,  3.75it/s][A

 49%|████▉     | 121/247 [00:35<00:33,  3.74it/s][A

 49%|████▉     | 122/247 [00:35<00:30,  4.05it/s][A

 50%|████▉     | 123/247 [00:35<00:27,  4.55it/s][A

 50%|█████     | 124/247 [00:35<00:29,  4.12it/s][A

 51%|█████     | 125/247 [00:35<00:26,  4.52it/s][A

 51%|█████     | 126/247 [00:36<00:25,  4.82it/s][A

 51%|█████▏    | 127/247 [00:36<00:24,  4.82it/s][A

 52%|█████▏    | 128/247 [00:36<00:24,  4.88it/s][A

 52%|█████▏    | 129/247 [00:36<00:24,  4.86it/s][A

 53%|█████▎    | 130/247 [00:36<00:26,  4.40it/s][A

 53%|█████▎    | 131/247 [00:37<00:25,  4.48it/s][A

 53%|█████▎    | 132/247 [00:37<00:30,  3.77it/s][A

 54%|█████▍    | 133/247 [00:37<00:28,  4.01it/s][A

 54%|█████▍    | 134/247 [00:38<00:36,  3.07it/s][A

 55%|█████▍    | 135/247 [00:38<00:36,  3.11it/s][A

 55%|█████▌    | 136/247 [00:38<00:35,  3.09it/s][A

 55%|█████▌    | 137/247 [00:39<00:34,  3.18it/s][A

 56%|█████▌    | 138/247 [00:39<00:30,  3.55it/s][A

 56%|█████▋    | 139/247 [00:39<00:28,  3.85it/s][A

 57%|█████▋    | 140/247 [00:39<00:28,  3.70it/s][A

 57%|█████▋    | 141/247 [00:40<00:26,  4.06it/s][A

 57%|█████▋    | 142/247 [00:40<00:31,  3.32it/s][A

 58%|█████▊    | 143/247 [00:40<00:31,  3.26it/s][A

 58%|█████▊    | 144/247 [00:41<00:29,  3.45it/s][A

 59%|█████▊    | 145/247 [00:41<00:29,  3.45it/s][A

 59%|█████▉    | 146/247 [00:41<00:31,  3.22it/s][A

 60%|█████▉    | 147/247 [00:41<00:29,  3.36it/s][A

 60%|█████▉    | 148/247 [00:42<00:25,  3.85it/s][A

 60%|██████    | 149/247 [00:42<00:24,  4.06it/s][A

 61%|██████    | 150/247 [00:42<00:25,  3.74it/s][A

 61%|██████    | 151/247 [00:42<00:27,  3.51it/s][A

 62%|██████▏   | 152/247 [00:43<00:26,  3.63it/s][A

 62%|██████▏   | 153/247 [00:43<00:25,  3.73it/s][A

 62%|██████▏   | 154/247 [00:43<00:22,  4.11it/s][A

 63%|██████▎   | 155/247 [00:43<00:21,  4.31it/s][A

 63%|██████▎   | 156/247 [00:44<00:24,  3.68it/s][A

 64%|██████▎   | 157/247 [00:44<00:30,  2.94it/s][A

 64%|██████▍   | 158/247 [00:44<00:25,  3.48it/s][A

 64%|██████▍   | 159/247 [00:45<00:28,  3.06it/s][A

 65%|██████▍   | 160/247 [00:45<00:25,  3.42it/s][A

 65%|██████▌   | 161/247 [00:45<00:25,  3.44it/s][A

 66%|██████▌   | 162/247 [00:46<00:23,  3.61it/s][A

 66%|██████▌   | 163/247 [00:46<00:21,  3.88it/s][A

 66%|██████▋   | 164/247 [00:46<00:20,  4.05it/s][A

 67%|██████▋   | 165/247 [00:46<00:19,  4.25it/s][A

 67%|██████▋   | 166/247 [00:46<00:18,  4.41it/s][A

 68%|██████▊   | 167/247 [00:47<00:20,  3.93it/s][A

 68%|██████▊   | 168/247 [00:47<00:18,  4.26it/s][A

 68%|██████▊   | 169/247 [00:47<00:22,  3.53it/s][A

 69%|██████▉   | 170/247 [00:48<00:24,  3.13it/s][A

 69%|██████▉   | 171/247 [00:48<00:23,  3.22it/s][A

 70%|██████▉   | 172/247 [00:48<00:20,  3.68it/s][A

 70%|███████   | 173/247 [00:49<00:21,  3.43it/s][A

 70%|███████   | 174/247 [00:49<00:20,  3.53it/s][A

 71%|███████   | 175/247 [00:49<00:22,  3.18it/s][A

 71%|███████▏  | 176/247 [00:49<00:20,  3.40it/s][A

 72%|███████▏  | 177/247 [00:50<00:18,  3.83it/s][A

 72%|███████▏  | 178/247 [00:50<00:17,  4.02it/s][A

 72%|███████▏  | 179/247 [00:50<00:17,  3.90it/s][A

 73%|███████▎  | 180/247 [00:50<00:16,  4.10it/s][A

 73%|███████▎  | 181/247 [00:51<00:16,  4.02it/s][A

 74%|███████▎  | 182/247 [00:51<00:16,  4.05it/s][A

 74%|███████▍  | 183/247 [00:51<00:14,  4.38it/s][A

 74%|███████▍  | 184/247 [00:51<00:14,  4.26it/s][A

 75%|███████▍  | 185/247 [00:52<00:16,  3.75it/s][A

 75%|███████▌  | 186/247 [00:52<00:17,  3.56it/s][A

 76%|███████▌  | 187/247 [00:52<00:18,  3.29it/s][A

 76%|███████▌  | 188/247 [00:52<00:16,  3.62it/s][A

 77%|███████▋  | 189/247 [00:53<00:14,  3.93it/s][A

 77%|███████▋  | 190/247 [00:53<00:14,  4.06it/s][A

 77%|███████▋  | 191/247 [00:53<00:12,  4.39it/s][A

 78%|███████▊  | 192/247 [00:53<00:13,  4.15it/s][A

 78%|███████▊  | 193/247 [00:54<00:15,  3.51it/s][A

 79%|███████▊  | 194/247 [00:54<00:15,  3.43it/s][A

 79%|███████▉  | 195/247 [00:54<00:13,  3.73it/s][A

 79%|███████▉  | 196/247 [00:55<00:13,  3.67it/s][A

 80%|███████▉  | 197/247 [00:55<00:15,  3.19it/s][A

 80%|████████  | 198/247 [00:55<00:18,  2.68it/s][A

 81%|████████  | 199/247 [00:56<00:17,  2.73it/s][A

 81%|████████  | 200/247 [00:56<00:14,  3.14it/s][A

 81%|████████▏ | 201/247 [00:56<00:13,  3.34it/s][A

 82%|████████▏ | 202/247 [00:57<00:14,  3.17it/s][A

 82%|████████▏ | 203/247 [00:57<00:12,  3.48it/s][A

 83%|████████▎ | 204/247 [00:57<00:12,  3.36it/s][A

 83%|████████▎ | 205/247 [00:57<00:11,  3.64it/s][A

 83%|████████▎ | 206/247 [00:58<00:11,  3.63it/s][A

 84%|████████▍ | 207/247 [00:58<00:10,  3.77it/s][A

 84%|████████▍ | 208/247 [00:58<00:10,  3.87it/s][A

 85%|████████▍ | 209/247 [00:58<00:09,  3.86it/s][A

 85%|████████▌ | 210/247 [00:59<00:09,  3.71it/s][A

 85%|████████▌ | 211/247 [00:59<00:09,  3.74it/s][A

 86%|████████▌ | 212/247 [00:59<00:08,  4.09it/s][A

 86%|████████▌ | 213/247 [00:59<00:08,  4.21it/s][A

 87%|████████▋ | 214/247 [01:00<00:09,  3.63it/s][A

 87%|████████▋ | 215/247 [01:00<00:07,  4.01it/s][A

 87%|████████▋ | 216/247 [01:00<00:08,  3.69it/s][A

 88%|████████▊ | 217/247 [01:01<00:08,  3.36it/s][A

 88%|████████▊ | 218/247 [01:01<00:09,  3.21it/s][A

 89%|████████▊ | 219/247 [01:01<00:08,  3.16it/s][A

 89%|████████▉ | 220/247 [01:02<00:08,  3.15it/s][A

 89%|████████▉ | 221/247 [01:02<00:08,  3.13it/s][A

 90%|████████▉ | 222/247 [01:02<00:07,  3.26it/s][A

 90%|█████████ | 223/247 [01:02<00:07,  3.42it/s][A

 91%|█████████ | 224/247 [01:03<00:06,  3.61it/s][A

 91%|█████████ | 225/247 [01:03<00:05,  3.78it/s][A

 91%|█████████▏| 226/247 [01:03<00:05,  3.81it/s][A

 92%|█████████▏| 227/247 [01:03<00:04,  4.13it/s][A

 92%|█████████▏| 228/247 [01:04<00:04,  4.49it/s][A

 93%|█████████▎| 229/247 [01:04<00:05,  3.54it/s][A

 93%|█████████▎| 230/247 [01:04<00:04,  3.42it/s][A

 94%|█████████▎| 231/247 [01:05<00:04,  3.29it/s][A

 94%|█████████▍| 232/247 [01:05<00:04,  3.24it/s][A

 94%|█████████▍| 233/247 [01:05<00:04,  3.44it/s][A

 95%|█████████▍| 234/247 [01:06<00:03,  3.27it/s][A

 95%|█████████▌| 235/247 [01:06<00:04,  2.86it/s][A

 96%|█████████▌| 236/247 [01:06<00:03,  3.11it/s][A

 96%|█████████▌| 237/247 [01:06<00:02,  3.56it/s][A

 96%|█████████▋| 238/247 [01:07<00:02,  3.67it/s][A

 97%|█████████▋| 239/247 [01:07<00:02,  3.69it/s][A

 97%|█████████▋| 240/247 [01:07<00:02,  3.47it/s][A

 98%|█████████▊| 241/247 [01:08<00:01,  3.63it/s][A

 98%|█████████▊| 242/247 [01:08<00:01,  4.09it/s][A

 98%|█████████▊| 243/247 [01:08<00:00,  4.25it/s][A

 99%|█████████▉| 244/247 [01:08<00:00,  4.44it/s][A

 99%|█████████▉| 245/247 [01:08<00:00,  4.00it/s][A

100%|█████████▉| 246/247 [01:09<00:00,  2.88it/s][A

100%|██████████| 247/247 [01:09<00:00,  3.19it/s][A
                                                 


                                                 
[A
 50%|█████     | 311/622 [51:54<51:48,  9.99s/it]

100%|██████████| 247/247 [01:09<00:00,  3.19it/s][A

                                                 [A{'eval_loss': '3.014', 'eval_wer': '0.9709', 'eval_cer': '0.9614', 'eval_runtime': '70.68', 'eval_samples_per_second': '6.975', 'eval_steps_per_second': '3.495', 'epoch': '1'}


Writing model shards:   0%|          | 0/1 [00:00<?, ?it/s][A

Writing model shards: 100%|██████████| 1/1 [00:01<00:00,  1.70s/it][A
Writing model shards: 100%|██████████| 1/1 [00:01<00:00,  1.70s/it]
/Users/mulisamusehane/Documents/GitHub/MultilingualASR/.venv/lib/python3.12/site-packages/torch/utils/data/dataloader.py:759: UserWarning: 'pin_memory' argument is set as true but not supported on MPS now, device pinned memory won't be used.
  super().__init__(loader)

 50%|█████     | 312/622 [52:15<2:57:28, 34.35s/it]
 50%|█████     | 313/622 [52:26<2:20:31, 27.29s/it]
 50%|█████     | 314/622 [52:34<1:51:16, 21.68s/it]
 51%|█████     | 315/622 [52:43<1:31:20, 17.85s/it]
 51%|█████     | 316/622 [52:54<1:19:42, 15.63s/it]
 51%|█████     | 317/622 [53:03<1:10:24, 13.85s/it]
 51%|█████     | 318/622 [53:15<1:06:56, 13.21s/it]
 51%|█████▏    | 319/622 [53:24<59:51, 11.85s/it]  
 51%|█████▏    | 320/622 [53:33<55:44, 11.07s/it]
                                                 

 51%|█████▏    | 320/622 [53:33<55:44, 11.07s/it]
 52%|█████▏    | 321/622 [53:43<54:14, 10.81s/it]
 52%|█████▏    | 322/622 [53:56<56:29, 11.30s/it]
 52%|█████▏    | 323/622 [54:04<52:26, 10.52s/it]
 52%|█████▏    | 324/622 [54:16<54:13, 10.92s/it]
 52%|█████▏    | 325/622 [54:27<54:15, 10.96s/it]
 52%|█████▏    | 326/622 [54:38<53:42, 10.89s/it]
 53%|█████▎    | 327/622 [54:48<52:06, 10.60s/it]
 53%|█████▎    | 328/622 [54:57<49:20, 10.07s/it]
 53%|█████▎    | 329/622 [55:09<52:27, 10.74s/it]
 53%|█████▎    | 330/622 [55:18<49:21, 10.14s/it]
 53%|█████▎    | 331/622 [55:29<50:38, 10.44s/it]
 53%|█████▎    | 332/622 [55:39<50:16, 10.40s/it]
 54%|█████▎    | 333/622 [55:48<47:45,  9.92s/it]
 54%|█████▎    | 334/622 [55:58<47:24,  9.88s/it]
 54%|█████▍    | 335/622 [56:05<43:54,  9.18s/it]
 54%|█████▍    | 336/622 [56:15<44:09,  9.26s/it]
 54%|█████▍    | 337/622 [56:25<45:26,  9.57s/it]
 54%|█████▍    | 338/622 [56:33<43:34,  9.20s/it]
 55%|█████▍    | 339/622 [56:43<43:58,  9.32s/it]
 55%|█████▍    | 340/622 [56:52<42:57,  9.14s/it]
                                                 

 55%|█████▍    | 340/622 [56:52<42:57,  9.14s/it]
 55%|█████▍    | 341/622 [57:02<43:55,  9.38s/it]
 55%|█████▍    | 342/622 [57:12<44:57,  9.63s/it]
 55%|█████▌    | 343/622 [57:22<45:36,  9.81s/it]
 55%|█████▌    | 344/622 [57:31<44:27,  9.60s/it]
 55%|█████▌    | 345/622 [57:41<44:03,  9.54s/it]
 56%|█████▌    | 346/622 [57:49<42:51,  9.32s/it]
 56%|█████▌    | 347/622 [57:59<43:09,  9.42s/it]
 56%|█████▌    | 348/622 [58:08<43:02,  9.42s/it]
 56%|█████▌    | 349/622 [58:18<42:53,  9.43s/it]
 56%|█████▋    | 350/622 [58:27<42:34,  9.39s/it]
 56%|█████▋    | 351/622 [58:36<42:07,  9.33s/it]
 57%|█████▋    | 352/622 [58:47<43:18,  9.63s/it]
 57%|█████▋    | 353/622 [58:55<40:57,  9.13s/it]
 57%|█████▋    | 354/622 [59:04<40:33,  9.08s/it]
 57%|█████▋    | 355/622 [59:12<40:02,  9.00s/it]
 57%|█████▋    | 356/622 [59:22<41:15,  9.31s/it]
 57%|█████▋    | 357/622 [59:33<42:37,  9.65s/it]
 58%|█████▊    | 358/622 [59:42<41:34,  9.45s/it]
 58%|█████▊    | 359/622 [59:50<39:59,  9.13s/it]
 58%|█████▊    | 360/622 [59:59<39:28,  9.04s/it]
                                                 

 58%|█████▊    | 360/622 [1:00:00<39:28,  9.04s/it]
 58%|█████▊    | 361/622 [1:00:09<40:31,  9.32s/it]
 58%|█████▊    | 362/622 [1:00:18<40:25,  9.33s/it]
 58%|█████▊    | 363/622 [1:00:27<39:38,  9.18s/it]
 59%|█████▊    | 364/622 [1:00:38<41:24,  9.63s/it]
 59%|█████▊    | 365/622 [1:00:48<41:37,  9.72s/it]
 59%|█████▉    | 366/622 [1:00:57<40:37,  9.52s/it]
 59%|█████▉    | 367/622 [1:01:07<40:47,  9.60s/it]
 59%|█████▉    | 368/622 [1:01:17<41:10,  9.73s/it]
 59%|█████▉    | 369/622 [1:01:25<38:38,  9.16s/it]
 59%|█████▉    | 370/622 [1:01:33<37:02,  8.82s/it]
 60%|█████▉    | 371/622 [1:01:43<39:24,  9.42s/it]
 60%|█████▉    | 372/622 [1:01:53<39:20,  9.44s/it]
 60%|█████▉    | 373/622 [1:02:03<40:32,  9.77s/it]
 60%|██████    | 374/622 [1:02:13<40:26,  9.79s/it]
 60%|██████    | 375/622 [1:02:23<40:19,  9.80s/it]
 60%|██████    | 376/622 [1:02:32<39:20,  9.59s/it]
 61%|██████    | 377/622 [1:02:43<40:42,  9.97s/it]
 61%|██████    | 378/622 [1:02:54<41:56, 10.31s/it]
 61%|██████    | 379/622 [1:03:04<40:50, 10.08s/it]
 61%|██████    | 380/622 [1:03:14<40:37, 10.07s/it]
                                                   

 61%|██████    | 380/622 [1:03:14<40:37, 10.07s/it]
 61%|██████▏   | 381/622 [1:03:24<41:00, 10.21s/it]
 61%|██████▏   | 382/622 [1:03:33<39:29,  9.87s/it]
 62%|██████▏   | 383/622 [1:03:44<40:14, 10.10s/it]
 62%|██████▏   | 384/622 [1:03:55<40:48, 10.29s/it]
 62%|██████▏   | 385/622 [1:04:04<39:42, 10.05s/it]
 62%|██████▏   | 386/622 [1:04:14<39:41, 10.09s/it]
 62%|██████▏   | 387/622 [1:04:24<38:37,  9.86s/it]
 62%|██████▏   | 388/622 [1:04:33<37:52,  9.71s/it]
 63%|██████▎   | 389/622 [1:04:45<40:10, 10.34s/it]
 63%|██████▎   | 390/622 [1:04:52<36:40,  9.48s/it]
 63%|██████▎   | 391/622 [1:05:03<37:54,  9.85s/it]
 63%|██████▎   | 392/622 [1:05:15<39:36, 10.33s/it]
 63%|██████▎   | 393/622 [1:05:22<36:24,  9.54s/it]
 63%|██████▎   | 394/622 [1:05:33<37:17,  9.81s/it]
 64%|██████▎   | 395/622 [1:05:44<38:58, 10.30s/it]
 64%|██████▎   | 396/622 [1:05:53<37:36,  9.99s/it]
 64%|██████▍   | 397/622 [1:06:03<37:04,  9.89s/it]
 64%|██████▍   | 398/622 [1:06:11<34:56,  9.36s/it]
 64%|██████▍   | 399/622 [1:06:22<36:25,  9.80s/it]
 64%|██████▍   | 400/622 [1:06:31<35:45,  9.67s/it]
                                                   

 64%|██████▍   | 400/622 [1:06:32<35:45,  9.67s/it]
 64%|██████▍   | 401/622 [1:06:43<37:21, 10.14s/it]
 65%|██████▍   | 402/622 [1:06:51<35:48,  9.77s/it]
 65%|██████▍   | 403/622 [1:07:01<35:50,  9.82s/it]
 65%|██████▍   | 404/622 [1:07:11<35:13,  9.69s/it]
 65%|██████▌   | 405/622 [1:07:20<34:52,  9.64s/it]
 65%|██████▌   | 406/622 [1:07:32<36:59, 10.27s/it]
 65%|██████▌   | 407/622 [1:07:43<36:57, 10.31s/it]
 66%|██████▌   | 408/622 [1:07:52<35:37,  9.99s/it]
 66%|██████▌   | 409/622 [1:08:01<34:17,  9.66s/it]
 66%|██████▌   | 410/622 [1:08:10<33:40,  9.53s/it]
 66%|██████▌   | 411/622 [1:08:20<34:27,  9.80s/it]
 66%|██████▌   | 412/622 [1:08:31<35:20, 10.10s/it]
 66%|██████▋   | 413/622 [1:08:43<36:52, 10.59s/it]
 67%|██████▋   | 414/622 [1:08:54<37:01, 10.68s/it]
 67%|██████▋   | 415/622 [1:09:05<37:02, 10.74s/it]
 67%|██████▋   | 416/622 [1:09:15<36:37, 10.67s/it]
 67%|██████▋   | 417/622 [1:09:24<34:23, 10.07s/it]
 67%|██████▋   | 418/622 [1:09:34<34:26, 10.13s/it]
 67%|██████▋   | 419/622 [1:09:44<33:39,  9.95s/it]
 68%|██████▊   | 420/622 [1:09:54<33:30,  9.95s/it]
                                                   

 68%|██████▊   | 420/622 [1:09:54<33:30,  9.95s/it]
 68%|██████▊   | 421/622 [1:10:03<32:47,  9.79s/it]
 68%|██████▊   | 422/622 [1:10:13<33:24, 10.02s/it]
 68%|██████▊   | 423/622 [1:10:22<31:35,  9.52s/it]
 68%|██████▊   | 424/622 [1:10:35<34:34, 10.48s/it]
 68%|██████▊   | 425/622 [1:10:43<32:19,  9.85s/it]
 68%|██████▊   | 426/622 [1:10:53<32:24,  9.92s/it]
 69%|██████▊   | 427/622 [1:11:03<32:43, 10.07s/it]
 69%|██████▉   | 428/622 [1:11:16<35:08, 10.87s/it]
 69%|██████▉   | 429/622 [1:11:25<32:32, 10.12s/it]
 69%|██████▉   | 430/622 [1:11:32<30:15,  9.46s/it]
 69%|██████▉   | 431/622 [1:11:44<32:01, 10.06s/it]
 69%|██████▉   | 432/622 [1:11:52<30:02,  9.49s/it]
 70%|██████▉   | 433/622 [1:12:00<28:33,  9.07s/it]
 70%|██████▉   | 434/622 [1:12:11<30:18,  9.67s/it]
 70%|██████▉   | 435/622 [1:12:22<31:16, 10.03s/it]
 70%|███████   | 436/622 [1:12:32<31:08, 10.05s/it]
 70%|███████   | 437/622 [1:12:42<30:47,  9.99s/it]
 70%|███████   | 438/622 [1:12:52<30:57, 10.09s/it]
 71%|███████   | 439/622 [1:13:02<30:23,  9.97s/it]
 71%|███████   | 440/622 [1:13:11<29:44,  9.81s/it]
                                                   

 71%|███████   | 440/622 [1:13:12<29:44,  9.81s/it]
 71%|███████   | 441/622 [1:13:19<27:49,  9.22s/it]
 71%|███████   | 442/622 [1:13:28<27:29,  9.16s/it]
 71%|███████   | 443/622 [1:13:39<28:36,  9.59s/it]
 71%|███████▏  | 444/622 [1:13:48<27:54,  9.41s/it]
 72%|███████▏  | 445/622 [1:13:57<27:14,  9.24s/it]
 72%|███████▏  | 446/622 [1:14:06<27:26,  9.36s/it]
 72%|███████▏  | 447/622 [1:14:16<27:13,  9.34s/it]
 72%|███████▏  | 448/622 [1:14:26<27:44,  9.56s/it]
 72%|███████▏  | 449/622 [1:14:35<27:34,  9.56s/it]
 72%|███████▏  | 450/622 [1:14:45<27:14,  9.50s/it]
 73%|███████▎  | 451/622 [1:14:53<25:52,  9.08s/it]
 73%|███████▎  | 452/622 [1:15:04<27:29,  9.70s/it]
 73%|███████▎  | 453/622 [1:15:15<28:05,  9.98s/it]
 73%|███████▎  | 454/622 [1:15:24<27:46,  9.92s/it]
 73%|███████▎  | 455/622 [1:15:33<26:53,  9.66s/it]
 73%|███████▎  | 456/622 [1:15:42<26:13,  9.48s/it]
 73%|███████▎  | 457/622 [1:15:49<23:51,  8.68s/it]
 74%|███████▎  | 458/622 [1:16:00<25:48,  9.44s/it]
 74%|███████▍  | 459/622 [1:16:10<25:27,  9.37s/it]
 74%|███████▍  | 460/622 [1:16:19<25:22,  9.40s/it]
                                                   

 74%|███████▍  | 460/622 [1:16:20<25:22,  9.40s/it]
 74%|███████▍  | 461/622 [1:16:28<25:04,  9.34s/it]
 74%|███████▍  | 462/622 [1:16:37<24:24,  9.15s/it]
 74%|███████▍  | 463/622 [1:16:45<23:35,  8.91s/it]
 75%|███████▍  | 464/622 [1:16:56<24:36,  9.35s/it]
 75%|███████▍  | 465/622 [1:17:04<23:29,  8.97s/it]
 75%|███████▍  | 466/622 [1:17:13<23:40,  9.10s/it]
 75%|███████▌  | 467/622 [1:17:23<23:48,  9.21s/it]
 75%|███████▌  | 468/622 [1:17:33<24:48,  9.66s/it]
 75%|███████▌  | 469/622 [1:17:41<22:49,  8.95s/it]
 76%|███████▌  | 470/622 [1:17:51<23:25,  9.25s/it]
 76%|███████▌  | 471/622 [1:18:00<22:56,  9.12s/it]
 76%|███████▌  | 472/622 [1:18:11<24:26,  9.78s/it]
 76%|███████▌  | 473/622 [1:18:21<24:55, 10.04s/it]
 76%|███████▌  | 474/622 [1:18:33<25:55, 10.51s/it]
 76%|███████▋  | 475/622 [1:18:43<25:14, 10.30s/it]
 77%|███████▋  | 476/622 [1:18:53<24:42, 10.15s/it]
 77%|███████▋  | 477/622 [1:19:01<23:25,  9.69s/it]
 77%|███████▋  | 478/622 [1:19:10<22:50,  9.52s/it]
 77%|███████▋  | 479/622 [1:19:20<22:59,  9.65s/it]
 77%|███████▋  | 480/622 [1:19:30<22:31,  9.52s/it]
                                                   

 77%|███████▋  | 480/622 [1:19:30<22:31,  9.52s/it]
 77%|███████▋  | 481/622 [1:19:41<23:40, 10.08s/it]
 77%|███████▋  | 482/622 [1:19:51<23:08,  9.92s/it]
 78%|███████▊  | 483/622 [1:20:00<22:44,  9.81s/it]
 78%|███████▊  | 484/622 [1:20:10<22:19,  9.70s/it]
 78%|███████▊  | 485/622 [1:20:20<22:36,  9.90s/it]
 78%|███████▊  | 486/622 [1:20:28<21:29,  9.49s/it]
 78%|███████▊  | 487/622 [1:20:37<20:57,  9.31s/it]
 78%|███████▊  | 488/622 [1:20:47<20:48,  9.32s/it]
 79%|███████▊  | 489/622 [1:20:55<20:11,  9.11s/it]
 79%|███████▉  | 490/622 [1:21:04<19:38,  8.93s/it]
 79%|███████▉  | 491/622 [1:21:15<20:47,  9.52s/it]
 79%|███████▉  | 492/622 [1:21:24<20:12,  9.33s/it]
 79%|███████▉  | 493/622 [1:21:32<19:41,  9.16s/it]
 79%|███████▉  | 494/622 [1:21:42<19:35,  9.18s/it]
 80%|███████▉  | 495/622 [1:21:51<19:26,  9.19s/it]
 80%|███████▉  | 496/622 [1:21:59<18:54,  9.00s/it]
 80%|███████▉  | 497/622 [1:22:09<19:10,  9.20s/it]
 80%|████████  | 498/622 [1:22:20<19:53,  9.63s/it]
 80%|████████  | 499/622 [1:22:28<19:11,  9.36s/it]
 80%|████████  | 500/622 [1:22:38<19:03,  9.37s/it]
                                                   

 80%|████████  | 500/622 [1:22:38<19:03,  9.37s/it]
 81%|████████  | 501/622 [1:22:47<18:34,  9.21s/it]
 81%|████████  | 502/622 [1:22:55<17:57,  8.98s/it]
 81%|████████  | 503/622 [1:23:03<17:12,  8.68s/it]
 81%|████████  | 504/622 [1:23:13<18:01,  9.17s/it]
 81%|████████  | 505/622 [1:23:23<18:08,  9.30s/it]
 81%|████████▏ | 506/622 [1:23:33<18:28,  9.56s/it]
 82%|████████▏ | 507/622 [1:23:42<18:03,  9.43s/it]
 82%|████████▏ | 508/622 [1:23:52<17:56,  9.44s/it]
 82%|████████▏ | 509/622 [1:24:00<16:58,  9.02s/it]
 82%|████████▏ | 510/622 [1:24:10<17:18,  9.27s/it]
 82%|████████▏ | 511/622 [1:24:18<16:53,  9.13s/it]
 82%|████████▏ | 512/622 [1:24:28<17:15,  9.41s/it]
 82%|████████▏ | 513/622 [1:24:40<18:00,  9.91s/it]
 83%|████████▎ | 514/622 [1:24:48<17:01,  9.46s/it]
 83%|████████▎ | 515/622 [1:24:59<17:28,  9.80s/it]
 83%|████████▎ | 516/622 [1:25:08<17:22,  9.83s/it]
 83%|████████▎ | 517/622 [1:25:16<16:12,  9.26s/it]
 83%|████████▎ | 518/622 [1:25:29<17:36, 10.16s/it]
 83%|████████▎ | 519/622 [1:25:38<17:05,  9.95s/it]
 84%|████████▎ | 520/622 [1:25:47<16:35,  9.76s/it]
                                                   

 84%|████████▎ | 520/622 [1:25:48<16:35,  9.76s/it]
 84%|████████▍ | 521/622 [1:25:56<15:42,  9.33s/it]
 84%|████████▍ | 522/622 [1:26:04<15:04,  9.04s/it]
 84%|████████▍ | 523/622 [1:26:15<15:57,  9.67s/it]
 84%|████████▍ | 524/622 [1:26:25<15:55,  9.75s/it]
 84%|████████▍ | 525/622 [1:26:36<16:03,  9.93s/it]
 85%|████████▍ | 526/622 [1:26:45<15:34,  9.74s/it]
 85%|████████▍ | 527/622 [1:26:55<15:30,  9.79s/it]
 85%|████████▍ | 528/622 [1:27:04<15:10,  9.68s/it]
 85%|████████▌ | 529/622 [1:27:14<14:51,  9.58s/it]
 85%|████████▌ | 530/622 [1:27:24<15:16,  9.96s/it]
 85%|████████▌ | 531/622 [1:27:35<15:21, 10.13s/it]
 86%|████████▌ | 532/622 [1:27:45<15:05, 10.06s/it]
 86%|████████▌ | 533/622 [1:27:55<14:52, 10.03s/it]
 86%|████████▌ | 534/622 [1:28:04<14:23,  9.81s/it]
 86%|████████▌ | 535/622 [1:28:14<14:18,  9.87s/it]
 86%|████████▌ | 536/622 [1:28:24<14:05,  9.83s/it]
 86%|████████▋ | 537/622 [1:28:33<13:37,  9.62s/it]
 86%|████████▋ | 538/622 [1:28:42<13:04,  9.34s/it]
 87%|████████▋ | 539/622 [1:28:52<13:21,  9.66s/it]
 87%|████████▋ | 540/622 [1:29:02<13:29,  9.87s/it]
                                                   

 87%|████████▋ | 540/622 [1:29:03<13:29,  9.87s/it]
 87%|████████▋ | 541/622 [1:29:12<13:16,  9.83s/it]
 87%|████████▋ | 542/622 [1:29:22<13:04,  9.80s/it]
 87%|████████▋ | 543/622 [1:29:32<13:09,  9.99s/it]
 87%|████████▋ | 544/622 [1:29:42<12:57,  9.97s/it]
 88%|████████▊ | 545/622 [1:29:53<13:04, 10.19s/it]
 88%|████████▊ | 546/622 [1:30:02<12:30,  9.88s/it]
 88%|████████▊ | 547/622 [1:30:13<12:39, 10.13s/it]
 88%|████████▊ | 548/622 [1:30:23<12:28, 10.12s/it]
 88%|████████▊ | 549/622 [1:30:32<12:01,  9.88s/it]
 88%|████████▊ | 550/622 [1:30:42<11:46,  9.82s/it]
 89%|████████▊ | 551/622 [1:30:52<11:47,  9.97s/it]
 89%|████████▊ | 552/622 [1:31:02<11:33,  9.91s/it]
 89%|████████▉ | 553/622 [1:31:12<11:17,  9.82s/it]
 89%|████████▉ | 554/622 [1:31:20<10:34,  9.33s/it]
 89%|████████▉ | 555/622 [1:31:29<10:24,  9.33s/it]
 89%|████████▉ | 556/622 [1:31:38<10:02,  9.12s/it]
 90%|████████▉ | 557/622 [1:31:46<09:42,  8.96s/it]
 90%|████████▉ | 558/622 [1:31:57<10:12,  9.56s/it]
 90%|████████▉ | 559/622 [1:32:05<09:19,  8.88s/it]
 90%|█████████ | 560/622 [1:32:16<09:59,  9.68s/it]
                                                   

 90%|█████████ | 560/622 [1:32:17<09:59,  9.68s/it]
 90%|█████████ | 561/622 [1:32:25<09:28,  9.33s/it]
 90%|█████████ | 562/622 [1:32:35<09:33,  9.56s/it]
 91%|█████████ | 563/622 [1:32:43<09:06,  9.26s/it]
 91%|█████████ | 564/622 [1:32:53<09:10,  9.49s/it]
 91%|█████████ | 565/622 [1:33:03<08:56,  9.42s/it]
 91%|█████████ | 566/622 [1:33:12<08:52,  9.50s/it]
 91%|█████████ | 567/622 [1:33:22<08:52,  9.67s/it]
 91%|█████████▏| 568/622 [1:33:35<09:25, 10.48s/it]
 91%|█████████▏| 569/622 [1:33:49<10:17, 11.65s/it]
 92%|█████████▏| 570/622 [1:33:59<09:42, 11.21s/it]
 92%|█████████▏| 571/622 [1:34:13<10:10, 11.97s/it]
 92%|█████████▏| 572/622 [1:34:24<09:38, 11.56s/it]
 92%|█████████▏| 573/622 [1:34:35<09:18, 11.39s/it]
 92%|█████████▏| 574/622 [1:34:47<09:17, 11.61s/it]
 92%|█████████▏| 575/622 [1:35:00<09:24, 12.00s/it]
 93%|█████████▎| 576/622 [1:35:11<09:03, 11.82s/it]
 93%|█████████▎| 577/622 [1:35:21<08:23, 11.20s/it]
 93%|█████████▎| 578/622 [1:35:30<07:52, 10.73s/it]
 93%|█████████▎| 579/622 [1:35:42<07:50, 10.94s/it]
 93%|█████████▎| 580/622 [1:35:54<07:54, 11.30s/it]
                                                   

 93%|█████████▎| 580/622 [1:35:55<07:54, 11.30s/it]
 93%|█████████▎| 581/622 [1:36:04<07:29, 10.96s/it]
 94%|█████████▎| 582/622 [1:36:17<07:37, 11.44s/it]
 94%|█████████▎| 583/622 [1:36:28<07:19, 11.28s/it]
 94%|█████████▍| 584/622 [1:36:38<06:58, 11.00s/it]
 94%|█████████▍| 585/622 [1:36:47<06:28, 10.51s/it]
 94%|█████████▍| 586/622 [1:36:59<06:35, 10.98s/it]
 94%|█████████▍| 587/622 [1:37:09<06:12, 10.64s/it]
 95%|█████████▍| 588/622 [1:37:20<06:06, 10.79s/it]
 95%|█████████▍| 589/622 [1:37:32<06:04, 11.06s/it]
 95%|█████████▍| 590/622 [1:37:43<05:52, 11.03s/it]
 95%|█████████▌| 591/622 [1:37:55<05:49, 11.28s/it]
 95%|█████████▌| 592/622 [1:38:08<05:51, 11.72s/it]
 95%|█████████▌| 593/622 [1:38:18<05:25, 11.24s/it]
 95%|█████████▌| 594/622 [1:38:28<05:09, 11.07s/it]
 96%|█████████▌| 595/622 [1:38:40<05:02, 11.20s/it]
 96%|█████████▌| 596/622 [1:38:51<04:53, 11.29s/it]
 96%|█████████▌| 597/622 [1:39:00<04:23, 10.53s/it]
 96%|█████████▌| 598/622 [1:39:11<04:16, 10.69s/it]
 96%|█████████▋| 599/622 [1:39:23<04:16, 11.15s/it]
 96%|█████████▋| 600/622 [1:39:32<03:50, 10.49s/it]
                                                   

 96%|█████████▋| 600/622 [1:39:33<03:50, 10.49s/it]
 97%|█████████▋| 601/622 [1:39:42<03:34, 10.20s/it]
 97%|█████████▋| 602/622 [1:39:53<03:31, 10.57s/it]
 97%|█████████▋| 603/622 [1:40:05<03:26, 10.88s/it]
 97%|█████████▋| 604/622 [1:40:14<03:05, 10.29s/it]
 97%|█████████▋| 605/622 [1:40:24<02:51, 10.09s/it]
 97%|█████████▋| 606/622 [1:40:35<02:47, 10.49s/it]
 98%|█████████▊| 607/622 [1:40:46<02:40, 10.73s/it]
 98%|█████████▊| 608/622 [1:40:57<02:30, 10.78s/it]
 98%|█████████▊| 609/622 [1:41:08<02:20, 10.81s/it]
 98%|█████████▊| 610/622 [1:41:18<02:07, 10.59s/it]
 98%|█████████▊| 611/622 [1:41:29<01:57, 10.64s/it]
 98%|█████████▊| 612/622 [1:41:40<01:47, 10.75s/it]
 99%|█████████▊| 613/622 [1:41:50<01:35, 10.64s/it]
 99%|█████████▊| 614/622 [1:42:03<01:30, 11.25s/it]
 99%|█████████▉| 615/622 [1:42:16<01:22, 11.78s/it]
 99%|█████████▉| 616/622 [1:42:27<01:09, 11.62s/it]
 99%|█████████▉| 617/622 [1:42:39<00:58, 11.71s/it]
 99%|█████████▉| 618/622 [1:42:49<00:44, 11.24s/it]
100%|█████████▉| 619/622 [1:42:58<00:31, 10.43s/it]
100%|█████████▉| 620/622 [1:43:10<00:21, 10.95s/it]
                                                   

100%|█████████▉| 620/622 [1:43:11<00:21, 10.95s/it]
100%|█████████▉| 621/622 [1:43:20<00:10, 10.83s/it]
100%|██████████| 622/622 [1:43:29<00:00, 10.06s/it]{'loss': '23.93', 'grad_norm': '28.71', 'learning_rate': '5.42e-05', 'epoch': '1.029'}
{'loss': '23.9', 'grad_norm': '13.76', 'learning_rate': '5.063e-05', 'epoch': '1.093'}
{'loss': '23.99', 'grad_norm': '3.345', 'learning_rate': '4.705e-05', 'epoch': '1.158'}
{'loss': '24', 'grad_norm': '10.42', 'learning_rate': '4.347e-05', 'epoch': '1.222'}
{'loss': '24.04', 'grad_norm': '5.674', 'learning_rate': '3.989e-05', 'epoch': '1.286'}
{'loss': '24.04', 'grad_norm': '18.69', 'learning_rate': '3.631e-05', 'epoch': '1.351'}
{'loss': '24.07', 'grad_norm': '14.7', 'learning_rate': '3.274e-05', 'epoch': '1.415'}
{'loss': '24', 'grad_norm': '9.484', 'learning_rate': '2.916e-05', 'epoch': '1.479'}
{'loss': '23.96', 'grad_norm': '3.256', 'learning_rate': '2.558e-05', 'epoch': '1.544'}
{'loss': '24.05', 'grad_norm': '18.71', 'learning_rate': '2.2e-05', 'epoch': '1.608'}
{'loss': '24.24', 'grad_norm': '27.97', 'learning_rate': '1.843e-05', 'epoch': '1.672'}
{'loss': '24.15', 'grad_norm': '18.23', 'learning_rate': '1.485e-05', 'epoch': '1.737'}
{'loss': '24', 'grad_norm': '18.51', 'learning_rate': '1.127e-05', 'epoch': '1.801'}
{'loss': '23.86', 'grad_norm': '16.75', 'learning_rate': '7.692e-06', 'epoch': '1.865'}
{'loss': '23.94', 'grad_norm': '13.66', 'learning_rate': '4.114e-06', 'epoch': '1.93'}
{'loss': '24.12', 'grad_norm': '6.151', 'learning_rate': '5.367e-07', 'epoch': '1.994'}


  0%|          | 0/247 [00:00<?, ?it/s][A

  1%|          | 2/247 [00:00<00:41,  5.89it/s][A

  1%|          | 3/247 [00:00<00:44,  5.44it/s][A

  2%|▏         | 4/247 [00:00<00:53,  4.55it/s][A

  2%|▏         | 5/247 [00:01<01:04,  3.78it/s][A

  2%|▏         | 6/247 [00:01<00:58,  4.14it/s][A

  3%|▎         | 7/247 [00:01<01:06,  3.60it/s][A

  3%|▎         | 8/247 [00:02<01:14,  3.22it/s][A

  4%|▎         | 9/247 [00:02<01:18,  3.03it/s][A

  4%|▍         | 10/247 [00:02<01:21,  2.90it/s][A

  4%|▍         | 11/247 [00:03<01:14,  3.19it/s][A

  5%|▍         | 12/247 [00:03<01:17,  3.03it/s][A

  5%|▌         | 13/247 [00:03<01:17,  3.01it/s][A

  6%|▌         | 14/247 [00:04<01:13,  3.18it/s][A

  6%|▌         | 15/247 [00:04<01:12,  3.20it/s][A

  6%|▋         | 16/247 [00:04<01:19,  2.92it/s][A

  7%|▋         | 17/247 [00:05<01:12,  3.16it/s][A

  7%|▋         | 18/247 [00:05<01:09,  3.28it/s][A

  8%|▊         | 19/247 [00:05<01:18,  2.91it/s][A

  8%|▊         | 20/247 [00:06<01:25,  2.66it/s][A

  9%|▊         | 21/247 [00:06<01:21,  2.77it/s][A

  9%|▉         | 22/247 [00:07<01:34,  2.39it/s][A

  9%|▉         | 23/247 [00:07<01:26,  2.58it/s][A

 10%|▉         | 24/247 [00:07<01:25,  2.61it/s][A

 10%|█         | 25/247 [00:08<01:13,  3.00it/s][A

 11%|█         | 26/247 [00:08<01:10,  3.14it/s][A

 11%|█         | 27/247 [00:08<01:05,  3.37it/s][A

 11%|█▏        | 28/247 [00:08<01:04,  3.38it/s][A

 12%|█▏        | 29/247 [00:09<01:01,  3.57it/s][A

 12%|█▏        | 30/247 [00:09<00:59,  3.66it/s][A

 13%|█▎        | 31/247 [00:09<01:00,  3.59it/s][A

 13%|█▎        | 32/247 [00:09<00:54,  3.95it/s][A

 13%|█▎        | 33/247 [00:10<01:00,  3.52it/s][A

 14%|█▍        | 34/247 [00:10<00:58,  3.67it/s][A

 14%|█▍        | 35/247 [00:10<00:55,  3.82it/s][A

 15%|█▍        | 36/247 [00:11<01:05,  3.25it/s][A

 15%|█▍        | 37/247 [00:11<01:00,  3.44it/s][A

 15%|█▌        | 38/247 [00:11<01:05,  3.21it/s][A

 16%|█▌        | 39/247 [00:12<01:11,  2.91it/s][A

 16%|█▌        | 40/247 [00:12<01:07,  3.05it/s][A

 17%|█▋        | 41/247 [00:12<01:04,  3.18it/s][A

 17%|█▋        | 42/247 [00:13<01:07,  3.05it/s][A

 17%|█▋        | 43/247 [00:13<01:13,  2.76it/s][A

 18%|█▊        | 44/247 [00:13<01:13,  2.74it/s][A

 18%|█▊        | 45/247 [00:14<01:14,  2.70it/s][A

 19%|█▊        | 46/247 [00:14<01:10,  2.86it/s][A

 19%|█▉        | 47/247 [00:14<01:01,  3.26it/s][A

 19%|█▉        | 48/247 [00:14<00:52,  3.77it/s][A

 20%|█▉        | 49/247 [00:15<00:57,  3.44it/s][A

 20%|██        | 50/247 [00:15<01:20,  2.45it/s][A

 21%|██        | 51/247 [00:16<01:12,  2.70it/s][A

 21%|██        | 52/247 [00:16<01:10,  2.77it/s][A

 21%|██▏       | 53/247 [00:17<01:23,  2.33it/s][A

 22%|██▏       | 54/247 [00:17<01:24,  2.28it/s][A

 22%|██▏       | 55/247 [00:17<01:17,  2.49it/s][A

 23%|██▎       | 56/247 [00:18<01:20,  2.36it/s][A

 23%|██▎       | 57/247 [00:18<01:10,  2.69it/s][A

 23%|██▎       | 58/247 [00:19<01:09,  2.71it/s][A

 24%|██▍       | 59/247 [00:19<01:07,  2.79it/s][A

 24%|██▍       | 60/247 [00:19<01:03,  2.97it/s][A

 25%|██▍       | 61/247 [00:19<00:56,  3.30it/s][A

 25%|██▌       | 62/247 [00:20<00:54,  3.39it/s][A

 26%|██▌       | 63/247 [00:20<00:51,  3.57it/s][A

 26%|██▌       | 64/247 [00:20<00:49,  3.71it/s][A

 26%|██▋       | 65/247 [00:20<00:44,  4.07it/s][A

 27%|██▋       | 66/247 [00:21<00:44,  4.10it/s][A

 27%|██▋       | 67/247 [00:21<00:53,  3.36it/s][A

 28%|██▊       | 68/247 [00:21<01:02,  2.84it/s][A

 28%|██▊       | 69/247 [00:22<01:06,  2.70it/s][A

 28%|██▊       | 70/247 [00:22<01:03,  2.79it/s][A

 29%|██▊       | 71/247 [00:22<00:55,  3.16it/s][A

 29%|██▉       | 72/247 [00:23<00:51,  3.37it/s][A

 30%|██▉       | 73/247 [00:23<01:00,  2.85it/s][A

 30%|██▉       | 74/247 [00:23<00:57,  3.03it/s][A

 30%|███       | 75/247 [00:24<01:01,  2.80it/s][A

 31%|███       | 76/247 [00:24<01:00,  2.81it/s][A

 31%|███       | 77/247 [00:24<00:53,  3.19it/s][A

 32%|███▏      | 78/247 [00:25<00:49,  3.40it/s][A

 32%|███▏      | 79/247 [00:25<00:49,  3.40it/s][A

 32%|███▏      | 80/247 [00:25<00:49,  3.39it/s][A

 33%|███▎      | 81/247 [00:25<00:45,  3.64it/s][A

 33%|███▎      | 82/247 [00:26<00:45,  3.61it/s][A

 34%|███▎      | 83/247 [00:26<00:39,  4.13it/s][A

 34%|███▍      | 84/247 [00:26<00:45,  3.57it/s][A

 34%|███▍      | 85/247 [00:27<00:53,  3.01it/s][A

 35%|███▍      | 86/247 [00:27<00:50,  3.20it/s][A

 35%|███▌      | 87/247 [00:27<00:56,  2.81it/s][A

 36%|███▌      | 88/247 [00:28<00:54,  2.94it/s][A

 36%|███▌      | 89/247 [00:28<00:55,  2.85it/s][A

 36%|███▋      | 90/247 [00:28<00:52,  3.01it/s][A

 37%|███▋      | 91/247 [00:29<00:53,  2.93it/s][A

 37%|███▋      | 92/247 [00:29<00:47,  3.27it/s][A

 38%|███▊      | 93/247 [00:29<00:45,  3.37it/s][A

 38%|███▊      | 94/247 [00:30<00:55,  2.73it/s][A

 38%|███▊      | 95/247 [00:30<00:54,  2.80it/s][A

 39%|███▉      | 96/247 [00:31<00:57,  2.62it/s][A

 39%|███▉      | 97/247 [00:31<00:57,  2.59it/s][A

 40%|███▉      | 98/247 [00:32<01:17,  1.92it/s][A

 40%|████      | 99/247 [00:32<01:07,  2.18it/s][A

 40%|████      | 100/247 [00:33<01:10,  2.07it/s][A

 41%|████      | 101/247 [00:33<00:58,  2.49it/s][A

 41%|████▏     | 102/247 [00:33<00:54,  2.67it/s][A

 42%|████▏     | 103/247 [00:34<00:58,  2.46it/s][A

 42%|████▏     | 104/247 [00:34<00:50,  2.81it/s][A

 43%|████▎     | 105/247 [00:34<00:51,  2.73it/s][A

 43%|████▎     | 106/247 [00:35<00:52,  2.67it/s][A

 43%|████▎     | 107/247 [00:35<01:01,  2.26it/s][A

 44%|████▎     | 108/247 [00:36<01:04,  2.16it/s][A

 44%|████▍     | 109/247 [00:36<01:01,  2.23it/s][A

 45%|████▍     | 110/247 [00:37<01:05,  2.08it/s][A

 45%|████▍     | 111/247 [00:37<00:59,  2.28it/s][A

 45%|████▌     | 112/247 [00:37<00:55,  2.41it/s][A

 46%|████▌     | 113/247 [00:38<00:53,  2.49it/s][A

 46%|████▌     | 114/247 [00:38<00:47,  2.78it/s][A

 47%|████▋     | 115/247 [00:38<00:46,  2.87it/s][A

 47%|████▋     | 116/247 [00:39<00:48,  2.72it/s][A

 47%|████▋     | 117/247 [00:39<00:42,  3.06it/s][A

 48%|████▊     | 118/247 [00:39<00:40,  3.20it/s][A

 48%|████▊     | 119/247 [00:40<00:35,  3.59it/s][A

 49%|████▊     | 120/247 [00:40<00:37,  3.38it/s][A

 49%|████▉     | 121/247 [00:40<00:38,  3.28it/s][A

 49%|████▉     | 122/247 [00:40<00:35,  3.55it/s][A

 50%|████▉     | 123/247 [00:41<00:31,  3.89it/s][A

 50%|█████     | 124/247 [00:41<00:34,  3.54it/s][A

 51%|█████     | 125/247 [00:41<00:31,  3.85it/s][A

 51%|█████     | 126/247 [00:41<00:28,  4.20it/s][A

 51%|█████▏    | 127/247 [00:42<00:29,  4.14it/s][A

 52%|█████▏    | 128/247 [00:42<00:28,  4.14it/s][A

 52%|█████▏    | 129/247 [00:42<00:27,  4.24it/s][A

 53%|█████▎    | 130/247 [00:42<00:30,  3.83it/s][A

 53%|█████▎    | 131/247 [00:43<00:29,  3.87it/s][A

 53%|█████▎    | 132/247 [00:43<00:35,  3.20it/s][A

 54%|█████▍    | 133/247 [00:43<00:33,  3.40it/s][A

 54%|█████▍    | 134/247 [00:44<00:42,  2.65it/s][A

 55%|█████▍    | 135/247 [00:44<00:41,  2.73it/s][A

 55%|█████▌    | 136/247 [00:45<00:40,  2.73it/s][A

 55%|█████▌    | 137/247 [00:45<00:38,  2.84it/s][A

 56%|█████▌    | 138/247 [00:45<00:34,  3.17it/s][A

 56%|█████▋    | 139/247 [00:45<00:32,  3.37it/s][A

 57%|█████▋    | 140/247 [00:46<00:33,  3.20it/s][A

 57%|█████▋    | 141/247 [00:46<00:30,  3.47it/s][A

 57%|█████▋    | 142/247 [00:47<00:37,  2.78it/s][A

 58%|█████▊    | 143/247 [00:47<00:38,  2.71it/s][A

 58%|█████▊    | 144/247 [00:47<00:35,  2.94it/s][A

 59%|█████▊    | 145/247 [00:48<00:34,  3.00it/s][A

 59%|█████▉    | 146/247 [00:48<00:35,  2.81it/s][A

 60%|█████▉    | 147/247 [00:48<00:33,  2.96it/s][A

 60%|█████▉    | 148/247 [00:48<00:29,  3.37it/s][A

 60%|██████    | 149/247 [00:49<00:27,  3.56it/s][A

 61%|██████    | 150/247 [00:49<00:29,  3.27it/s][A

 61%|██████    | 151/247 [00:49<00:31,  3.04it/s][A

 62%|██████▏   | 152/247 [00:50<00:30,  3.16it/s][A

 62%|██████▏   | 153/247 [00:50<00:29,  3.19it/s][A

 62%|██████▏   | 154/247 [00:50<00:25,  3.62it/s][A

 63%|██████▎   | 155/247 [00:50<00:23,  3.87it/s][A

 63%|██████▎   | 156/247 [00:51<00:27,  3.36it/s][A

 64%|██████▎   | 157/247 [00:51<00:36,  2.50it/s][A

 64%|██████▍   | 158/247 [00:52<00:30,  2.95it/s][A

 64%|██████▍   | 159/247 [00:52<00:33,  2.59it/s][A

 65%|██████▍   | 160/247 [00:52<00:29,  2.93it/s][A

 65%|██████▌   | 161/247 [00:53<00:29,  2.95it/s][A

 66%|██████▌   | 162/247 [00:53<00:26,  3.15it/s][A

 66%|██████▌   | 163/247 [00:53<00:24,  3.40it/s][A

 66%|██████▋   | 164/247 [00:53<00:22,  3.64it/s][A

 67%|██████▋   | 165/247 [00:54<00:21,  3.81it/s][A

 67%|██████▋   | 166/247 [00:54<00:20,  3.95it/s][A

 68%|██████▊   | 167/247 [00:54<00:22,  3.51it/s][A

 68%|██████▊   | 168/247 [00:54<00:20,  3.79it/s][A

 68%|██████▊   | 169/247 [00:55<00:24,  3.15it/s][A

 69%|██████▉   | 170/247 [00:55<00:27,  2.76it/s][A

 69%|██████▉   | 171/247 [00:56<00:26,  2.86it/s][A

 70%|██████▉   | 172/247 [00:56<00:23,  3.24it/s][A

 70%|███████   | 173/247 [00:56<00:24,  3.02it/s][A

 70%|███████   | 174/247 [00:57<00:22,  3.18it/s][A

 71%|███████   | 175/247 [00:57<00:26,  2.72it/s][A

 71%|███████▏  | 176/247 [00:57<00:24,  2.91it/s][A

 72%|███████▏  | 177/247 [00:58<00:21,  3.29it/s][A

 72%|███████▏  | 178/247 [00:58<00:19,  3.52it/s][A

 72%|███████▏  | 179/247 [00:58<00:19,  3.46it/s][A

 73%|███████▎  | 180/247 [00:58<00:18,  3.62it/s][A

 73%|███████▎  | 181/247 [00:59<00:18,  3.59it/s][A

 74%|███████▎  | 182/247 [00:59<00:17,  3.63it/s][A

 74%|███████▍  | 183/247 [00:59<00:16,  3.91it/s][A

 74%|███████▍  | 184/247 [00:59<00:16,  3.81it/s][A

 75%|███████▍  | 185/247 [01:00<00:18,  3.38it/s][A

 75%|███████▌  | 186/247 [01:00<00:19,  3.15it/s][A

 76%|███████▌  | 187/247 [01:01<00:20,  2.89it/s][A

 76%|███████▌  | 188/247 [01:01<00:18,  3.16it/s][A

 77%|███████▋  | 189/247 [01:01<00:16,  3.55it/s][A

 77%|███████▋  | 190/247 [01:01<00:15,  3.64it/s][A

 77%|███████▋  | 191/247 [01:02<00:14,  3.83it/s][A

 78%|███████▊  | 192/247 [01:02<00:15,  3.65it/s][A

 78%|███████▊  | 193/247 [01:02<00:17,  3.14it/s][A

 79%|███████▊  | 194/247 [01:03<00:17,  3.02it/s][A

 79%|███████▉  | 195/247 [01:03<00:15,  3.27it/s][A

 79%|███████▉  | 196/247 [01:03<00:15,  3.22it/s][A

 80%|███████▉  | 197/247 [01:04<00:18,  2.74it/s][A

 80%|████████  | 198/247 [01:04<00:21,  2.32it/s][A

 81%|████████  | 199/247 [01:05<00:20,  2.39it/s][A

 81%|████████  | 200/247 [01:05<00:17,  2.67it/s][A

 81%|████████▏ | 201/247 [01:05<00:16,  2.77it/s][A

 82%|████████▏ | 202/247 [01:06<00:17,  2.58it/s][A

 82%|████████▏ | 203/247 [01:06<00:15,  2.84it/s][A

 83%|████████▎ | 204/247 [01:06<00:16,  2.67it/s][A

 83%|████████▎ | 205/247 [01:07<00:14,  2.89it/s][A

 83%|████████▎ | 206/247 [01:07<00:14,  2.86it/s][A

 84%|████████▍ | 207/247 [01:07<00:12,  3.11it/s][A

 84%|████████▍ | 208/247 [01:08<00:11,  3.27it/s][A

 85%|████████▍ | 209/247 [01:08<00:11,  3.43it/s][A

 85%|████████▌ | 210/247 [01:08<00:11,  3.23it/s][A

 85%|████████▌ | 211/247 [01:08<00:11,  3.25it/s][A

 86%|████████▌ | 212/247 [01:09<00:09,  3.59it/s][A

 86%|████████▌ | 213/247 [01:09<00:09,  3.72it/s][A

 87%|████████▋ | 214/247 [01:09<00:10,  3.08it/s][A

 87%|████████▋ | 215/247 [01:10<00:09,  3.45it/s][A

 87%|████████▋ | 216/247 [01:10<00:09,  3.20it/s][A

 88%|████████▊ | 217/247 [01:10<00:10,  2.86it/s][A

 88%|████████▊ | 218/247 [01:11<00:10,  2.77it/s][A

 89%|████████▊ | 219/247 [01:11<00:10,  2.75it/s][A

 89%|████████▉ | 220/247 [01:11<00:09,  2.77it/s][A

 89%|████████▉ | 221/247 [01:12<00:09,  2.74it/s][A

 90%|████████▉ | 222/247 [01:12<00:08,  2.88it/s][A

 90%|█████████ | 223/247 [01:12<00:07,  3.05it/s][A

 91%|█████████ | 224/247 [01:13<00:07,  3.16it/s][A

 91%|█████████ | 225/247 [01:13<00:06,  3.34it/s][A

 91%|█████████▏| 226/247 [01:13<00:05,  3.61it/s][A

 92%|█████████▏| 227/247 [01:13<00:05,  3.97it/s][A

 92%|█████████▏| 228/247 [01:14<00:04,  4.27it/s][A

 93%|█████████▎| 229/247 [01:14<00:05,  3.24it/s][A

 93%|█████████▎| 230/247 [01:14<00:05,  3.01it/s][A

 94%|█████████▎| 231/247 [01:15<00:05,  2.89it/s][A

 94%|█████████▍| 232/247 [01:15<00:05,  2.78it/s][A

 94%|█████████▍| 233/247 [01:16<00:04,  2.98it/s][A

 95%|█████████▍| 234/247 [01:16<00:04,  2.81it/s][A

 95%|█████████▌| 235/247 [01:17<00:05,  2.38it/s][A

 96%|█████████▌| 236/247 [01:17<00:04,  2.60it/s][A

 96%|█████████▌| 237/247 [01:17<00:03,  2.79it/s][A

 96%|█████████▋| 238/247 [01:17<00:02,  3.00it/s][A

 97%|█████████▋| 239/247 [01:18<00:02,  3.13it/s][A

 97%|█████████▋| 240/247 [01:18<00:02,  3.02it/s][A

 98%|█████████▊| 241/247 [01:18<00:01,  3.11it/s][A

 98%|█████████▊| 242/247 [01:18<00:01,  3.58it/s][A

 98%|█████████▊| 243/247 [01:19<00:01,  3.70it/s][A

 99%|█████████▉| 244/247 [01:19<00:00,  3.89it/s][A

 99%|█████████▉| 245/247 [01:19<00:00,  3.62it/s][A

100%|█████████▉| 246/247 [01:20<00:00,  2.63it/s][A

100%|██████████| 247/247 [01:20<00:00,  3.09it/s][A
                                                   


                                                 
[A
100%|██████████| 622/622 [1:44:50<00:00, 10.06s/it]

100%|██████████| 247/247 [01:20<00:00,  3.09it/s][A

                                                 [A{'eval_loss': '3.028', 'eval_wer': '0.9709', 'eval_cer': '0.9614', 'eval_runtime': '81.66', 'eval_samples_per_second': '6.038', 'eval_steps_per_second': '3.025', 'epoch': '2'}


Writing model shards:   0%|          | 0/1 [00:00<?, ?it/s][A

Writing model shards: 100%|██████████| 1/1 [00:01<00:00,  1.21s/it][A
Writing model shards: 100%|██████████| 1/1 [00:01<00:00,  1.21s/it]

                                                   

100%|██████████| 622/622 [1:44:56<00:00, 10.06s/it]
100%|██████████| 622/622 [1:44:59<00:00, 10.13s/it]
/Users/mulisamusehane/Documents/GitHub/MultilingualASR/.venv/lib/python3.12/site-packages/torch/utils/data/dataloader.py:759: UserWarning: 'pin_memory' argument is set as true but not supported on MPS now, device pinned memory won't be used.
  super().__init__(loader)
{'train_runtime': '6297', 'train_samples_per_second': '1.58', 'train_steps_per_second': '0.099', 'train_loss': '26.64', 'epoch': '2'}

  0%|          | 0/247 [00:00<?, ?it/s]
  1%|          | 2/247 [00:00<00:47,  5.11it/s]
  1%|          | 3/247 [00:00<00:48,  4.99it/s]
  2%|▏         | 4/247 [00:00<00:56,  4.30it/s]
  2%|▏         | 5/247 [00:01<01:12,  3.35it/s]
  2%|▏         | 6/247 [00:01<01:05,  3.69it/s]
  3%|▎         | 7/247 [00:01<01:09,  3.47it/s]
  3%|▎         | 8/247 [00:02<01:16,  3.14it/s]
  4%|▎         | 9/247 [00:02<01:15,  3.16it/s]
  4%|▍         | 10/247 [00:02<01:17,  3.07it/s]
  4%|▍         | 11/247 [00:03<01:11,  3.29it/s]
  5%|▍         | 12/247 [00:03<01:15,  3.12it/s]
  5%|▌         | 13/247 [00:03<01:13,  3.17it/s]
  6%|▌         | 14/247 [00:04<01:10,  3.30it/s]
  6%|▌         | 15/247 [00:04<01:10,  3.27it/s]
  6%|▋         | 16/247 [00:04<01:19,  2.90it/s]
  7%|▋         | 17/247 [00:05<01:18,  2.93it/s]
  7%|▋         | 18/247 [00:05<01:14,  3.09it/s]
  8%|▊         | 19/247 [00:05<01:17,  2.95it/s]
  8%|▊         | 20/247 [00:06<01:21,  2.79it/s]
  9%|▊         | 21/247 [00:06<01:18,  2.89it/s]
  9%|▉         | 22/247 [00:07<01:29,  2.50it/s]
  9%|▉         | 23/247 [00:07<01:20,  2.77it/s]
 10%|▉         | 24/247 [00:07<01:20,  2.76it/s]
 10%|█         | 25/247 [00:07<01:10,  3.16it/s]
 11%|█         | 26/247 [00:08<01:06,  3.32it/s]
 11%|█         | 27/247 [00:08<01:02,  3.54it/s]
 11%|█▏        | 28/247 [00:08<01:03,  3.47it/s]
 12%|█▏        | 29/247 [00:08<00:59,  3.66it/s]
 12%|█▏        | 30/247 [00:09<00:55,  3.90it/s]
 13%|█▎        | 31/247 [00:09<00:57,  3.78it/s]
 13%|█▎        | 32/247 [00:09<00:51,  4.14it/s]
 13%|█▎        | 33/247 [00:09<00:58,  3.67it/s]
 14%|█▍        | 34/247 [00:10<00:55,  3.82it/s]
 14%|█▍        | 35/247 [00:10<00:53,  3.95it/s]
 15%|█▍        | 36/247 [00:10<01:04,  3.27it/s]
 15%|█▍        | 37/247 [00:11<00:59,  3.53it/s]
 15%|█▌        | 38/247 [00:11<01:03,  3.31it/s]
 16%|█▌        | 39/247 [00:11<01:10,  2.93it/s]
 16%|█▌        | 40/247 [00:12<01:07,  3.06it/s]
 17%|█▋        | 41/247 [00:12<01:04,  3.22it/s]
 17%|█▋        | 42/247 [00:12<01:07,  3.05it/s]
 17%|█▋        | 43/247 [00:13<01:11,  2.85it/s]
 18%|█▊        | 44/247 [00:13<01:12,  2.81it/s]
 18%|█▊        | 45/247 [00:13<01:12,  2.79it/s]
 19%|█▊        | 46/247 [00:14<01:07,  2.97it/s]
 19%|█▉        | 47/247 [00:14<00:59,  3.39it/s]
 19%|█▉        | 48/247 [00:14<00:51,  3.86it/s]
 20%|█▉        | 49/247 [00:14<00:55,  3.56it/s]
 20%|██        | 50/247 [00:15<01:15,  2.61it/s]
 21%|██        | 51/247 [00:15<01:07,  2.90it/s]
 21%|██        | 52/247 [00:16<01:06,  2.94it/s]
 21%|██▏       | 53/247 [00:16<01:19,  2.44it/s]
 22%|██▏       | 54/247 [00:17<01:23,  2.31it/s]
 22%|██▏       | 55/247 [00:17<01:15,  2.54it/s]
 23%|██▎       | 56/247 [00:18<01:19,  2.39it/s]
 23%|██▎       | 57/247 [00:18<01:08,  2.76it/s]
 23%|██▎       | 58/247 [00:18<01:06,  2.84it/s]
 24%|██▍       | 59/247 [00:18<01:06,  2.82it/s]
 24%|██▍       | 60/247 [00:19<01:02,  3.01it/s]
 25%|██▍       | 61/247 [00:19<00:55,  3.32it/s]
 25%|██▌       | 62/247 [00:19<00:54,  3.40it/s]
 26%|██▌       | 63/247 [00:19<00:49,  3.70it/s]
 26%|██▌       | 64/247 [00:20<00:49,  3.71it/s]
 26%|██▋       | 65/247 [00:20<00:45,  4.04it/s]
 27%|██▋       | 66/247 [00:20<00:43,  4.13it/s]
 27%|██▋       | 67/247 [00:21<00:53,  3.37it/s]
 28%|██▊       | 68/247 [00:21<01:02,  2.88it/s]
 28%|██▊       | 69/247 [00:21<01:02,  2.83it/s]
 28%|██▊       | 70/247 [00:22<01:01,  2.87it/s]
 29%|██▊       | 71/247 [00:22<00:55,  3.17it/s]
 29%|██▉       | 72/247 [00:22<00:51,  3.42it/s]
 30%|██▉       | 73/247 [00:23<01:01,  2.85it/s]
 30%|██▉       | 74/247 [00:23<00:57,  3.02it/s]
 30%|███       | 75/247 [00:23<00:59,  2.87it/s]
 31%|███       | 76/247 [00:24<01:00,  2.83it/s]
 31%|███       | 77/247 [00:24<00:53,  3.19it/s]
 32%|███▏      | 78/247 [00:24<00:49,  3.44it/s]
 32%|███▏      | 79/247 [00:24<00:49,  3.40it/s]
 32%|███▏      | 80/247 [00:25<00:49,  3.35it/s]
 33%|███▎      | 81/247 [00:25<00:46,  3.60it/s]
 33%|███▎      | 82/247 [00:25<00:45,  3.61it/s]
 34%|███▎      | 83/247 [00:25<00:40,  4.09it/s]
 34%|███▍      | 84/247 [00:26<00:43,  3.71it/s]
 34%|███▍      | 85/247 [00:26<00:52,  3.11it/s]
 35%|███▍      | 86/247 [00:26<00:48,  3.32it/s]
 35%|███▌      | 87/247 [00:27<00:57,  2.78it/s]
 36%|███▌      | 88/247 [00:27<00:52,  3.01it/s]
 36%|███▌      | 89/247 [00:28<00:53,  2.95it/s]
 36%|███▋      | 90/247 [00:28<00:50,  3.09it/s]
 37%|███▋      | 91/247 [00:28<00:51,  3.00it/s]
 37%|███▋      | 92/247 [00:28<00:46,  3.34it/s]
 38%|███▊      | 93/247 [00:29<00:44,  3.49it/s]
 38%|███▊      | 94/247 [00:29<00:54,  2.78it/s]
 38%|███▊      | 95/247 [00:30<00:54,  2.80it/s]
 39%|███▉      | 96/247 [00:30<00:57,  2.64it/s]
 39%|███▉      | 97/247 [00:30<00:56,  2.64it/s]
 40%|███▉      | 98/247 [00:31<01:05,  2.27it/s]
 40%|████      | 99/247 [00:31<00:58,  2.55it/s]
 40%|████      | 100/247 [00:32<01:04,  2.28it/s]
 41%|████      | 101/247 [00:32<00:53,  2.75it/s]
 41%|████▏     | 102/247 [00:32<00:49,  2.91it/s]
 42%|████▏     | 103/247 [00:33<00:55,  2.59it/s]
 42%|████▏     | 104/247 [00:33<00:49,  2.91it/s]
 43%|████▎     | 105/247 [00:33<00:49,  2.87it/s]
 43%|████▎     | 106/247 [00:34<00:50,  2.80it/s]
 43%|████▎     | 107/247 [00:34<00:46,  3.00it/s]
 44%|████▎     | 108/247 [00:35<00:51,  2.68it/s]
 44%|████▍     | 109/247 [00:35<00:52,  2.64it/s]
 45%|████▍     | 110/247 [00:35<00:58,  2.36it/s]
 45%|████▍     | 111/247 [00:36<00:54,  2.51it/s]
 45%|████▌     | 112/247 [00:36<00:54,  2.49it/s]
 46%|████▌     | 113/247 [00:37<00:52,  2.54it/s]
 46%|████▌     | 114/247 [00:37<00:46,  2.86it/s]
 47%|████▋     | 115/247 [00:37<00:44,  2.97it/s]
 47%|████▋     | 116/247 [00:37<00:45,  2.85it/s]
 47%|████▋     | 117/247 [00:38<00:41,  3.11it/s]
 48%|████▊     | 118/247 [00:38<00:39,  3.26it/s]
 48%|████▊     | 119/247 [00:38<00:35,  3.57it/s]
 49%|████▊     | 120/247 [00:39<00:37,  3.41it/s]
 49%|████▉     | 121/247 [00:39<00:37,  3.36it/s]
 49%|████▉     | 122/247 [00:39<00:34,  3.66it/s]
 50%|████▉     | 123/247 [00:39<00:30,  4.11it/s]
 50%|█████     | 124/247 [00:40<00:33,  3.68it/s]
 51%|█████     | 125/247 [00:40<00:30,  4.03it/s]
 51%|█████     | 126/247 [00:40<00:28,  4.31it/s]
 51%|█████▏    | 127/247 [00:40<00:28,  4.27it/s]
 52%|█████▏    | 128/247 [00:40<00:27,  4.37it/s]
 52%|█████▏    | 129/247 [00:41<00:27,  4.36it/s]
 53%|█████▎    | 130/247 [00:41<00:30,  3.83it/s]
 53%|█████▎    | 131/247 [00:41<00:29,  3.95it/s]
 53%|█████▎    | 132/247 [00:42<00:35,  3.26it/s]
 54%|█████▍    | 133/247 [00:42<00:32,  3.51it/s]
 54%|█████▍    | 134/247 [00:42<00:41,  2.74it/s]
 55%|█████▍    | 135/247 [00:43<00:40,  2.76it/s]
 55%|█████▌    | 136/247 [00:43<00:40,  2.77it/s]
 55%|█████▌    | 137/247 [00:43<00:37,  2.93it/s]
 56%|█████▌    | 138/247 [00:44<00:33,  3.26it/s]
 56%|█████▋    | 139/247 [00:44<00:31,  3.44it/s]
 57%|█████▋    | 140/247 [00:44<00:32,  3.27it/s]
 57%|█████▋    | 141/247 [00:45<00:29,  3.60it/s]
 57%|█████▋    | 142/247 [00:45<00:35,  2.94it/s]
 58%|█████▊    | 143/247 [00:45<00:36,  2.88it/s]
 58%|█████▊    | 144/247 [00:46<00:33,  3.05it/s]
 59%|█████▊    | 145/247 [00:46<00:33,  3.06it/s]
 59%|█████▉    | 146/247 [00:46<00:34,  2.89it/s]
 60%|█████▉    | 147/247 [00:47<00:34,  2.92it/s]
 60%|█████▉    | 148/247 [00:47<00:29,  3.40it/s]
 60%|██████    | 149/247 [00:47<00:27,  3.60it/s]
 61%|██████    | 150/247 [00:47<00:29,  3.33it/s]
 61%|██████    | 151/247 [00:48<00:30,  3.14it/s]
 62%|██████▏   | 152/247 [00:48<00:29,  3.22it/s]
 62%|██████▏   | 153/247 [00:48<00:28,  3.29it/s]
 62%|██████▏   | 154/247 [00:49<00:25,  3.60it/s]
 63%|██████▎   | 155/247 [00:49<00:23,  3.84it/s]
 63%|██████▎   | 156/247 [00:49<00:27,  3.34it/s]
 64%|██████▎   | 157/247 [00:50<00:34,  2.58it/s]
 64%|██████▍   | 158/247 [00:50<00:29,  3.07it/s]
 64%|██████▍   | 159/247 [00:50<00:33,  2.66it/s]
 65%|██████▍   | 160/247 [00:51<00:29,  2.95it/s]
 65%|██████▌   | 161/247 [00:51<00:29,  2.92it/s]
 66%|██████▌   | 162/247 [00:51<00:27,  3.05it/s]
 66%|██████▌   | 163/247 [00:52<00:25,  3.32it/s]
 66%|██████▋   | 164/247 [00:52<00:23,  3.50it/s]
 67%|██████▋   | 165/247 [00:52<00:22,  3.67it/s]
 67%|██████▋   | 166/247 [00:52<00:20,  3.92it/s]
 68%|██████▊   | 167/247 [00:53<00:22,  3.56it/s]
 68%|██████▊   | 168/247 [00:53<00:20,  3.81it/s]
 68%|██████▊   | 169/247 [00:53<00:25,  3.11it/s]
 69%|██████▉   | 170/247 [00:54<00:27,  2.79it/s]
 69%|██████▉   | 171/247 [00:54<00:26,  2.90it/s]
 70%|██████▉   | 172/247 [00:54<00:22,  3.34it/s]
 70%|███████   | 173/247 [00:55<00:23,  3.20it/s]
 70%|███████   | 174/247 [00:55<00:22,  3.29it/s]
 71%|███████   | 175/247 [00:55<00:25,  2.87it/s]
 71%|███████▏  | 176/247 [00:56<00:23,  2.99it/s]
 72%|███████▏  | 177/247 [00:56<00:20,  3.41it/s]
 72%|███████▏  | 178/247 [00:56<00:19,  3.57it/s]
 72%|███████▏  | 179/247 [00:56<00:19,  3.43it/s]
 73%|███████▎  | 180/247 [00:57<00:18,  3.58it/s]
 73%|███████▎  | 181/247 [00:57<00:18,  3.61it/s]
 74%|███████▎  | 182/247 [00:57<00:17,  3.65it/s]
 74%|███████▍  | 183/247 [00:57<00:16,  4.00it/s]
 74%|███████▍  | 184/247 [00:58<00:15,  3.96it/s]
 75%|███████▍  | 185/247 [00:58<00:18,  3.41it/s]
 75%|███████▌  | 186/247 [00:58<00:19,  3.17it/s]
 76%|███████▌  | 187/247 [00:59<00:20,  2.96it/s]
 76%|███████▌  | 188/247 [00:59<00:18,  3.25it/s]
 77%|███████▋  | 189/247 [00:59<00:16,  3.60it/s]
 77%|███████▋  | 190/247 [01:00<00:15,  3.63it/s]
 77%|███████▋  | 191/247 [01:00<00:14,  3.94it/s]
 78%|███████▊  | 192/247 [01:00<00:14,  3.80it/s]
 78%|███████▊  | 193/247 [01:00<00:16,  3.25it/s]
 79%|███████▊  | 194/247 [01:01<00:17,  3.09it/s]
 79%|███████▉  | 195/247 [01:01<00:15,  3.34it/s]
 79%|███████▉  | 196/247 [01:01<00:15,  3.29it/s]
 80%|███████▉  | 197/247 [01:02<00:17,  2.80it/s]
 80%|████████  | 198/247 [01:02<00:20,  2.39it/s]
 81%|████████  | 199/247 [01:03<00:19,  2.41it/s]
 81%|████████  | 200/247 [01:03<00:16,  2.80it/s]
 81%|████████▏ | 201/247 [01:03<00:15,  3.00it/s]
 82%|████████▏ | 202/247 [01:04<00:15,  2.88it/s]
 82%|████████▏ | 203/247 [01:04<00:13,  3.16it/s]
 83%|████████▎ | 204/247 [01:04<00:14,  3.03it/s]
 83%|████████▎ | 205/247 [01:05<00:13,  3.11it/s]
 83%|████████▎ | 206/247 [01:05<00:13,  3.09it/s]
 84%|████████▍ | 207/247 [01:05<00:12,  3.25it/s]
 84%|████████▍ | 208/247 [01:05<00:11,  3.36it/s]
 85%|████████▍ | 209/247 [01:06<00:10,  3.48it/s]
 85%|████████▌ | 210/247 [01:06<00:10,  3.40it/s]
 85%|████████▌ | 211/247 [01:06<00:10,  3.32it/s]
 86%|████████▌ | 212/247 [01:07<00:09,  3.65it/s]
 86%|████████▌ | 213/247 [01:07<00:09,  3.76it/s]
 87%|████████▋ | 214/247 [01:07<00:10,  3.16it/s]
 87%|████████▋ | 215/247 [01:07<00:09,  3.51it/s]
 87%|████████▋ | 216/247 [01:08<00:09,  3.21it/s]
 88%|████████▊ | 217/247 [01:08<00:10,  2.93it/s]
 88%|████████▊ | 218/247 [01:09<00:10,  2.85it/s]
 89%|████████▊ | 219/247 [01:09<00:10,  2.79it/s]
 89%|████████▉ | 220/247 [01:09<00:09,  2.83it/s]
 89%|████████▉ | 221/247 [01:10<00:09,  2.75it/s]
 90%|████████▉ | 222/247 [01:10<00:08,  2.83it/s]
 90%|█████████ | 223/247 [01:10<00:08,  2.99it/s]
 91%|█████████ | 224/247 [01:11<00:07,  3.19it/s]
 91%|█████████ | 225/247 [01:11<00:06,  3.33it/s]
 91%|█████████▏| 226/247 [01:11<00:05,  3.62it/s]
 92%|█████████▏| 227/247 [01:11<00:04,  4.02it/s]
 92%|█████████▏| 228/247 [01:12<00:04,  4.27it/s]
 93%|█████████▎| 229/247 [01:12<00:05,  3.11it/s]
 93%|█████████▎| 230/247 [01:12<00:05,  2.98it/s]
 94%|█████████▎| 231/247 [01:13<00:05,  2.86it/s]
 94%|█████████▍| 232/247 [01:13<00:05,  2.80it/s]
 94%|█████████▍| 233/247 [01:13<00:04,  3.02it/s]
 95%|█████████▍| 234/247 [01:14<00:04,  2.89it/s]
 95%|█████████▌| 235/247 [01:14<00:04,  2.47it/s]
 96%|█████████▌| 236/247 [01:15<00:04,  2.73it/s]
 96%|█████████▌| 237/247 [01:15<00:03,  3.17it/s]
 96%|█████████▋| 238/247 [01:15<00:02,  3.25it/s]
 97%|█████████▋| 239/247 [01:15<00:02,  3.32it/s]
 97%|█████████▋| 240/247 [01:16<00:02,  3.17it/s]
 98%|█████████▊| 241/247 [01:16<00:01,  3.21it/s]
 98%|█████████▊| 242/247 [01:16<00:01,  3.66it/s]
 98%|█████████▊| 243/247 [01:16<00:01,  3.78it/s]
 99%|█████████▉| 244/247 [01:17<00:00,  3.83it/s]
 99%|█████████▉| 245/247 [01:17<00:00,  3.60it/s]
100%|█████████▉| 246/247 [01:18<00:00,  2.59it/s]
100%|██████████| 247/247 [01:18<00:00,  3.07it/s]
100%|██████████| 247/247 [01:18<00:00,  3.15it/s]

== data2vec-audio pilot result ==
eval WER: 0.971 | eval CER: 0.961
(zero-shot Whisper Large v3 baseline on NCHLT test: WER 1.108, CER 0.763)
(Wav2Vec2 XLS-R-300M pilot v2 on NCHLT test: WER 0.332, CER 0.074)
(Whisper pilot v2 on NCHLT test: WER 0.182, CER 0.048)
(MMS pilot v1: total blank collapse, WER 0.971/CER 0.961)
(w2v-BERT pilot v1: collapse to 'n', WER 0.953/CER 0.933)

Writing model shards:   0%|          | 0/1 [00:00<?, ?it/s]
Writing model shards: 100%|██████████| 1/1 [00:01<00:00,  1.67s/it]
Writing model shards: 100%|██████████| 1/1 [00:01<00:00,  1.67s/it]
model saved -> /Users/mulisamusehane/Documents/GitHub/MultilingualASR/results/data2vec-ven-pilot/final
