MMS pilot fine-tune | device: mps | train clips: 5000 | eval clips: 500 | epochs: 2

Map:   0%|          | 0/5000 [00:00<?, ? examples/s]
Map:   0%|          | 1/5000 [00:00<18:25,  4.52 examples/s]
Map:   0%|          | 13/5000 [00:00<01:41, 49.17 examples/s]
Map:   0%|          | 25/5000 [00:00<01:10, 70.31 examples/s]
Map:   1%|          | 37/5000 [00:00<00:58, 84.97 examples/s]
Map:   1%|          | 49/5000 [00:00<00:52, 94.06 examples/s]
Map:   1%|          | 61/5000 [00:00<00:50, 97.69 examples/s]
Map:   2%|▏         | 75/5000 [00:00<00:46, 106.33 examples/s]
Map:   2%|▏         | 88/5000 [00:00<00:44, 110.75 examples/s]
Map:   2%|▏         | 102/5000 [00:01<00:42, 115.84 examples/s]
Map:   2%|▏         | 116/5000 [00:01<00:40, 120.60 examples/s]
Map:   3%|▎         | 130/5000 [00:01<00:39, 123.67 examples/s]
Map:   3%|▎         | 147/5000 [00:01<00:41, 115.59 examples/s]
Map:   3%|▎         | 160/5000 [00:01<00:41, 116.56 examples/s]
Map:   3%|▎         | 173/5000 [00:01<00:40, 118.29 examples/s]
Map:   4%|▎         | 187/5000 [00:01<00:39, 121.40 examples/s]
Map:   4%|▍         | 201/5000 [00:01<00:38, 123.73 examples/s]
Map:   4%|▍         | 215/5000 [00:02<00:37, 126.70 examples/s]
Map:   5%|▍         | 229/5000 [00:02<00:37, 127.45 examples/s]
Map:   5%|▍         | 242/5000 [00:02<00:37, 126.89 examples/s]
Map:   5%|▌         | 256/5000 [00:02<00:37, 126.62 examples/s]
Map:   5%|▌         | 269/5000 [00:02<00:37, 125.45 examples/s]
Map:   6%|▌         | 283/5000 [00:02<00:37, 125.33 examples/s]
Map:   6%|▌         | 297/5000 [00:02<00:37, 125.22 examples/s]
Map:   6%|▌         | 311/5000 [00:02<00:37, 124.79 examples/s]
Map:   6%|▋         | 324/5000 [00:02<00:37, 124.19 examples/s]
Map:   7%|▋         | 338/5000 [00:02<00:37, 124.09 examples/s]
Map:   7%|▋         | 352/5000 [00:03<00:37, 125.20 examples/s]
Map:   7%|▋         | 366/5000 [00:03<00:36, 125.90 examples/s]
Map:   8%|▊         | 380/5000 [00:03<00:36, 126.32 examples/s]
Map:   8%|▊         | 393/5000 [00:03<00:36, 124.97 examples/s]
Map:   8%|▊         | 407/5000 [00:03<00:36, 126.36 examples/s]
Map:   8%|▊         | 421/5000 [00:03<00:36, 126.81 examples/s]
Map:   9%|▊         | 435/5000 [00:03<00:35, 128.31 examples/s]
Map:   9%|▉         | 449/5000 [00:03<00:35, 127.38 examples/s]
Map:   9%|▉         | 463/5000 [00:03<00:35, 127.19 examples/s]
Map:  10%|▉         | 477/5000 [00:04<00:35, 128.24 examples/s]
Map:  10%|▉         | 491/5000 [00:04<00:34, 128.87 examples/s]
Map:  10%|█         | 505/5000 [00:04<00:34, 129.02 examples/s]
Map:  10%|█         | 519/5000 [00:04<00:34, 128.47 examples/s]
Map:  11%|█         | 533/5000 [00:04<00:34, 127.76 examples/s]
Map:  11%|█         | 547/5000 [00:04<00:34, 128.01 examples/s]
Map:  11%|█         | 561/5000 [00:04<00:34, 128.03 examples/s]
Map:  12%|█▏        | 575/5000 [00:04<00:34, 129.17 examples/s]
Map:  12%|█▏        | 589/5000 [00:04<00:34, 129.37 examples/s]
Map:  12%|█▏        | 603/5000 [00:05<00:34, 129.24 examples/s]
Map:  12%|█▏        | 617/5000 [00:05<00:33, 128.93 examples/s]
Map:  13%|█▎        | 631/5000 [00:05<00:33, 129.22 examples/s]
Map:  13%|█▎        | 645/5000 [00:05<00:33, 128.34 examples/s]
Map:  13%|█▎        | 659/5000 [00:05<00:34, 127.23 examples/s]
Map:  13%|█▎        | 673/5000 [00:05<00:34, 125.90 examples/s]
Map:  14%|█▍        | 692/5000 [00:05<00:34, 123.21 examples/s]
Map:  14%|█▍        | 706/5000 [00:05<00:34, 124.93 examples/s]
Map:  14%|█▍        | 719/5000 [00:05<00:34, 124.17 examples/s]
Map:  15%|█▍        | 732/5000 [00:06<00:34, 124.01 examples/s]
Map:  15%|█▍        | 746/5000 [00:06<00:33, 125.19 examples/s]
Map:  15%|█▌        | 760/5000 [00:06<00:33, 126.19 examples/s]
Map:  15%|█▌        | 774/5000 [00:06<00:33, 127.66 examples/s]
Map:  16%|█▌        | 788/5000 [00:06<00:32, 128.81 examples/s]
Map:  16%|█▌        | 802/5000 [00:06<00:32, 127.53 examples/s]
Map:  16%|█▋        | 816/5000 [00:06<00:32, 127.85 examples/s]
Map:  17%|█▋        | 830/5000 [00:06<00:32, 128.10 examples/s]
Map:  17%|█▋        | 844/5000 [00:06<00:32, 128.37 examples/s]
Map:  17%|█▋        | 858/5000 [00:07<00:31, 130.01 examples/s]
Map:  17%|█▋        | 872/5000 [00:07<00:31, 130.74 examples/s]
Map:  18%|█▊        | 886/5000 [00:07<00:31, 130.29 examples/s]
Map:  18%|█▊        | 900/5000 [00:07<00:31, 129.56 examples/s]
Map:  18%|█▊        | 914/5000 [00:07<00:31, 129.28 examples/s]
Map:  19%|█▊        | 927/5000 [00:07<00:31, 127.58 examples/s]
Map:  19%|█▉        | 941/5000 [00:07<00:31, 127.59 examples/s]
Map:  19%|█▉        | 955/5000 [00:07<00:31, 127.33 examples/s]
Map:  19%|█▉        | 969/5000 [00:07<00:31, 127.57 examples/s]
Map:  20%|█▉        | 983/5000 [00:08<00:31, 128.48 examples/s]
Map:  20%|█▉        | 997/5000 [00:08<00:31, 129.11 examples/s]
Map:  20%|██        | 1012/5000 [00:08<01:02, 63.45 examples/s]
Map:  21%|██        | 1026/5000 [00:08<00:53, 74.98 examples/s]
Map:  21%|██        | 1040/5000 [00:08<00:46, 85.88 examples/s]
Map:  21%|██        | 1054/5000 [00:08<00:41, 95.23 examples/s]
Map:  21%|██▏       | 1068/5000 [00:09<00:38, 103.43 examples/s]
Map:  22%|██▏       | 1082/5000 [00:09<00:35, 110.51 examples/s]
Map:  22%|██▏       | 1096/5000 [00:09<00:33, 115.90 examples/s]
Map:  22%|██▏       | 1110/5000 [00:09<00:32, 119.98 examples/s]
Map:  22%|██▏       | 1124/5000 [00:09<00:31, 122.58 examples/s]
Map:  23%|██▎       | 1138/5000 [00:09<00:31, 123.43 examples/s]
Map:  23%|██▎       | 1152/5000 [00:09<00:30, 125.10 examples/s]
Map:  23%|██▎       | 1166/5000 [00:09<00:30, 126.21 examples/s]
Map:  24%|██▎       | 1180/5000 [00:09<00:29, 127.97 examples/s]
Map:  24%|██▍       | 1194/5000 [00:10<00:29, 128.80 examples/s]
Map:  24%|██▍       | 1208/5000 [00:10<00:29, 129.58 examples/s]
Map:  24%|██▍       | 1222/5000 [00:10<00:29, 130.27 examples/s]
Map:  25%|██▍       | 1236/5000 [00:10<00:29, 129.64 examples/s]
Map:  25%|██▌       | 1250/5000 [00:10<00:28, 129.41 examples/s]
Map:  25%|██▌       | 1264/5000 [00:10<00:29, 128.79 examples/s]
Map:  26%|██▌       | 1282/5000 [00:10<00:30, 121.54 examples/s]
Map:  26%|██▌       | 1296/5000 [00:10<00:30, 123.15 examples/s]
Map:  26%|██▌       | 1310/5000 [00:10<00:29, 123.74 examples/s]
Map:  26%|██▋       | 1324/5000 [00:11<00:29, 124.45 examples/s]
Map:  27%|██▋       | 1338/5000 [00:11<00:29, 125.78 examples/s]
Map:  27%|██▋       | 1352/5000 [00:11<00:28, 126.36 examples/s]
Map:  27%|██▋       | 1366/5000 [00:11<00:28, 127.44 examples/s]
Map:  28%|██▊       | 1380/5000 [00:11<00:28, 128.30 examples/s]
Map:  28%|██▊       | 1394/5000 [00:11<00:27, 129.19 examples/s]
Map:  28%|██▊       | 1408/5000 [00:11<00:27, 129.70 examples/s]
Map:  28%|██▊       | 1422/5000 [00:11<00:27, 130.34 examples/s]
Map:  29%|██▊       | 1436/5000 [00:11<00:27, 129.87 examples/s]
Map:  29%|██▉       | 1450/5000 [00:12<00:27, 130.10 examples/s]
Map:  29%|██▉       | 1464/5000 [00:12<00:27, 130.65 examples/s]
Map:  30%|██▉       | 1478/5000 [00:12<00:27, 129.98 examples/s]
Map:  30%|██▉       | 1492/5000 [00:12<00:26, 130.55 examples/s]
Map:  30%|███       | 1512/5000 [00:12<00:27, 128.53 examples/s]
Map:  31%|███       | 1526/5000 [00:12<00:26, 129.18 examples/s]
Map:  31%|███       | 1540/5000 [00:12<00:26, 129.01 examples/s]
Map:  31%|███       | 1554/5000 [00:12<00:27, 126.53 examples/s]
Map:  31%|███▏      | 1568/5000 [00:12<00:27, 125.89 examples/s]
Map:  32%|███▏      | 1582/5000 [00:13<00:26, 126.82 examples/s]
Map:  32%|███▏      | 1596/5000 [00:13<00:26, 128.06 examples/s]
Map:  32%|███▏      | 1610/5000 [00:13<00:26, 127.19 examples/s]
Map:  32%|███▏      | 1624/5000 [00:13<00:26, 125.67 examples/s]
Map:  33%|███▎      | 1638/5000 [00:13<00:26, 127.08 examples/s]
Map:  33%|███▎      | 1652/5000 [00:13<00:26, 128.24 examples/s]
Map:  33%|███▎      | 1666/5000 [00:13<00:25, 128.33 examples/s]
Map:  34%|███▎      | 1680/5000 [00:13<00:25, 128.61 examples/s]
Map:  34%|███▍      | 1694/5000 [00:13<00:25, 128.92 examples/s]
Map:  34%|███▍      | 1708/5000 [00:14<00:25, 129.58 examples/s]
Map:  34%|███▍      | 1722/5000 [00:14<00:24, 131.19 examples/s]
Map:  35%|███▍      | 1736/5000 [00:14<00:24, 130.93 examples/s]
Map:  35%|███▌      | 1750/5000 [00:14<00:24, 131.62 examples/s]
Map:  35%|███▌      | 1764/5000 [00:14<00:24, 130.92 examples/s]
Map:  36%|███▌      | 1778/5000 [00:14<00:24, 130.43 examples/s]
Map:  36%|███▌      | 1792/5000 [00:14<00:24, 129.14 examples/s]
Map:  36%|███▌      | 1806/5000 [00:14<00:24, 130.11 examples/s]
Map:  36%|███▋      | 1820/5000 [00:14<00:24, 130.69 examples/s]
Map:  37%|███▋      | 1834/5000 [00:15<00:24, 129.49 examples/s]
Map:  37%|███▋      | 1848/5000 [00:15<00:24, 130.86 examples/s]
Map:  37%|███▋      | 1862/5000 [00:15<00:23, 131.06 examples/s]
Map:  38%|███▊      | 1876/5000 [00:15<00:24, 130.15 examples/s]
Map:  38%|███▊      | 1890/5000 [00:15<00:23, 130.83 examples/s]
Map:  38%|███▊      | 1904/5000 [00:15<00:23, 130.35 examples/s]
Map:  38%|███▊      | 1924/5000 [00:15<00:24, 127.43 examples/s]
Map:  39%|███▉      | 1938/5000 [00:15<00:23, 128.04 examples/s]
Map:  39%|███▉      | 1952/5000 [00:15<00:23, 129.31 examples/s]
Map:  39%|███▉      | 1971/5000 [00:16<00:24, 125.80 examples/s]
Map:  40%|███▉      | 1985/5000 [00:16<00:23, 126.40 examples/s]
Map:  40%|███▉      | 1999/5000 [00:16<00:23, 125.73 examples/s]
Map:  40%|████      | 2016/5000 [00:16<00:31, 93.61 examples/s] 
Map:  41%|████      | 2028/5000 [00:16<00:30, 98.19 examples/s]
Map:  41%|████      | 2042/5000 [00:16<00:28, 105.52 examples/s]
Map:  41%|████      | 2056/5000 [00:16<00:26, 111.75 examples/s]
Map:  41%|████▏     | 2070/5000 [00:17<00:25, 116.91 examples/s]
Map:  42%|████▏     | 2084/5000 [00:17<00:23, 122.20 examples/s]
Map:  42%|████▏     | 2098/5000 [00:17<00:23, 123.88 examples/s]
Map:  42%|████▏     | 2111/5000 [00:17<00:23, 124.22 examples/s]
Map:  42%|████▏     | 2124/5000 [00:17<00:23, 122.91 examples/s]
Map:  43%|████▎     | 2138/5000 [00:17<00:23, 124.05 examples/s]
Map:  43%|████▎     | 2152/5000 [00:17<00:22, 124.68 examples/s]
Map:  43%|████▎     | 2166/5000 [00:17<00:22, 124.99 examples/s]
Map:  44%|████▎     | 2180/5000 [00:17<00:22, 125.52 examples/s]
Map:  44%|████▍     | 2194/5000 [00:18<00:22, 126.21 examples/s]
Map:  44%|████▍     | 2208/5000 [00:18<00:22, 125.61 examples/s]
Map:  44%|████▍     | 2222/5000 [00:18<00:21, 127.18 examples/s]
Map:  45%|████▍     | 2236/5000 [00:18<00:21, 127.37 examples/s]
Map:  45%|████▍     | 2249/5000 [00:18<00:21, 125.54 examples/s]
Map:  45%|████▌     | 2263/5000 [00:18<00:21, 127.43 examples/s]
Map:  46%|████▌     | 2277/5000 [00:18<00:21, 127.34 examples/s]
Map:  46%|████▌     | 2291/5000 [00:18<00:21, 128.12 examples/s]
Map:  46%|████▌     | 2305/5000 [00:18<00:20, 128.61 examples/s]
Map:  46%|████▋     | 2319/5000 [00:18<00:20, 127.75 examples/s]
Map:  47%|████▋     | 2333/5000 [00:19<00:20, 128.38 examples/s]
Map:  47%|████▋     | 2347/5000 [00:19<00:20, 130.05 examples/s]
Map:  47%|████▋     | 2361/5000 [00:19<00:20, 130.33 examples/s]
Map:  48%|████▊     | 2381/5000 [00:19<00:20, 128.52 examples/s]
Map:  48%|████▊     | 2395/5000 [00:19<00:20, 129.42 examples/s]
Map:  48%|████▊     | 2409/5000 [00:19<00:20, 129.04 examples/s]
Map:  48%|████▊     | 2423/5000 [00:19<00:19, 130.01 examples/s]
Map:  49%|████▊     | 2437/5000 [00:19<00:19, 129.11 examples/s]
Map:  49%|████▉     | 2451/5000 [00:19<00:19, 130.39 examples/s]
Map:  49%|████▉     | 2465/5000 [00:20<00:19, 130.89 examples/s]
Map:  50%|████▉     | 2479/5000 [00:20<00:19, 130.94 examples/s]
Map:  50%|████▉     | 2493/5000 [00:20<00:19, 129.15 examples/s]
Map:  50%|█████     | 2507/5000 [00:20<00:19, 129.92 examples/s]
Map:  50%|█████     | 2521/5000 [00:20<00:19, 130.46 examples/s]
Map:  51%|█████     | 2535/5000 [00:20<00:18, 130.13 examples/s]
Map:  51%|█████     | 2549/5000 [00:20<00:19, 128.78 examples/s]
Map:  51%|█████▏    | 2563/5000 [00:20<00:18, 129.69 examples/s]
Map:  52%|█████▏    | 2577/5000 [00:20<00:18, 129.76 examples/s]
Map:  52%|█████▏    | 2591/5000 [00:21<00:18, 129.51 examples/s]
Map:  52%|█████▏    | 2605/5000 [00:21<00:18, 130.42 examples/s]
Map:  52%|█████▏    | 2619/5000 [00:21<00:18, 131.57 examples/s]
Map:  53%|█████▎    | 2633/5000 [00:21<00:18, 130.20 examples/s]
Map:  53%|█████▎    | 2647/5000 [00:21<00:18, 129.85 examples/s]
Map:  53%|█████▎    | 2661/5000 [00:21<00:17, 130.85 examples/s]
Map:  54%|█████▎    | 2675/5000 [00:21<00:17, 130.64 examples/s]
Map:  54%|█████▍    | 2689/5000 [00:21<00:17, 131.48 examples/s]
Map:  54%|█████▍    | 2703/5000 [00:21<00:17, 132.37 examples/s]
Map:  54%|█████▍    | 2718/5000 [00:22<00:17, 133.58 examples/s]
Map:  55%|█████▍    | 2732/5000 [00:22<00:17, 133.29 examples/s]
Map:  55%|█████▍    | 2746/5000 [00:22<00:16, 133.81 examples/s]
Map:  55%|█████▌    | 2760/5000 [00:22<00:16, 133.46 examples/s]
Map:  55%|█████▌    | 2774/5000 [00:22<00:16, 133.46 examples/s]
Map:  56%|█████▌    | 2788/5000 [00:22<00:16, 133.92 examples/s]
Map:  56%|█████▌    | 2802/5000 [00:22<00:16, 132.53 examples/s]
Map:  56%|█████▋    | 2816/5000 [00:22<00:16, 132.93 examples/s]
Map:  57%|█████▋    | 2830/5000 [00:22<00:16, 134.51 examples/s]
Map:  57%|█████▋    | 2844/5000 [00:22<00:16, 134.26 examples/s]
Map:  57%|█████▋    | 2858/5000 [00:23<00:15, 134.14 examples/s]
Map:  57%|█████▋    | 2872/5000 [00:23<00:15, 134.47 examples/s]
Map:  58%|█████▊    | 2886/5000 [00:23<00:15, 133.89 examples/s]
Map:  58%|█████▊    | 2900/5000 [00:23<00:15, 134.31 examples/s]
Map:  58%|█████▊    | 2914/5000 [00:23<00:15, 132.22 examples/s]
Map:  59%|█████▊    | 2928/5000 [00:23<00:15, 131.42 examples/s]
Map:  59%|█████▉    | 2942/5000 [00:23<00:15, 131.96 examples/s]
Map:  59%|█████▉    | 2956/5000 [00:23<00:15, 132.89 examples/s]
Map:  59%|█████▉    | 2970/5000 [00:23<00:15, 133.61 examples/s]
Map:  60%|█████▉    | 2984/5000 [00:24<00:15, 133.33 examples/s]
Map:  60%|█████▉    | 2998/5000 [00:24<00:15, 132.95 examples/s]
Map:  60%|██████    | 3018/5000 [00:24<00:20, 97.77 examples/s] 
Map:  61%|██████    | 3032/5000 [00:24<00:18, 105.49 examples/s]
Map:  61%|██████    | 3046/5000 [00:24<00:17, 111.42 examples/s]
Map:  61%|██████    | 3060/5000 [00:24<00:16, 116.94 examples/s]
Map:  61%|██████▏   | 3074/5000 [00:24<00:15, 120.87 examples/s]
Map:  62%|██████▏   | 3088/5000 [00:24<00:15, 124.37 examples/s]
Map:  62%|██████▏   | 3102/5000 [00:25<00:14, 126.82 examples/s]
Map:  62%|██████▏   | 3116/5000 [00:25<00:14, 128.95 examples/s]
Map:  63%|██████▎   | 3130/5000 [00:25<00:14, 129.63 examples/s]
Map:  63%|██████▎   | 3144/5000 [00:25<00:14, 130.86 examples/s]
Map:  63%|██████▎   | 3158/5000 [00:25<00:14, 131.18 examples/s]
Map:  63%|██████▎   | 3172/5000 [00:25<00:13, 132.41 examples/s]
Map:  64%|██████▎   | 3186/5000 [00:25<00:13, 130.11 examples/s]
Map:  64%|██████▍   | 3200/5000 [00:25<00:13, 129.92 examples/s]
Map:  64%|██████▍   | 3214/5000 [00:25<00:13, 130.88 examples/s]
Map:  65%|██████▍   | 3228/5000 [00:26<00:13, 131.46 examples/s]
Map:  65%|██████▍   | 3242/5000 [00:26<00:13, 131.47 examples/s]
Map:  65%|██████▌   | 3256/5000 [00:26<00:13, 132.31 examples/s]
Map:  65%|██████▌   | 3270/5000 [00:26<00:12, 133.47 examples/s]
Map:  66%|██████▌   | 3284/5000 [00:26<00:12, 133.03 examples/s]
Map:  66%|██████▌   | 3298/5000 [00:26<00:12, 132.26 examples/s]
Map:  66%|██████▌   | 3312/5000 [00:26<00:12, 131.17 examples/s]
Map:  67%|██████▋   | 3326/5000 [00:26<00:12, 130.26 examples/s]
Map:  67%|██████▋   | 3340/5000 [00:26<00:12, 130.86 examples/s]
Map:  67%|██████▋   | 3354/5000 [00:26<00:12, 131.60 examples/s]
Map:  67%|██████▋   | 3368/5000 [00:27<00:12, 132.36 examples/s]
Map:  68%|██████▊   | 3382/5000 [00:27<00:12, 132.56 examples/s]
Map:  68%|██████▊   | 3396/5000 [00:27<00:12, 133.39 examples/s]
Map:  68%|██████▊   | 3410/5000 [00:27<00:11, 133.59 examples/s]
Map:  68%|██████▊   | 3424/5000 [00:27<00:11, 134.55 examples/s]
Map:  69%|██████▉   | 3438/5000 [00:27<00:11, 133.72 examples/s]
Map:  69%|██████▉   | 3452/5000 [00:27<00:11, 132.15 examples/s]
Map:  69%|██████▉   | 3466/5000 [00:27<00:11, 132.33 examples/s]
Map:  70%|██████▉   | 3480/5000 [00:27<00:11, 133.49 examples/s]
Map:  70%|██████▉   | 3494/5000 [00:28<00:11, 135.08 examples/s]
Map:  70%|███████   | 3508/5000 [00:28<00:11, 134.79 examples/s]
Map:  70%|███████   | 3522/5000 [00:28<00:10, 135.30 examples/s]
Map:  71%|███████   | 3536/5000 [00:28<00:10, 134.80 examples/s]
Map:  71%|███████   | 3550/5000 [00:28<00:10, 134.42 examples/s]
Map:  71%|███████▏  | 3564/5000 [00:28<00:10, 135.18 examples/s]
Map:  72%|███████▏  | 3578/5000 [00:28<00:10, 134.55 examples/s]
Map:  72%|███████▏  | 3593/5000 [00:28<00:10, 136.07 examples/s]
Map:  72%|███████▏  | 3607/5000 [00:28<00:10, 134.56 examples/s]
Map:  72%|███████▏  | 3621/5000 [00:28<00:10, 135.04 examples/s]
Map:  73%|███████▎  | 3636/5000 [00:29<00:10, 135.23 examples/s]
Map:  73%|███████▎  | 3650/5000 [00:29<00:10, 134.20 examples/s]
Map:  73%|███████▎  | 3664/5000 [00:29<00:10, 132.48 examples/s]
Map:  74%|███████▎  | 3678/5000 [00:29<00:09, 133.81 examples/s]
Map:  74%|███████▍  | 3692/5000 [00:29<00:09, 131.75 examples/s]
Map:  74%|███████▍  | 3706/5000 [00:29<00:09, 132.04 examples/s]
Map:  74%|███████▍  | 3720/5000 [00:29<00:09, 130.63 examples/s]
Map:  75%|███████▍  | 3735/5000 [00:29<00:09, 133.02 examples/s]
Map:  75%|███████▍  | 3749/5000 [00:29<00:09, 133.66 examples/s]
Map:  75%|███████▌  | 3763/5000 [00:30<00:09, 134.22 examples/s]
Map:  76%|███████▌  | 3777/5000 [00:30<00:09, 134.79 examples/s]
Map:  76%|███████▌  | 3791/5000 [00:30<00:08, 135.36 examples/s]
Map:  76%|███████▌  | 3805/5000 [00:30<00:08, 133.11 examples/s]
Map:  76%|███████▋  | 3819/5000 [00:30<00:08, 133.59 examples/s]
Map:  77%|███████▋  | 3833/5000 [00:30<00:08, 133.99 examples/s]
Map:  77%|███████▋  | 3847/5000 [00:30<00:08, 131.29 examples/s]
Map:  77%|███████▋  | 3861/5000 [00:30<00:08, 131.42 examples/s]
Map:  78%|███████▊  | 3875/5000 [00:30<00:08, 133.03 examples/s]
Map:  78%|███████▊  | 3889/5000 [00:30<00:08, 133.98 examples/s]
Map:  78%|███████▊  | 3903/5000 [00:31<00:08, 133.84 examples/s]
Map:  78%|███████▊  | 3917/5000 [00:31<00:08, 132.92 examples/s]
Map:  79%|███████▊  | 3931/5000 [00:31<00:08, 132.63 examples/s]
Map:  79%|███████▉  | 3945/5000 [00:31<00:08, 130.89 examples/s]
Map:  79%|███████▉  | 3959/5000 [00:31<00:07, 130.48 examples/s]
Map:  79%|███████▉  | 3973/5000 [00:31<00:08, 128.12 examples/s]
Map:  80%|███████▉  | 3987/5000 [00:31<00:07, 128.91 examples/s]
Map:  80%|████████  | 4000/5000 [00:31<00:10, 98.46 examples/s] 
Map:  80%|████████  | 4011/5000 [00:32<00:09, 100.03 examples/s]
Map:  80%|████████  | 4025/5000 [00:32<00:09, 108.04 examples/s]
Map:  81%|████████  | 4039/5000 [00:32<00:08, 114.55 examples/s]
Map:  81%|████████  | 4053/5000 [00:32<00:07, 119.85 examples/s]
Map:  81%|████████▏ | 4067/5000 [00:32<00:07, 121.51 examples/s]
Map:  82%|████████▏ | 4081/5000 [00:32<00:07, 126.09 examples/s]
Map:  82%|████████▏ | 4095/5000 [00:32<00:07, 128.11 examples/s]
Map:  82%|████████▏ | 4109/5000 [00:32<00:06, 129.73 examples/s]
Map:  82%|████████▏ | 4123/5000 [00:32<00:06, 130.57 examples/s]
Map:  83%|████████▎ | 4137/5000 [00:32<00:06, 131.53 examples/s]
Map:  83%|████████▎ | 4151/5000 [00:33<00:06, 132.16 examples/s]
Map:  83%|████████▎ | 4165/5000 [00:33<00:06, 132.20 examples/s]
Map:  84%|████████▎ | 4179/5000 [00:33<00:06, 131.47 examples/s]
Map:  84%|████████▍ | 4193/5000 [00:33<00:06, 132.22 examples/s]
Map:  84%|████████▍ | 4207/5000 [00:33<00:06, 132.09 examples/s]
Map:  84%|████████▍ | 4221/5000 [00:33<00:05, 132.09 examples/s]
Map:  85%|████████▍ | 4235/5000 [00:33<00:05, 131.18 examples/s]
Map:  85%|████████▍ | 4249/5000 [00:33<00:05, 132.21 examples/s]
Map:  85%|████████▌ | 4263/5000 [00:33<00:05, 131.69 examples/s]
Map:  86%|████████▌ | 4278/5000 [00:34<00:05, 133.91 examples/s]
Map:  86%|████████▌ | 4292/5000 [00:34<00:05, 133.94 examples/s]
Map:  86%|████████▌ | 4306/5000 [00:34<00:05, 133.70 examples/s]
Map:  86%|████████▋ | 4320/5000 [00:34<00:05, 134.31 examples/s]
Map:  87%|████████▋ | 4334/5000 [00:34<00:04, 133.25 examples/s]
Map:  87%|████████▋ | 4348/5000 [00:34<00:04, 134.03 examples/s]
Map:  87%|████████▋ | 4362/5000 [00:34<00:04, 131.65 examples/s]
Map:  88%|████████▊ | 4376/5000 [00:34<00:04, 132.70 examples/s]
Map:  88%|████████▊ | 4390/5000 [00:34<00:04, 131.90 examples/s]
Map:  88%|████████▊ | 4404/5000 [00:35<00:04, 133.03 examples/s]
Map:  88%|████████▊ | 4418/5000 [00:35<00:04, 133.31 examples/s]
Map:  89%|████████▊ | 4432/5000 [00:35<00:04, 134.10 examples/s]
Map:  89%|████████▉ | 4446/5000 [00:35<00:04, 132.57 examples/s]
Map:  89%|████████▉ | 4460/5000 [00:35<00:04, 133.18 examples/s]
Map:  89%|████████▉ | 4474/5000 [00:35<00:03, 133.91 examples/s]
Map:  90%|████████▉ | 4488/5000 [00:35<00:03, 133.38 examples/s]
Map:  90%|█████████ | 4502/5000 [00:35<00:03, 132.04 examples/s]
Map:  90%|█████████ | 4516/5000 [00:35<00:03, 133.17 examples/s]
Map:  91%|█████████ | 4531/5000 [00:35<00:03, 135.04 examples/s]
Map:  91%|█████████ | 4545/5000 [00:36<00:03, 134.64 examples/s]
Map:  91%|█████████ | 4559/5000 [00:36<00:03, 135.06 examples/s]
Map:  91%|█████████▏| 4573/5000 [00:36<00:03, 134.67 examples/s]
Map:  92%|█████████▏| 4587/5000 [00:36<00:03, 134.74 examples/s]
Map:  92%|█████████▏| 4601/5000 [00:36<00:02, 134.40 examples/s]
Map:  92%|█████████▏| 4615/5000 [00:36<00:02, 133.77 examples/s]
Map:  93%|█████████▎| 4629/5000 [00:36<00:02, 133.26 examples/s]
Map:  93%|█████████▎| 4643/5000 [00:36<00:02, 133.84 examples/s]
Map:  93%|█████████▎| 4657/5000 [00:36<00:02, 132.76 examples/s]
Map:  93%|█████████▎| 4671/5000 [00:37<00:02, 132.16 examples/s]
Map:  94%|█████████▎| 4685/5000 [00:37<00:02, 130.87 examples/s]
Map:  94%|█████████▍| 4699/5000 [00:37<00:02, 130.16 examples/s]
Map:  94%|█████████▍| 4713/5000 [00:37<00:02, 131.14 examples/s]
Map:  95%|█████████▍| 4727/5000 [00:37<00:02, 130.82 examples/s]
Map:  95%|█████████▍| 4741/5000 [00:37<00:01, 132.12 examples/s]
Map:  95%|█████████▌| 4755/5000 [00:37<00:01, 132.70 examples/s]
Map:  95%|█████████▌| 4769/5000 [00:37<00:01, 131.96 examples/s]
Map:  96%|█████████▌| 4783/5000 [00:37<00:01, 131.77 examples/s]
Map:  96%|█████████▌| 4797/5000 [00:37<00:01, 133.11 examples/s]
Map:  96%|█████████▌| 4811/5000 [00:38<00:01, 133.20 examples/s]
Map:  96%|█████████▋| 4825/5000 [00:38<00:01, 133.49 examples/s]
Map:  97%|█████████▋| 4839/5000 [00:38<00:01, 133.71 examples/s]
Map:  97%|█████████▋| 4853/5000 [00:38<00:01, 133.21 examples/s]
Map:  97%|█████████▋| 4867/5000 [00:38<00:01, 132.86 examples/s]
Map:  98%|█████████▊| 4881/5000 [00:38<00:00, 133.70 examples/s]
Map:  98%|█████████▊| 4895/5000 [00:38<00:00, 132.10 examples/s]
Map:  98%|█████████▊| 4909/5000 [00:38<00:00, 133.18 examples/s]
Map:  98%|█████████▊| 4923/5000 [00:38<00:00, 134.23 examples/s]
Map:  99%|█████████▊| 4937/5000 [00:39<00:00, 134.65 examples/s]
Map:  99%|█████████▉| 4951/5000 [00:39<00:00, 135.06 examples/s]
Map:  99%|█████████▉| 4965/5000 [00:39<00:00, 134.95 examples/s]
Map: 100%|█████████▉| 4979/5000 [00:39<00:00, 135.32 examples/s]
Map: 100%|█████████▉| 4993/5000 [00:39<00:00, 135.39 examples/s]
Map: 100%|██████████| 5000/5000 [00:40<00:00, 123.49 examples/s]

Map:   0%|          | 0/500 [00:00<?, ? examples/s]
Map:   3%|▎         | 14/500 [00:00<00:03, 125.67 examples/s]
Map:   5%|▌         | 27/500 [00:00<00:03, 121.09 examples/s]
Map:   8%|▊         | 40/500 [00:00<00:03, 123.71 examples/s]
Map:  11%|█         | 54/500 [00:00<00:03, 127.06 examples/s]
Map:  14%|█▎        | 68/500 [00:00<00:03, 129.24 examples/s]
Map:  16%|█▋        | 82/500 [00:00<00:03, 129.95 examples/s]
Map:  19%|█▉        | 96/500 [00:00<00:03, 129.37 examples/s]
Map:  22%|██▏       | 110/500 [00:00<00:03, 127.95 examples/s]
Map:  25%|██▍       | 124/500 [00:00<00:02, 128.19 examples/s]
Map:  28%|██▊       | 138/500 [00:01<00:02, 130.17 examples/s]
Map:  30%|███       | 152/500 [00:01<00:02, 130.62 examples/s]
Map:  33%|███▎      | 166/500 [00:01<00:02, 132.09 examples/s]
Map:  36%|███▌      | 180/500 [00:01<00:02, 132.00 examples/s]
Map:  39%|███▉      | 194/500 [00:01<00:02, 132.81 examples/s]
Map:  42%|████▏     | 208/500 [00:01<00:02, 133.00 examples/s]
Map:  44%|████▍     | 222/500 [00:01<00:02, 131.76 examples/s]
Map:  47%|████▋     | 236/500 [00:01<00:02, 130.21 examples/s]
Map:  50%|█████     | 250/500 [00:01<00:01, 129.05 examples/s]
Map:  53%|█████▎    | 264/500 [00:02<00:01, 130.02 examples/s]
Map:  56%|█████▌    | 278/500 [00:02<00:01, 129.69 examples/s]
Map:  58%|█████▊    | 292/500 [00:02<00:01, 130.19 examples/s]
Map:  61%|██████    | 306/500 [00:02<00:01, 131.79 examples/s]
Map:  64%|██████▍   | 320/500 [00:02<00:01, 132.51 examples/s]
Map:  67%|██████▋   | 334/500 [00:02<00:01, 132.88 examples/s]
Map:  70%|██████▉   | 348/500 [00:02<00:01, 131.66 examples/s]
Map:  72%|███████▏  | 362/500 [00:02<00:01, 132.47 examples/s]
Map:  75%|███████▌  | 376/500 [00:02<00:00, 132.91 examples/s]
Map:  78%|███████▊  | 390/500 [00:02<00:00, 132.78 examples/s]
Map:  81%|████████  | 404/500 [00:03<00:00, 133.05 examples/s]
Map:  84%|████████▎ | 418/500 [00:03<00:00, 133.18 examples/s]
Map:  86%|████████▋ | 432/500 [00:03<00:00, 133.63 examples/s]
Map:  89%|████████▉ | 446/500 [00:03<00:00, 133.57 examples/s]
Map:  92%|█████████▏| 460/500 [00:03<00:00, 134.68 examples/s]
Map:  95%|█████████▍| 474/500 [00:03<00:00, 135.33 examples/s]
Map:  98%|█████████▊| 488/500 [00:03<00:00, 134.72 examples/s]
Map: 100%|██████████| 500/500 [00:03<00:00, 127.70 examples/s]

Filter:   0%|          | 0/5000 [00:00<?, ? examples/s]
Filter:  20%|██        | 1000/5000 [00:16<01:07, 59.59 examples/s]
Filter:  20%|██        | 1000/5000 [00:33<01:07, 59.59 examples/s]
Filter:  40%|████      | 2000/5000 [00:34<00:51, 58.15 examples/s]
Filter:  40%|████      | 2000/5000 [00:50<00:51, 58.15 examples/s]
Filter:  60%|██████    | 3000/5000 [00:51<00:34, 58.31 examples/s]
Filter:  60%|██████    | 3000/5000 [01:07<00:34, 58.31 examples/s]
Filter:  80%|████████  | 4000/5000 [01:08<00:17, 58.79 examples/s]
Filter:  80%|████████  | 4000/5000 [01:25<00:17, 58.79 examples/s]
Filter: 100%|██████████| 5000/5000 [01:25<00:00, 58.19 examples/s]
Filter: 100%|██████████| 5000/5000 [01:25<00:00, 58.37 examples/s]

Filter:   0%|          | 0/500 [00:00<?, ? examples/s]
Filter: 100%|██████████| 500/500 [00:07<00:00, 65.02 examples/s]
Filter: 100%|██████████| 500/500 [00:07<00:00, 65.01 examples/s]
clip-length cap 10.0s: train 5000->4974, eval 500->493

Loading weights:   0%|          | 0/422 [00:00<?, ?it/s]
Loading weights: 100%|██████████| 422/422 [00:00<00:00, 36031.19it/s]
[transformers] [1mWav2Vec2ForCTC LOAD REPORT[0m from: facebook/mms-300m
Key                          | Status     | 
-----------------------------+------------+-
quantizer.weight_proj.bias   | UNEXPECTED | 
project_hid.weight           | UNEXPECTED | 
quantizer.codevectors        | UNEXPECTED | 
project_q.bias               | UNEXPECTED | 
project_q.weight             | UNEXPECTED | 
quantizer.weight_proj.weight | UNEXPECTED | 
project_hid.bias             | UNEXPECTED | 
lm_head.bias                 | MISSING    | 
lm_head.weight               | MISSING    | 

Notes:
- UNEXPECTED:	can be ignored when loading from different task/architecture; not ok if you expect identical arch.
- MISSING:	those params were newly initialized because missing from the checkpoint. Consider training on your downstream task.
[transformers] warmup_ratio is deprecated and will be removed in v5.2. Use `warmup_steps` instead.

  0%|          | 0/622 [00:00<?, ?it/s]/Users/mulisamusehane/Documents/GitHub/MultilingualASR/.venv/lib/python3.12/site-packages/torch/utils/data/dataloader.py:759: UserWarning: 'pin_memory' argument is set as true but not supported on MPS now, device pinned memory won't be used.
  super().__init__(loader)
/Users/mulisamusehane/Documents/GitHub/MultilingualASR/.venv/lib/python3.12/site-packages/torch/nn/functional.py:3159: UserWarning: The operator 'aten::_ctc_loss' is not currently supported on the MPS backend and will fall back to run on the CPU. This may have performance implications. (Triggered internally at /Users/runner/work/pytorch/pytorch/aten/src/ATen/mps/MPSFallback.mm:34.)
  return torch.ctc_loss(

  0%|          | 1/622 [00:09<1:36:46,  9.35s/it]
  0%|          | 2/622 [00:17<1:31:45,  8.88s/it]
  0%|          | 3/622 [00:26<1:30:00,  8.72s/it]
  1%|          | 4/622 [00:34<1:27:27,  8.49s/it]
  1%|          | 5/622 [00:44<1:30:56,  8.84s/it]
  1%|          | 6/622 [00:55<1:41:16,  9.86s/it]
  1%|          | 7/622 [01:04<1:36:32,  9.42s/it]
  1%|▏         | 8/622 [01:13<1:34:59,  9.28s/it]
  1%|▏         | 9/622 [01:22<1:33:03,  9.11s/it]
  2%|▏         | 10/622 [01:31<1:34:11,  9.23s/it]
  2%|▏         | 11/622 [01:41<1:35:29,  9.38s/it]
  2%|▏         | 12/622 [01:51<1:36:18,  9.47s/it]
  2%|▏         | 13/622 [01:59<1:32:19,  9.10s/it]
  2%|▏         | 14/622 [02:08<1:31:25,  9.02s/it]
  2%|▏         | 15/622 [02:15<1:26:38,  8.56s/it]
  3%|▎         | 16/622 [02:25<1:29:52,  8.90s/it]
  3%|▎         | 17/622 [02:34<1:29:38,  8.89s/it]
  3%|▎         | 18/622 [02:45<1:37:04,  9.64s/it]
  3%|▎         | 19/622 [02:57<1:42:28, 10.20s/it]
  3%|▎         | 20/622 [03:09<1:49:09, 10.88s/it]
                                                  

  3%|▎         | 20/622 [03:10<1:49:09, 10.88s/it]
  3%|▎         | 21/622 [03:21<1:53:40, 11.35s/it]
  4%|▎         | 22/622 [03:33<1:54:13, 11.42s/it]
  4%|▎         | 23/622 [03:42<1:45:27, 10.56s/it]
  4%|▍         | 24/622 [03:50<1:38:14,  9.86s/it]
  4%|▍         | 25/622 [03:58<1:34:22,  9.49s/it]
  4%|▍         | 26/622 [04:08<1:33:29,  9.41s/it]
  4%|▍         | 27/622 [04:16<1:30:12,  9.10s/it]
  5%|▍         | 28/622 [04:25<1:28:40,  8.96s/it]
  5%|▍         | 29/622 [04:35<1:32:42,  9.38s/it]
  5%|▍         | 30/622 [04:46<1:37:08,  9.84s/it]
  5%|▍         | 31/622 [04:54<1:32:35,  9.40s/it]
  5%|▌         | 32/622 [05:04<1:34:26,  9.60s/it]
  5%|▌         | 33/622 [05:13<1:31:50,  9.35s/it]
  5%|▌         | 34/622 [05:21<1:26:42,  8.85s/it]
  6%|▌         | 35/622 [05:30<1:27:37,  8.96s/it]
  6%|▌         | 36/622 [05:38<1:26:01,  8.81s/it]
  6%|▌         | 37/622 [05:46<1:22:22,  8.45s/it]
  6%|▌         | 38/622 [05:54<1:22:00,  8.42s/it]
  6%|▋         | 39/622 [06:06<1:31:16,  9.39s/it]
  6%|▋         | 40/622 [06:16<1:32:23,  9.52s/it]
                                                  

  6%|▋         | 40/622 [06:17<1:32:23,  9.52s/it]
  7%|▋         | 41/622 [06:25<1:29:28,  9.24s/it]
  7%|▋         | 42/622 [06:34<1:29:36,  9.27s/it]
  7%|▋         | 43/622 [06:45<1:33:29,  9.69s/it]
  7%|▋         | 44/622 [06:55<1:36:51, 10.06s/it]
  7%|▋         | 45/622 [07:05<1:34:17,  9.81s/it]
  7%|▋         | 46/622 [07:14<1:32:41,  9.66s/it]
  8%|▊         | 47/622 [07:21<1:24:43,  8.84s/it]
  8%|▊         | 48/622 [07:29<1:23:05,  8.69s/it]
  8%|▊         | 49/622 [07:39<1:24:44,  8.87s/it]
  8%|▊         | 50/622 [07:47<1:23:55,  8.80s/it]
  8%|▊         | 51/622 [07:55<1:19:42,  8.38s/it]
  8%|▊         | 52/622 [08:04<1:21:39,  8.60s/it]
  9%|▊         | 53/622 [08:12<1:19:58,  8.43s/it]
  9%|▊         | 54/622 [08:21<1:21:27,  8.60s/it]
  9%|▉         | 55/622 [08:29<1:20:51,  8.56s/it]
  9%|▉         | 56/622 [08:40<1:28:08,  9.34s/it]
  9%|▉         | 57/622 [08:51<1:32:35,  9.83s/it]
  9%|▉         | 58/622 [09:00<1:30:11,  9.60s/it]
  9%|▉         | 59/622 [09:09<1:27:00,  9.27s/it]
 10%|▉         | 60/622 [09:21<1:33:46, 10.01s/it]
                                                  

 10%|▉         | 60/622 [09:21<1:33:46, 10.01s/it]
 10%|▉         | 61/622 [09:32<1:37:16, 10.40s/it]
 10%|▉         | 62/622 [09:41<1:34:07, 10.09s/it]
 10%|█         | 63/622 [09:53<1:39:15, 10.65s/it]
 10%|█         | 64/622 [10:07<1:48:13, 11.64s/it]
 10%|█         | 65/622 [10:21<1:54:22, 12.32s/it]
 11%|█         | 66/622 [10:31<1:47:33, 11.61s/it]
 11%|█         | 67/622 [10:41<1:42:57, 11.13s/it]
 11%|█         | 68/622 [10:54<1:47:29, 11.64s/it]
 11%|█         | 69/622 [11:07<1:50:46, 12.02s/it]
 11%|█▏        | 70/622 [11:18<1:47:30, 11.69s/it]
 11%|█▏        | 71/622 [11:34<2:00:59, 13.17s/it]
 12%|█▏        | 72/622 [11:47<1:58:19, 12.91s/it]
 12%|█▏        | 73/622 [11:56<1:49:25, 11.96s/it]
 12%|█▏        | 74/622 [12:08<1:47:15, 11.74s/it]
 12%|█▏        | 75/622 [12:18<1:44:05, 11.42s/it]
 12%|█▏        | 76/622 [12:28<1:40:16, 11.02s/it]
 12%|█▏        | 77/622 [12:37<1:34:39, 10.42s/it]
 13%|█▎        | 78/622 [12:47<1:32:07, 10.16s/it]
 13%|█▎        | 79/622 [12:56<1:29:33,  9.90s/it]
 13%|█▎        | 80/622 [13:07<1:31:51, 10.17s/it]
                                                  

 13%|█▎        | 80/622 [13:08<1:31:51, 10.17s/it]
 13%|█▎        | 81/622 [13:16<1:28:40,  9.83s/it]
 13%|█▎        | 82/622 [13:28<1:32:48, 10.31s/it]
 13%|█▎        | 83/622 [13:37<1:30:01, 10.02s/it]
 14%|█▎        | 84/622 [13:47<1:30:44, 10.12s/it]
 14%|█▎        | 85/622 [13:58<1:32:27, 10.33s/it]
 14%|█▍        | 86/622 [14:08<1:32:06, 10.31s/it]
 14%|█▍        | 87/622 [14:18<1:30:32, 10.15s/it]
 14%|█▍        | 88/622 [14:26<1:25:22,  9.59s/it]
 14%|█▍        | 89/622 [14:40<1:36:31, 10.87s/it]
 14%|█▍        | 90/622 [14:51<1:35:53, 10.82s/it]
 15%|█▍        | 91/622 [15:01<1:35:05, 10.74s/it]
 15%|█▍        | 92/622 [15:12<1:33:51, 10.63s/it]
 15%|█▍        | 93/622 [15:26<1:43:54, 11.79s/it]
 15%|█▌        | 94/622 [15:38<1:44:27, 11.87s/it]
 15%|█▌        | 95/622 [15:50<1:43:17, 11.76s/it]
 15%|█▌        | 96/622 [16:01<1:41:59, 11.63s/it]
 16%|█▌        | 97/622 [16:12<1:38:19, 11.24s/it]
 16%|█▌        | 98/622 [16:21<1:34:05, 10.77s/it]
 16%|█▌        | 99/622 [16:30<1:27:38, 10.05s/it]
 16%|█▌        | 100/622 [16:39<1:25:05,  9.78s/it]
                                                   

 16%|█▌        | 100/622 [16:39<1:25:05,  9.78s/it]
 16%|█▌        | 101/622 [16:48<1:22:39,  9.52s/it]
 16%|█▋        | 102/622 [16:57<1:21:46,  9.44s/it]
 17%|█▋        | 103/622 [17:10<1:30:11, 10.43s/it]
 17%|█▋        | 104/622 [17:19<1:26:07,  9.98s/it]
 17%|█▋        | 105/622 [17:28<1:23:44,  9.72s/it]
 17%|█▋        | 106/622 [17:37<1:22:07,  9.55s/it]
 17%|█▋        | 107/622 [17:49<1:29:07, 10.38s/it]
 17%|█▋        | 108/622 [18:00<1:30:37, 10.58s/it]
 18%|█▊        | 109/622 [18:11<1:30:28, 10.58s/it]
 18%|█▊        | 110/622 [18:20<1:26:34, 10.15s/it]
 18%|█▊        | 111/622 [18:31<1:28:26, 10.39s/it]
 18%|█▊        | 112/622 [18:43<1:33:42, 11.02s/it]
 18%|█▊        | 113/622 [18:52<1:28:35, 10.44s/it]
 18%|█▊        | 114/622 [19:02<1:25:54, 10.15s/it]
 18%|█▊        | 115/622 [19:15<1:33:09, 11.02s/it]
 19%|█▊        | 116/622 [19:25<1:29:31, 10.61s/it]
 19%|█▉        | 117/622 [19:33<1:23:59,  9.98s/it]
 19%|█▉        | 118/622 [19:45<1:27:43, 10.44s/it]
 19%|█▉        | 119/622 [19:56<1:29:49, 10.71s/it]
 19%|█▉        | 120/622 [20:07<1:29:57, 10.75s/it]
                                                   

 19%|█▉        | 120/622 [20:07<1:29:57, 10.75s/it]
 19%|█▉        | 121/622 [20:16<1:24:30, 10.12s/it]
 20%|█▉        | 122/622 [20:23<1:17:49,  9.34s/it]
 20%|█▉        | 123/622 [20:33<1:18:46,  9.47s/it]
 20%|█▉        | 124/622 [20:44<1:21:39,  9.84s/it]
 20%|██        | 125/622 [20:54<1:23:17, 10.06s/it]
 20%|██        | 126/622 [21:04<1:24:00, 10.16s/it]
 20%|██        | 127/622 [21:15<1:25:27, 10.36s/it]
 21%|██        | 128/622 [21:24<1:21:16,  9.87s/it]
 21%|██        | 129/622 [21:33<1:19:57,  9.73s/it]
 21%|██        | 130/622 [21:44<1:22:06, 10.01s/it]
 21%|██        | 131/622 [21:54<1:22:22, 10.07s/it]
 21%|██        | 132/622 [22:12<1:41:52, 12.48s/it]
 21%|██▏       | 133/622 [22:24<1:39:08, 12.17s/it]
 22%|██▏       | 134/622 [22:38<1:44:26, 12.84s/it]
 22%|██▏       | 135/622 [22:48<1:37:15, 11.98s/it]
 22%|██▏       | 136/622 [22:58<1:32:27, 11.42s/it]
 22%|██▏       | 137/622 [23:15<1:44:09, 12.88s/it]
 22%|██▏       | 138/622 [23:33<1:57:58, 14.62s/it]
 22%|██▏       | 139/622 [23:44<1:48:08, 13.43s/it]
 23%|██▎       | 140/622 [23:55<1:41:13, 12.60s/it]
                                                   

 23%|██▎       | 140/622 [23:55<1:41:13, 12.60s/it]
 23%|██▎       | 141/622 [24:07<1:40:12, 12.50s/it]
 23%|██▎       | 142/622 [24:21<1:43:20, 12.92s/it]
 23%|██▎       | 143/622 [24:32<1:38:20, 12.32s/it]
 23%|██▎       | 144/622 [24:47<1:45:23, 13.23s/it]
 23%|██▎       | 145/622 [25:00<1:43:47, 13.06s/it]
 23%|██▎       | 146/622 [25:11<1:38:59, 12.48s/it]
 24%|██▎       | 147/622 [25:27<1:46:28, 13.45s/it]
 24%|██▍       | 148/622 [25:39<1:43:55, 13.16s/it]
 24%|██▍       | 149/622 [25:55<1:50:02, 13.96s/it]
 24%|██▍       | 150/622 [26:08<1:47:39, 13.68s/it]
 24%|██▍       | 151/622 [26:19<1:41:37, 12.95s/it]
 24%|██▍       | 152/622 [26:31<1:39:24, 12.69s/it]
 25%|██▍       | 153/622 [26:45<1:40:50, 12.90s/it]
 25%|██▍       | 154/622 [28:11<4:32:44, 34.97s/it]
 25%|██▍       | 155/622 [28:51<4:43:11, 36.38s/it]
 25%|██▌       | 156/622 [29:13<4:09:08, 32.08s/it]
 25%|██▌       | 157/622 [29:31<3:36:28, 27.93s/it]
 25%|██▌       | 158/622 [30:22<4:29:11, 34.81s/it]
 26%|██▌       | 159/622 [31:00<4:36:45, 35.86s/it]
 26%|██▌       | 160/622 [31:22<4:02:33, 31.50s/it]
                                                   

 26%|██▌       | 160/622 [31:22<4:02:33, 31.50s/it]
 26%|██▌       | 161/622 [32:05<4:29:09, 35.03s/it]
 26%|██▌       | 162/622 [32:45<4:40:46, 36.62s/it]
 26%|██▌       | 163/622 [33:09<4:09:49, 32.66s/it]
 26%|██▋       | 164/622 [33:25<3:32:00, 27.77s/it]
 27%|██▋       | 165/622 [33:42<3:07:10, 24.57s/it]
 27%|██▋       | 166/622 [33:54<2:37:05, 20.67s/it]
 27%|██▋       | 167/622 [34:07<2:20:31, 18.53s/it]
 27%|██▋       | 168/622 [34:19<2:04:40, 16.48s/it]
 27%|██▋       | 169/622 [34:35<2:03:01, 16.29s/it]
 27%|██▋       | 170/622 [34:55<2:11:25, 17.45s/it]
 27%|██▋       | 171/622 [35:09<2:04:06, 16.51s/it]
 28%|██▊       | 172/622 [35:25<2:03:15, 16.44s/it]
 28%|██▊       | 173/622 [35:51<2:23:28, 19.17s/it]
 28%|██▊       | 174/622 [36:13<2:29:22, 20.00s/it]
 28%|██▊       | 175/622 [36:47<3:00:30, 24.23s/it]
 28%|██▊       | 176/622 [37:07<2:50:18, 22.91s/it]
 28%|██▊       | 177/622 [37:21<2:29:53, 20.21s/it]
 29%|██▊       | 178/622 [37:34<2:15:09, 18.26s/it]
 29%|██▉       | 179/622 [37:48<2:03:23, 16.71s/it]
 29%|██▉       | 180/622 [38:01<1:56:27, 15.81s/it]
                                                   

 29%|██▉       | 180/622 [38:02<1:56:27, 15.81s/it]
 29%|██▉       | 181/622 [38:14<1:48:39, 14.78s/it]
 29%|██▉       | 182/622 [38:29<1:49:20, 14.91s/it]
 29%|██▉       | 183/622 [38:43<1:47:44, 14.73s/it]
 30%|██▉       | 184/622 [39:01<1:53:20, 15.53s/it]
 30%|██▉       | 185/622 [39:20<2:02:35, 16.83s/it]
 30%|██▉       | 186/622 [39:34<1:55:00, 15.83s/it]
 30%|███       | 187/622 [39:47<1:47:57, 14.89s/it]
 30%|███       | 188/622 [39:57<1:37:58, 13.55s/it]
 30%|███       | 189/622 [40:06<1:27:55, 12.18s/it]
 31%|███       | 190/622 [40:16<1:23:36, 11.61s/it]
 31%|███       | 191/622 [40:28<1:24:25, 11.75s/it]
 31%|███       | 192/622 [40:42<1:27:08, 12.16s/it]
 31%|███       | 193/622 [40:52<1:23:49, 11.72s/it]
 31%|███       | 194/622 [41:02<1:19:47, 11.18s/it]
 31%|███▏      | 195/622 [41:15<1:22:48, 11.64s/it]
 32%|███▏      | 196/622 [41:25<1:19:15, 11.16s/it]
 32%|███▏      | 197/622 [41:42<1:31:41, 12.94s/it]
 32%|███▏      | 198/622 [41:59<1:40:40, 14.25s/it]
 32%|███▏      | 199/622 [42:15<1:42:39, 14.56s/it]
 32%|███▏      | 200/622 [42:31<1:45:19, 14.98s/it]
                                                   

 32%|███▏      | 200/622 [42:31<1:45:19, 14.98s/it]
 32%|███▏      | 201/622 [42:47<1:49:05, 15.55s/it]
 32%|███▏      | 202/622 [43:01<1:44:51, 14.98s/it]
 33%|███▎      | 203/622 [43:15<1:42:05, 14.62s/it]
 33%|███▎      | 204/622 [43:36<1:56:22, 16.70s/it]
 33%|███▎      | 205/622 [43:55<2:00:43, 17.37s/it]
 33%|███▎      | 206/622 [44:08<1:51:37, 16.10s/it]
 33%|███▎      | 207/622 [44:19<1:40:00, 14.46s/it]
 33%|███▎      | 208/622 [44:35<1:42:52, 14.91s/it]
 34%|███▎      | 209/622 [44:50<1:43:25, 15.03s/it]
 34%|███▍      | 210/622 [45:04<1:40:42, 14.67s/it]
 34%|███▍      | 211/622 [45:22<1:46:31, 15.55s/it]
 34%|███▍      | 212/622 [45:35<1:40:57, 14.77s/it]
 34%|███▍      | 213/622 [45:47<1:34:50, 13.91s/it]
 34%|███▍      | 214/622 [46:00<1:34:00, 13.82s/it]
 35%|███▍      | 215/622 [46:13<1:31:25, 13.48s/it]
 35%|███▍      | 216/622 [46:49<2:17:43, 20.35s/it]
 35%|███▍      | 217/622 [47:16<2:30:54, 22.36s/it]
 35%|███▌      | 218/622 [47:37<2:26:09, 21.71s/it]
 35%|███▌      | 219/622 [48:07<2:42:36, 24.21s/it]
 35%|███▌      | 220/622 [48:31<2:43:24, 24.39s/it]
                                                   

 35%|███▌      | 220/622 [48:32<2:43:24, 24.39s/it]
 36%|███▌      | 221/622 [49:16<3:24:21, 30.58s/it]
 36%|███▌      | 222/622 [49:45<3:20:47, 30.12s/it]
 36%|███▌      | 223/622 [50:06<3:01:05, 27.23s/it]
 36%|███▌      | 224/622 [50:26<2:47:02, 25.18s/it]
 36%|███▌      | 225/622 [50:50<2:42:51, 24.61s/it]
 36%|███▋      | 226/622 [51:16<2:46:26, 25.22s/it]
 36%|███▋      | 227/622 [51:47<2:57:48, 27.01s/it]
 37%|███▋      | 228/622 [52:20<3:07:56, 28.62s/it]
 37%|███▋      | 229/622 [53:09<3:48:13, 34.84s/it]
 37%|███▋      | 230/622 [53:34<3:27:14, 31.72s/it]
 37%|███▋      | 231/622 [54:12<3:39:04, 33.62s/it]
 37%|███▋      | 232/622 [54:47<3:40:54, 33.99s/it]
 37%|███▋      | 233/622 [55:26<3:51:34, 35.72s/it]
 38%|███▊      | 234/622 [55:54<3:34:24, 33.16s/it]
 38%|███▊      | 235/622 [56:21<3:22:29, 31.40s/it]
 38%|███▊      | 236/622 [56:50<3:17:12, 30.65s/it]
 38%|███▊      | 237/622 [57:17<3:09:35, 29.55s/it]
 38%|███▊      | 238/622 [57:33<2:43:42, 25.58s/it]
 38%|███▊      | 239/622 [57:50<2:27:06, 23.05s/it]
 39%|███▊      | 240/622 [58:06<2:13:01, 20.89s/it]
                                                   

 39%|███▊      | 240/622 [58:07<2:13:01, 20.89s/it]
 39%|███▊      | 241/622 [58:20<2:00:06, 18.91s/it]
 39%|███▉      | 242/622 [58:35<1:50:50, 17.50s/it]
 39%|███▉      | 243/622 [58:55<1:56:38, 18.47s/it]
 39%|███▉      | 244/622 [59:20<2:07:25, 20.23s/it]
 39%|███▉      | 245/622 [59:45<2:17:32, 21.89s/it]
 40%|███▉      | 246/622 [1:00:02<2:06:53, 20.25s/it]
 40%|███▉      | 247/622 [1:00:17<1:57:38, 18.82s/it]
 40%|███▉      | 248/622 [1:00:34<1:52:31, 18.05s/it]
 40%|████      | 249/622 [1:00:49<1:48:13, 17.41s/it]
 40%|████      | 250/622 [1:01:01<1:37:47, 15.77s/it]
 40%|████      | 251/622 [1:01:21<1:44:00, 16.82s/it]
 41%|████      | 252/622 [1:01:34<1:37:25, 15.80s/it]
 41%|████      | 253/622 [1:01:46<1:29:21, 14.53s/it]
 41%|████      | 254/622 [1:02:00<1:28:29, 14.43s/it]
 41%|████      | 255/622 [1:02:16<1:31:38, 14.98s/it]
 41%|████      | 256/622 [1:02:25<1:20:33, 13.21s/it]
 41%|████▏     | 257/622 [1:02:33<1:11:00, 11.67s/it]
 41%|████▏     | 258/622 [1:02:44<1:09:52, 11.52s/it]
 42%|████▏     | 259/622 [1:02:56<1:10:06, 11.59s/it]
 42%|████▏     | 260/622 [1:03:07<1:08:51, 11.41s/it]
                                                     

 42%|████▏     | 260/622 [1:03:08<1:08:51, 11.41s/it]
 42%|████▏     | 261/622 [1:03:18<1:07:32, 11.23s/it]
 42%|████▏     | 262/622 [1:03:26<1:01:53, 10.32s/it]
 42%|████▏     | 263/622 [1:03:36<1:00:55, 10.18s/it]
 42%|████▏     | 264/622 [1:03:46<1:01:11, 10.26s/it]
 43%|████▎     | 265/622 [1:03:55<58:12,  9.78s/it]  
 43%|████▎     | 266/622 [1:04:06<59:32, 10.04s/it]
 43%|████▎     | 267/622 [1:04:16<1:00:28, 10.22s/it]
 43%|████▎     | 268/622 [1:04:25<57:26,  9.74s/it]  
 43%|████▎     | 269/622 [1:04:35<57:25,  9.76s/it]
 43%|████▎     | 270/622 [1:04:47<1:01:08, 10.42s/it]
 44%|████▎     | 271/622 [1:04:59<1:04:01, 10.94s/it]
 44%|████▎     | 272/622 [1:05:10<1:04:21, 11.03s/it]
 44%|████▍     | 273/622 [1:05:23<1:06:38, 11.46s/it]
 44%|████▍     | 274/622 [1:05:30<1:00:04, 10.36s/it]
 44%|████▍     | 275/622 [1:05:40<58:03, 10.04s/it]  
 44%|████▍     | 276/622 [1:05:49<55:56,  9.70s/it]
 45%|████▍     | 277/622 [1:05:58<55:40,  9.68s/it]
 45%|████▍     | 278/622 [1:06:06<51:38,  9.01s/it]
 45%|████▍     | 279/622 [1:06:14<49:55,  8.73s/it]
 45%|████▌     | 280/622 [1:06:23<51:07,  8.97s/it]
                                                   

 45%|████▌     | 280/622 [1:06:24<51:07,  8.97s/it]
 45%|████▌     | 281/622 [1:06:34<53:14,  9.37s/it]
 45%|████▌     | 282/622 [1:06:44<54:36,  9.64s/it]
 45%|████▌     | 283/622 [1:06:52<52:04,  9.22s/it]
 46%|████▌     | 284/622 [1:06:59<48:31,  8.61s/it]
 46%|████▌     | 285/622 [1:07:09<49:42,  8.85s/it]
 46%|████▌     | 286/622 [1:07:20<53:45,  9.60s/it]
 46%|████▌     | 287/622 [1:07:30<54:34,  9.77s/it]
 46%|████▋     | 288/622 [1:07:38<50:13,  9.02s/it]
 46%|████▋     | 289/622 [1:07:47<50:57,  9.18s/it]
 47%|████▋     | 290/622 [1:07:56<50:08,  9.06s/it]
 47%|████▋     | 291/622 [1:08:05<49:20,  8.94s/it]
 47%|████▋     | 292/622 [1:08:14<50:23,  9.16s/it]
 47%|████▋     | 293/622 [1:08:22<48:08,  8.78s/it]
 47%|████▋     | 294/622 [1:08:31<47:52,  8.76s/it]
 47%|████▋     | 295/622 [1:08:40<48:52,  8.97s/it]
 48%|████▊     | 296/622 [1:08:50<49:17,  9.07s/it]
 48%|████▊     | 297/622 [1:08:59<50:26,  9.31s/it]
 48%|████▊     | 298/622 [1:09:10<52:07,  9.65s/it]
 48%|████▊     | 299/622 [1:09:21<54:20, 10.10s/it]
 48%|████▊     | 300/622 [1:09:30<52:08,  9.72s/it]
                                                   

 48%|████▊     | 300/622 [1:09:30<52:08,  9.72s/it]
 48%|████▊     | 301/622 [1:09:38<49:16,  9.21s/it]
 49%|████▊     | 302/622 [1:09:47<49:24,  9.26s/it]
 49%|████▊     | 303/622 [1:09:56<48:41,  9.16s/it]
 49%|████▉     | 304/622 [1:10:05<47:57,  9.05s/it]
 49%|████▉     | 305/622 [1:10:14<48:34,  9.19s/it]
 49%|████▉     | 306/622 [1:10:24<49:40,  9.43s/it]
 49%|████▉     | 307/622 [1:10:33<48:22,  9.21s/it]
 50%|████▉     | 308/622 [1:10:43<49:22,  9.44s/it]
 50%|████▉     | 309/622 [1:10:52<49:01,  9.40s/it]
 50%|████▉     | 310/622 [1:11:02<48:36,  9.35s/it]
 50%|█████     | 311/622 [1:11:12<49:37,  9.57s/it]{'loss': '178.7', 'grad_norm': '184.8', 'learning_rate': '3.016e-05', 'epoch': '0.06433'}
{'loss': '81.27', 'grad_norm': '196.1', 'learning_rate': '6.19e-05', 'epoch': '0.1287'}
{'loss': '45.31', 'grad_norm': '114.8', 'learning_rate': '9.365e-05', 'epoch': '0.193'}
{'loss': '32.89', 'grad_norm': '48.89', 'learning_rate': '9.714e-05', 'epoch': '0.2573'}
{'loss': '27.06', 'grad_norm': '5.443', 'learning_rate': '9.356e-05', 'epoch': '0.3217'}
{'loss': '25.04', 'grad_norm': '6.769', 'learning_rate': '8.998e-05', 'epoch': '0.386'}
{'loss': '24.46', 'grad_norm': '5.884', 'learning_rate': '8.64e-05', 'epoch': '0.4503'}
{'loss': '24.3', 'grad_norm': '3.117', 'learning_rate': '8.283e-05', 'epoch': '0.5147'}
{'loss': '24.06', 'grad_norm': '3.894', 'learning_rate': '7.925e-05', 'epoch': '0.579'}
{'loss': '24.08', 'grad_norm': '14.67', 'learning_rate': '7.567e-05', 'epoch': '0.6433'}
{'loss': '23.8', 'grad_norm': '6.505', 'learning_rate': '7.209e-05', 'epoch': '0.7077'}
{'loss': '23.9', 'grad_norm': '5.251', 'learning_rate': '6.852e-05', 'epoch': '0.772'}
{'loss': '23.62', 'grad_norm': '10.07', 'learning_rate': '6.494e-05', 'epoch': '0.8363'}
{'loss': '23.5', 'grad_norm': '6.593', 'learning_rate': '6.136e-05', 'epoch': '0.9007'}
{'loss': '23.71', 'grad_norm': '3.072', 'learning_rate': '5.778e-05', 'epoch': '0.965'}


  0%|          | 0/247 [00:00<?, ?it/s][A

  1%|          | 2/247 [00:00<00:36,  6.67it/s][A

  1%|          | 3/247 [00:00<00:42,  5.72it/s][A

  2%|▏         | 4/247 [00:00<00:50,  4.83it/s][A

  2%|▏         | 5/247 [00:01<00:57,  4.20it/s][A

  2%|▏         | 6/247 [00:01<00:53,  4.49it/s][A

  3%|▎         | 7/247 [00:01<00:59,  4.06it/s][A

  3%|▎         | 8/247 [00:01<01:05,  3.63it/s][A

  4%|▎         | 9/247 [00:02<01:08,  3.48it/s][A

  4%|▍         | 10/247 [00:02<01:11,  3.31it/s][A

  4%|▍         | 11/247 [00:02<01:06,  3.57it/s][A

  5%|▍         | 12/247 [00:03<01:09,  3.40it/s][A

  5%|▌         | 13/247 [00:03<01:08,  3.42it/s][A

  6%|▌         | 14/247 [00:03<01:05,  3.57it/s][A

  6%|▌         | 15/247 [00:03<01:04,  3.60it/s][A

  6%|▋         | 16/247 [00:04<01:12,  3.18it/s][A

  7%|▋         | 17/247 [00:04<01:06,  3.48it/s][A

  7%|▋         | 18/247 [00:04<01:03,  3.59it/s][A

  8%|▊         | 19/247 [00:05<01:04,  3.54it/s][A

  8%|▊         | 20/247 [00:05<01:10,  3.23it/s][A

  9%|▊         | 21/247 [00:05<01:07,  3.35it/s][A

  9%|▉         | 22/247 [00:06<01:16,  2.95it/s][A

  9%|▉         | 23/247 [00:06<01:10,  3.18it/s][A

 10%|▉         | 24/247 [00:06<01:13,  3.03it/s][A

 10%|█         | 25/247 [00:06<01:04,  3.47it/s][A

 11%|█         | 26/247 [00:07<01:01,  3.60it/s][A

 11%|█         | 27/247 [00:07<00:59,  3.69it/s][A

 11%|█▏        | 28/247 [00:07<01:00,  3.64it/s][A

 12%|█▏        | 29/247 [00:07<00:56,  3.86it/s][A

 12%|█▏        | 30/247 [00:08<00:52,  4.10it/s][A

 13%|█▎        | 31/247 [00:08<00:53,  4.05it/s][A

 13%|█▎        | 32/247 [00:08<00:48,  4.41it/s][A

 13%|█▎        | 33/247 [00:08<00:57,  3.75it/s][A

 14%|█▍        | 34/247 [00:09<00:52,  4.02it/s][A

 14%|█▍        | 35/247 [00:09<00:51,  4.11it/s][A

 15%|█▍        | 36/247 [00:09<01:01,  3.44it/s][A

 15%|█▍        | 37/247 [00:10<00:56,  3.72it/s][A

 15%|█▌        | 38/247 [00:10<00:57,  3.63it/s][A

 16%|█▌        | 39/247 [00:10<01:03,  3.26it/s][A

 16%|█▌        | 40/247 [00:10<01:00,  3.41it/s][A

 17%|█▋        | 41/247 [00:11<00:58,  3.53it/s][A

 17%|█▋        | 42/247 [00:11<00:59,  3.47it/s][A

 17%|█▋        | 43/247 [00:11<01:05,  3.13it/s][A

 18%|█▊        | 44/247 [00:12<01:07,  3.03it/s][A

 18%|█▊        | 45/247 [00:12<01:10,  2.88it/s][A

 19%|█▊        | 46/247 [00:12<01:05,  3.08it/s][A

 19%|█▉        | 47/247 [00:13<00:56,  3.56it/s][A

 19%|█▉        | 48/247 [00:13<00:49,  4.03it/s][A

 20%|█▉        | 49/247 [00:13<00:52,  3.76it/s][A

 20%|██        | 50/247 [00:14<01:17,  2.56it/s][A

 21%|██        | 51/247 [00:14<01:07,  2.91it/s][A

 21%|██        | 52/247 [00:14<01:05,  2.97it/s][A

 21%|██▏       | 53/247 [00:15<01:13,  2.66it/s][A

 22%|██▏       | 54/247 [00:15<01:14,  2.60it/s][A

 22%|██▏       | 55/247 [00:15<01:07,  2.83it/s][A

 23%|██▎       | 56/247 [00:16<01:11,  2.67it/s][A

 23%|██▎       | 57/247 [00:16<01:02,  3.06it/s][A

 23%|██▎       | 58/247 [00:16<01:00,  3.11it/s][A

 24%|██▍       | 59/247 [00:17<01:00,  3.09it/s][A

 24%|██▍       | 60/247 [00:17<00:56,  3.31it/s][A

 25%|██▍       | 61/247 [00:17<00:52,  3.53it/s][A

 25%|██▌       | 62/247 [00:18<00:51,  3.59it/s][A

 26%|██▌       | 63/247 [00:18<00:47,  3.86it/s][A

 26%|██▌       | 64/247 [00:18<00:47,  3.83it/s][A

 26%|██▋       | 65/247 [00:18<00:43,  4.18it/s][A

 27%|██▋       | 66/247 [00:18<00:42,  4.25it/s][A

 27%|██▋       | 67/247 [00:19<00:49,  3.63it/s][A

 28%|██▊       | 68/247 [00:19<00:58,  3.06it/s][A

 28%|██▊       | 69/247 [00:20<00:59,  3.00it/s][A

 28%|██▊       | 70/247 [00:20<00:56,  3.11it/s][A

 29%|██▊       | 71/247 [00:20<00:51,  3.44it/s][A

 29%|██▉       | 72/247 [00:20<00:47,  3.68it/s][A

 30%|██▉       | 73/247 [00:21<00:55,  3.16it/s][A

 30%|██▉       | 74/247 [00:21<00:53,  3.25it/s][A

 30%|███       | 75/247 [00:21<00:57,  3.00it/s][A

 31%|███       | 76/247 [00:22<00:56,  3.00it/s][A

 31%|███       | 77/247 [00:22<00:50,  3.37it/s][A

 32%|███▏      | 78/247 [00:22<00:47,  3.59it/s][A

 32%|███▏      | 79/247 [00:23<00:51,  3.25it/s][A

 32%|███▏      | 80/247 [00:23<00:49,  3.39it/s][A

 33%|███▎      | 81/247 [00:23<00:44,  3.69it/s][A

 33%|███▎      | 82/247 [00:23<00:42,  3.84it/s][A

 34%|███▎      | 83/247 [00:23<00:37,  4.38it/s][A

 34%|███▍      | 84/247 [00:24<00:40,  4.00it/s][A

 34%|███▍      | 85/247 [00:24<00:48,  3.32it/s][A

 35%|███▍      | 86/247 [00:24<00:45,  3.54it/s][A

 35%|███▌      | 87/247 [00:25<00:54,  2.95it/s][A

 36%|███▌      | 88/247 [00:25<01:05,  2.42it/s][A

 36%|███▌      | 89/247 [00:26<01:04,  2.47it/s][A

 36%|███▋      | 90/247 [00:26<00:59,  2.63it/s][A

 37%|███▋      | 91/247 [00:27<00:58,  2.67it/s][A

 37%|███▋      | 92/247 [00:27<00:50,  3.06it/s][A

 38%|███▊      | 93/247 [00:27<00:46,  3.29it/s][A

 38%|███▊      | 94/247 [00:28<00:58,  2.61it/s][A

 38%|███▊      | 95/247 [00:28<00:56,  2.71it/s][A

 39%|███▉      | 96/247 [00:28<00:56,  2.67it/s][A

 39%|███▉      | 97/247 [00:29<00:56,  2.66it/s][A

 40%|███▉      | 98/247 [00:30<01:15,  1.96it/s][A

 40%|████      | 99/247 [00:30<01:04,  2.30it/s][A

 40%|████      | 100/247 [00:30<01:04,  2.27it/s][A

 41%|████      | 101/247 [00:30<00:52,  2.79it/s][A

 41%|████▏     | 102/247 [00:31<00:48,  2.98it/s][A

 42%|████▏     | 103/247 [00:31<00:53,  2.68it/s][A

 42%|████▏     | 104/247 [00:31<00:47,  3.02it/s][A

 43%|████▎     | 105/247 [00:32<00:48,  2.95it/s][A

 43%|████▎     | 106/247 [00:32<00:48,  2.92it/s][A

 43%|████▎     | 107/247 [00:32<00:44,  3.16it/s][A

 44%|████▎     | 108/247 [00:33<00:47,  2.90it/s][A

 44%|████▍     | 109/247 [00:33<00:45,  3.01it/s][A

 45%|████▍     | 110/247 [00:33<00:49,  2.76it/s][A

 45%|████▍     | 111/247 [00:34<00:47,  2.88it/s][A

 45%|████▌     | 112/247 [00:34<00:47,  2.82it/s][A

 46%|████▌     | 113/247 [00:34<00:46,  2.91it/s][A

 46%|████▌     | 114/247 [00:35<00:41,  3.23it/s][A

 47%|████▋     | 115/247 [00:35<00:40,  3.27it/s][A

 47%|████▋     | 116/247 [00:35<00:42,  3.11it/s][A

 47%|████▋     | 117/247 [00:36<00:38,  3.37it/s][A

 48%|████▊     | 118/247 [00:36<00:36,  3.52it/s][A

 48%|████▊     | 119/247 [00:36<00:32,  3.91it/s][A

 49%|████▊     | 120/247 [00:36<00:35,  3.61it/s][A

 49%|████▉     | 121/247 [00:37<00:35,  3.59it/s][A

 49%|████▉     | 122/247 [00:37<00:32,  3.89it/s][A

 50%|████▉     | 123/247 [00:37<00:29,  4.25it/s][A

 50%|█████     | 124/247 [00:37<00:32,  3.84it/s][A

 51%|█████     | 125/247 [00:38<00:28,  4.24it/s][A

 51%|█████     | 126/247 [00:38<00:27,  4.34it/s][A

 51%|█████▏    | 127/247 [00:38<00:28,  4.28it/s][A

 52%|█████▏    | 128/247 [00:38<00:28,  4.17it/s][A

 52%|█████▏    | 129/247 [00:38<00:27,  4.28it/s][A

 53%|█████▎    | 130/247 [00:39<00:30,  3.85it/s][A

 53%|█████▎    | 131/247 [00:39<00:29,  4.00it/s][A

 53%|█████▎    | 132/247 [00:39<00:33,  3.43it/s][A

 54%|█████▍    | 133/247 [00:40<00:30,  3.69it/s][A

 54%|█████▍    | 134/247 [00:40<00:39,  2.87it/s][A

 55%|█████▍    | 135/247 [00:40<00:38,  2.94it/s][A

 55%|█████▌    | 136/247 [00:41<00:37,  2.99it/s][A

 55%|█████▌    | 137/247 [00:41<00:35,  3.13it/s][A

 56%|█████▌    | 138/247 [00:41<00:31,  3.42it/s][A

 56%|█████▋    | 139/247 [00:42<00:29,  3.69it/s][A

 57%|█████▋    | 140/247 [00:42<00:30,  3.55it/s][A

 57%|█████▋    | 141/247 [00:42<00:27,  3.86it/s][A

 57%|█████▋    | 142/247 [00:42<00:33,  3.18it/s][A

 58%|█████▊    | 143/247 [00:43<00:32,  3.16it/s][A

 58%|█████▊    | 144/247 [00:43<00:31,  3.31it/s][A

 59%|█████▊    | 145/247 [00:43<00:31,  3.19it/s][A

 59%|█████▉    | 146/247 [00:44<00:33,  3.05it/s][A

 60%|█████▉    | 147/247 [00:44<00:31,  3.19it/s][A

 60%|█████▉    | 148/247 [00:44<00:27,  3.63it/s][A

 60%|██████    | 149/247 [00:44<00:25,  3.87it/s][A

 61%|██████    | 150/247 [00:45<00:27,  3.52it/s][A

 61%|██████    | 151/247 [00:45<00:28,  3.33it/s][A

 62%|██████▏   | 152/247 [00:45<00:27,  3.47it/s][A

 62%|██████▏   | 153/247 [00:46<00:26,  3.57it/s][A

 62%|██████▏   | 154/247 [00:46<00:23,  3.94it/s][A

 63%|██████▎   | 155/247 [00:46<00:21,  4.23it/s][A

 63%|██████▎   | 156/247 [00:46<00:25,  3.59it/s][A

 64%|██████▎   | 157/247 [00:47<00:31,  2.87it/s][A

 64%|██████▍   | 158/247 [00:47<00:26,  3.37it/s][A

 64%|██████▍   | 159/247 [00:48<00:29,  2.97it/s][A

 65%|██████▍   | 160/247 [00:48<00:26,  3.30it/s][A

 65%|██████▌   | 161/247 [00:48<00:26,  3.23it/s][A

 66%|██████▌   | 162/247 [00:48<00:25,  3.32it/s][A

 66%|██████▌   | 163/247 [00:49<00:23,  3.57it/s][A

 66%|██████▋   | 164/247 [00:49<00:21,  3.82it/s][A

 67%|██████▋   | 165/247 [00:49<00:20,  4.04it/s][A

 67%|██████▋   | 166/247 [00:49<00:19,  4.16it/s][A

 68%|██████▊   | 167/247 [00:50<00:21,  3.74it/s][A

 68%|██████▊   | 168/247 [00:50<00:19,  4.05it/s][A

 68%|██████▊   | 169/247 [00:50<00:24,  3.14it/s][A

 69%|██████▉   | 170/247 [00:51<00:27,  2.84it/s][A

 69%|██████▉   | 171/247 [00:51<00:25,  2.98it/s][A

 70%|██████▉   | 172/247 [00:51<00:21,  3.43it/s][A

 70%|███████   | 173/247 [00:52<00:22,  3.25it/s][A

 70%|███████   | 174/247 [00:52<00:21,  3.41it/s][A

 71%|███████   | 175/247 [00:52<00:24,  2.98it/s][A

 71%|███████▏  | 176/247 [00:53<00:22,  3.15it/s][A

 72%|███████▏  | 177/247 [00:53<00:19,  3.57it/s][A

 72%|███████▏  | 178/247 [00:53<00:19,  3.60it/s][A

 72%|███████▏  | 179/247 [00:53<00:19,  3.40it/s][A

 73%|███████▎  | 180/247 [00:54<00:18,  3.71it/s][A

 73%|███████▎  | 181/247 [00:54<00:18,  3.55it/s][A

 74%|███████▎  | 182/247 [00:54<00:17,  3.73it/s][A

 74%|███████▍  | 183/247 [00:54<00:17,  3.74it/s][A

 74%|███████▍  | 184/247 [00:55<00:16,  3.74it/s][A

 75%|███████▍  | 185/247 [00:55<00:17,  3.45it/s][A

 75%|███████▌  | 186/247 [00:55<00:18,  3.34it/s][A

 76%|███████▌  | 187/247 [00:56<00:19,  3.07it/s][A

 76%|███████▌  | 188/247 [00:56<00:17,  3.38it/s][A

 77%|███████▋  | 189/247 [00:56<00:15,  3.78it/s][A

 77%|███████▋  | 190/247 [00:56<00:14,  3.82it/s][A

 77%|███████▋  | 191/247 [00:57<00:13,  4.15it/s][A

 78%|███████▊  | 192/247 [00:57<00:13,  4.05it/s][A

 78%|███████▊  | 193/247 [00:57<00:15,  3.46it/s][A

 79%|███████▊  | 194/247 [00:57<00:15,  3.34it/s][A

 79%|███████▉  | 195/247 [00:58<00:14,  3.62it/s][A

 79%|███████▉  | 196/247 [00:58<00:14,  3.55it/s][A

 80%|███████▉  | 197/247 [00:58<00:16,  3.09it/s][A

 80%|████████  | 198/247 [00:59<00:20,  2.40it/s][A

 81%|████████  | 199/247 [00:59<00:19,  2.52it/s][A

 81%|████████  | 200/247 [01:00<00:16,  2.92it/s][A

 81%|████████▏ | 201/247 [01:00<00:14,  3.17it/s][A

 82%|████████▏ | 202/247 [01:00<00:15,  2.99it/s][A

 82%|████████▏ | 203/247 [01:01<00:13,  3.27it/s][A

 83%|████████▎ | 204/247 [01:01<00:13,  3.11it/s][A

 83%|████████▎ | 205/247 [01:01<00:12,  3.45it/s][A

 83%|████████▎ | 206/247 [01:01<00:12,  3.39it/s][A

 84%|████████▍ | 207/247 [01:02<00:11,  3.52it/s][A

 84%|████████▍ | 208/247 [01:02<00:10,  3.60it/s][A

 85%|████████▍ | 209/247 [01:02<00:10,  3.61it/s][A

 85%|████████▌ | 210/247 [01:02<00:10,  3.56it/s][A

 85%|████████▌ | 211/247 [01:03<00:10,  3.55it/s][A

 86%|████████▌ | 212/247 [01:03<00:08,  3.96it/s][A

 86%|████████▌ | 213/247 [01:03<00:08,  4.08it/s][A

 87%|████████▋ | 214/247 [01:04<00:09,  3.51it/s][A

 87%|████████▋ | 215/247 [01:04<00:08,  3.88it/s][A

 87%|████████▋ | 216/247 [01:04<00:09,  3.40it/s][A

 88%|████████▊ | 217/247 [01:04<00:09,  3.15it/s][A

 88%|████████▊ | 218/247 [01:05<00:09,  3.08it/s][A

 89%|████████▊ | 219/247 [01:05<00:09,  3.02it/s][A

 89%|████████▉ | 220/247 [01:05<00:08,  3.10it/s][A

 89%|████████▉ | 221/247 [01:06<00:08,  3.02it/s][A

 90%|████████▉ | 222/247 [01:06<00:08,  3.12it/s][A

 90%|█████████ | 223/247 [01:06<00:07,  3.25it/s][A

 91%|█████████ | 224/247 [01:07<00:06,  3.45it/s][A

 91%|█████████ | 225/247 [01:07<00:06,  3.61it/s][A

 91%|█████████▏| 226/247 [01:07<00:05,  3.84it/s][A

 92%|█████████▏| 227/247 [01:07<00:04,  4.28it/s][A

 92%|█████████▏| 228/247 [01:07<00:04,  4.66it/s][A

 93%|█████████▎| 229/247 [01:08<00:05,  3.55it/s][A

 93%|█████████▎| 230/247 [01:08<00:05,  3.37it/s][A

 94%|█████████▎| 231/247 [01:09<00:04,  3.20it/s][A

 94%|█████████▍| 232/247 [01:09<00:04,  3.15it/s][A

 94%|█████████▍| 233/247 [01:09<00:04,  3.28it/s][A

 95%|█████████▍| 234/247 [01:10<00:04,  3.07it/s][A

 95%|█████████▌| 235/247 [01:10<00:04,  2.71it/s][A

 96%|█████████▌| 236/247 [01:10<00:03,  2.97it/s][A

 96%|█████████▌| 237/247 [01:10<00:02,  3.43it/s][A

 96%|█████████▋| 238/247 [01:11<00:02,  3.54it/s][A

 97%|█████████▋| 239/247 [01:11<00:02,  3.59it/s][A

 97%|█████████▋| 240/247 [01:11<00:02,  3.32it/s][A

 98%|█████████▊| 241/247 [01:12<00:01,  3.47it/s][A

 98%|█████████▊| 242/247 [01:12<00:01,  3.94it/s][A

 98%|█████████▊| 243/247 [01:12<00:00,  4.10it/s][A

 99%|█████████▉| 244/247 [01:12<00:00,  4.23it/s][A

 99%|█████████▉| 245/247 [01:13<00:00,  3.92it/s][A

100%|█████████▉| 246/247 [01:13<00:00,  2.28it/s][A

100%|██████████| 247/247 [01:14<00:00,  2.65it/s][A
                                                   


                                                 
[A
 50%|█████     | 311/622 [1:12:27<49:37,  9.57s/it]

100%|██████████| 247/247 [01:14<00:00,  2.65it/s][A

                                                 [A{'eval_loss': '2.952', 'eval_wer': '0.9709', 'eval_cer': '0.9614', 'eval_runtime': '75.09', 'eval_samples_per_second': '6.565', 'eval_steps_per_second': '3.289', 'epoch': '1'}


Writing model shards:   0%|          | 0/1 [00:00<?, ?it/s][A

Writing model shards: 100%|██████████| 1/1 [00:01<00:00,  1.36s/it][A
Writing model shards: 100%|██████████| 1/1 [00:01<00:00,  1.36s/it]
/Users/mulisamusehane/Documents/GitHub/MultilingualASR/.venv/lib/python3.12/site-packages/torch/utils/data/dataloader.py:759: UserWarning: 'pin_memory' argument is set as true but not supported on MPS now, device pinned memory won't be used.
  super().__init__(loader)

 50%|█████     | 312/622 [1:12:46<2:59:55, 34.82s/it]
 50%|█████     | 313/622 [1:12:58<2:24:14, 28.01s/it]
 50%|█████     | 314/622 [1:13:06<1:54:17, 22.27s/it]
 51%|█████     | 315/622 [1:13:15<1:32:38, 18.11s/it]
 51%|█████     | 316/622 [1:13:25<1:20:29, 15.78s/it]
 51%|█████     | 317/622 [1:13:34<1:10:12, 13.81s/it]
 51%|█████     | 318/622 [1:13:45<1:05:08, 12.86s/it]
 51%|█████▏    | 319/622 [1:13:53<58:04, 11.50s/it]  
 51%|█████▏    | 320/622 [1:14:02<53:47, 10.69s/it]
                                                   

 51%|█████▏    | 320/622 [1:14:03<53:47, 10.69s/it]
 52%|█████▏    | 321/622 [1:14:12<52:33, 10.48s/it]
 52%|█████▏    | 322/622 [1:14:24<54:29, 10.90s/it]
 52%|█████▏    | 323/622 [1:14:33<51:18, 10.30s/it]
 52%|█████▏    | 324/622 [1:14:44<51:42, 10.41s/it]
 52%|█████▏    | 325/622 [1:14:54<52:02, 10.51s/it]
 52%|█████▏    | 326/622 [1:15:04<51:03, 10.35s/it]
 53%|█████▎    | 327/622 [1:15:15<50:38, 10.30s/it]
 53%|█████▎    | 328/622 [1:15:23<47:33,  9.71s/it]
 53%|█████▎    | 329/622 [1:15:34<49:20, 10.11s/it]
 53%|█████▎    | 330/622 [1:15:43<48:18,  9.93s/it]
 53%|█████▎    | 331/622 [1:15:54<49:35, 10.22s/it]
 53%|█████▎    | 332/622 [1:16:04<49:12, 10.18s/it]
 54%|█████▎    | 333/622 [1:16:14<48:10, 10.00s/it]
 54%|█████▎    | 334/622 [1:16:23<47:13,  9.84s/it]
 54%|█████▍    | 335/622 [1:16:32<45:02,  9.42s/it]
 54%|█████▍    | 336/622 [1:16:42<46:04,  9.67s/it]
 54%|█████▍    | 337/622 [1:16:52<46:45,  9.84s/it]
 54%|█████▍    | 338/622 [1:17:01<44:57,  9.50s/it]
 55%|█████▍    | 339/622 [1:17:11<45:49,  9.72s/it]
 55%|█████▍    | 340/622 [1:17:21<44:59,  9.57s/it]
                                                   

 55%|█████▍    | 340/622 [1:17:21<44:59,  9.57s/it]
 55%|█████▍    | 341/622 [1:17:30<44:55,  9.59s/it]
 55%|█████▍    | 342/622 [1:17:40<45:20,  9.72s/it]
 55%|█████▌    | 343/622 [1:17:50<45:24,  9.76s/it]
 55%|█████▌    | 344/622 [1:17:59<44:09,  9.53s/it]
 55%|█████▌    | 345/622 [1:18:08<43:24,  9.40s/it]
 56%|█████▌    | 346/622 [1:18:17<42:51,  9.32s/it]
 56%|█████▌    | 347/622 [1:18:27<43:50,  9.56s/it]
 56%|█████▌    | 348/622 [1:18:37<43:08,  9.45s/it]
 56%|█████▌    | 349/622 [1:18:47<43:38,  9.59s/it]
 56%|█████▋    | 350/622 [1:18:55<42:11,  9.31s/it]
 56%|█████▋    | 351/622 [1:19:04<41:01,  9.08s/it]
 57%|█████▋    | 352/622 [1:19:14<42:50,  9.52s/it]
 57%|█████▋    | 353/622 [1:19:22<40:24,  9.01s/it]
 57%|█████▋    | 354/622 [1:19:31<39:41,  8.89s/it]
 57%|█████▋    | 355/622 [1:19:40<40:28,  9.09s/it]
 57%|█████▋    | 356/622 [1:19:50<40:30,  9.14s/it]
 57%|█████▋    | 357/622 [1:19:59<40:58,  9.28s/it]
 58%|█████▊    | 358/622 [1:20:09<41:06,  9.34s/it]
 58%|█████▊    | 359/622 [1:20:18<40:49,  9.31s/it]
 58%|█████▊    | 360/622 [1:20:27<40:45,  9.33s/it]
                                                   

 58%|█████▊    | 360/622 [1:20:28<40:45,  9.33s/it]
 58%|█████▊    | 361/622 [1:20:37<41:41,  9.59s/it]
 58%|█████▊    | 362/622 [1:20:48<42:12,  9.74s/it]
 58%|█████▊    | 363/622 [1:20:56<40:54,  9.48s/it]
 59%|█████▊    | 364/622 [1:21:07<42:23,  9.86s/it]
 59%|█████▊    | 365/622 [1:21:17<42:52, 10.01s/it]
 59%|█████▉    | 366/622 [1:21:26<41:23,  9.70s/it]
 59%|█████▉    | 367/622 [1:21:37<42:05,  9.91s/it]
 59%|█████▉    | 368/622 [1:21:50<45:25, 10.73s/it]
 59%|█████▉    | 369/622 [1:22:01<46:04, 10.93s/it]
 59%|█████▉    | 370/622 [1:22:14<49:14, 11.73s/it]
 60%|█████▉    | 371/622 [1:22:29<52:57, 12.66s/it]
 60%|█████▉    | 372/622 [1:22:43<54:27, 13.07s/it]
 60%|█████▉    | 373/622 [1:22:57<55:03, 13.27s/it]
 60%|██████    | 374/622 [1:23:08<51:40, 12.50s/it]
 60%|██████    | 375/622 [1:23:21<51:57, 12.62s/it]
 60%|██████    | 376/622 [1:23:30<47:09, 11.50s/it]
 61%|██████    | 377/622 [1:23:40<45:53, 11.24s/it]
 61%|██████    | 378/622 [1:23:51<44:51, 11.03s/it]
 61%|██████    | 379/622 [1:24:00<43:01, 10.62s/it]
 61%|██████    | 380/622 [1:24:10<41:29, 10.29s/it]
                                                   

 61%|██████    | 380/622 [1:24:10<41:29, 10.29s/it]
 61%|██████▏   | 381/622 [1:24:20<41:02, 10.22s/it]
 61%|██████▏   | 382/622 [1:24:29<39:24,  9.85s/it]
 62%|██████▏   | 383/622 [1:24:39<39:54, 10.02s/it]
 62%|██████▏   | 384/622 [1:24:49<39:08,  9.87s/it]
 62%|██████▏   | 385/622 [1:24:59<39:26,  9.99s/it]
 62%|██████▏   | 386/622 [1:25:09<38:54,  9.89s/it]
 62%|██████▏   | 387/622 [1:25:18<38:08,  9.74s/it]
 62%|██████▏   | 388/622 [1:25:27<36:48,  9.44s/it]
 63%|██████▎   | 389/622 [1:25:41<41:57, 10.81s/it]
 63%|██████▎   | 390/622 [1:25:49<38:29,  9.96s/it]
 63%|██████▎   | 391/622 [1:25:59<38:53, 10.10s/it]
 63%|██████▎   | 392/622 [1:26:12<41:09, 10.74s/it]
 63%|██████▎   | 393/622 [1:26:22<40:06, 10.51s/it]
 63%|██████▎   | 394/622 [1:26:34<41:52, 11.02s/it]
 64%|██████▎   | 395/622 [1:26:49<46:47, 12.37s/it]
 64%|██████▎   | 396/622 [1:27:04<49:02, 13.02s/it]
 64%|██████▍   | 397/622 [1:27:15<47:17, 12.61s/it]
 64%|██████▍   | 398/622 [1:27:27<45:56, 12.31s/it]
 64%|██████▍   | 399/622 [1:27:40<46:13, 12.44s/it]
 64%|██████▍   | 400/622 [1:27:50<43:43, 11.82s/it]
                                                   

 64%|██████▍   | 400/622 [1:27:51<43:43, 11.82s/it]
 64%|██████▍   | 401/622 [1:28:04<45:58, 12.48s/it]
 65%|██████▍   | 402/622 [1:28:16<45:21, 12.37s/it]
 65%|██████▍   | 403/622 [1:28:29<45:13, 12.39s/it]
 65%|██████▍   | 404/622 [1:28:40<43:26, 11.96s/it]
 65%|██████▌   | 405/622 [1:28:50<41:17, 11.42s/it]
 65%|██████▌   | 406/622 [1:29:05<45:17, 12.58s/it]
 65%|██████▌   | 407/622 [1:29:17<43:53, 12.25s/it]
 66%|██████▌   | 408/622 [1:29:27<41:52, 11.74s/it]
 66%|██████▌   | 409/622 [1:29:37<40:04, 11.29s/it]
 66%|██████▌   | 410/622 [1:29:48<38:52, 11.00s/it]
 66%|██████▌   | 411/622 [1:29:59<39:00, 11.09s/it]
 66%|██████▌   | 412/622 [1:30:11<39:24, 11.26s/it]
 66%|██████▋   | 413/622 [1:30:25<41:53, 12.03s/it]
 67%|██████▋   | 414/622 [1:30:38<42:56, 12.39s/it]
 67%|██████▋   | 415/622 [1:30:50<42:32, 12.33s/it]
 67%|██████▋   | 416/622 [1:31:01<41:29, 12.08s/it]
 67%|██████▋   | 417/622 [1:31:11<38:30, 11.27s/it]
 67%|██████▋   | 418/622 [1:31:23<38:47, 11.41s/it]
 67%|██████▋   | 419/622 [1:31:32<37:02, 10.95s/it]
 68%|██████▊   | 420/622 [1:31:44<37:03, 11.01s/it]
                                                   

 68%|██████▊   | 420/622 [1:31:44<37:03, 11.01s/it]
 68%|██████▊   | 421/622 [1:31:54<35:52, 10.71s/it]
 68%|██████▊   | 422/622 [1:32:05<36:34, 10.97s/it]
 68%|██████▊   | 423/622 [1:32:14<34:38, 10.44s/it]
 68%|██████▊   | 424/622 [1:32:29<38:12, 11.58s/it]
 68%|██████▊   | 425/622 [1:32:38<35:45, 10.89s/it]
 68%|██████▊   | 426/622 [1:32:49<35:35, 10.90s/it]
 69%|██████▊   | 427/622 [1:33:00<36:07, 11.11s/it]
 69%|██████▉   | 428/622 [1:33:14<38:28, 11.90s/it]
 69%|██████▉   | 429/622 [1:33:24<36:16, 11.28s/it]
 69%|██████▉   | 430/622 [1:33:33<33:38, 10.52s/it]
 69%|██████▉   | 431/622 [1:33:45<35:26, 11.13s/it]
 69%|██████▉   | 432/622 [1:33:55<33:27, 10.56s/it]
 70%|██████▉   | 433/622 [1:34:04<32:03, 10.18s/it]
 70%|██████▉   | 434/622 [1:34:16<33:28, 10.68s/it]
 70%|██████▉   | 435/622 [1:34:28<34:37, 11.11s/it]
 70%|███████   | 436/622 [1:34:39<34:18, 11.07s/it]
 70%|███████   | 437/622 [1:34:50<34:12, 11.09s/it]
 70%|███████   | 438/622 [1:35:02<34:35, 11.28s/it]
 71%|███████   | 439/622 [1:35:12<33:27, 10.97s/it]
 71%|███████   | 440/622 [1:35:23<33:34, 11.07s/it]
                                                   

 71%|███████   | 440/622 [1:35:24<33:34, 11.07s/it]
 71%|███████   | 441/622 [1:35:33<32:12, 10.68s/it]
 71%|███████   | 442/622 [1:35:45<33:13, 11.08s/it]
 71%|███████   | 443/622 [1:35:57<33:54, 11.37s/it]
 71%|███████▏  | 444/622 [1:36:08<33:20, 11.24s/it]
 72%|███████▏  | 445/622 [1:36:20<33:26, 11.33s/it]
 72%|███████▏  | 446/622 [1:36:29<32:03, 10.93s/it]
 72%|███████▏  | 447/622 [1:37:32<1:16:59, 26.40s/it]
 72%|███████▏  | 448/622 [1:38:29<1:42:50, 35.46s/it]
 72%|███████▏  | 449/622 [1:38:59<1:38:02, 34.00s/it]
 72%|███████▏  | 450/622 [1:39:19<1:25:30, 29.83s/it]
 73%|███████▎  | 451/622 [1:39:38<1:15:41, 26.56s/it]
 73%|███████▎  | 452/622 [1:40:06<1:16:40, 27.06s/it]
 73%|███████▎  | 453/622 [1:40:39<1:20:37, 28.62s/it]
 73%|███████▎  | 454/622 [1:41:07<1:19:34, 28.42s/it]
 73%|███████▎  | 455/622 [1:41:33<1:17:07, 27.71s/it]
 73%|███████▎  | 456/622 [1:42:13<1:26:43, 31.34s/it]
 73%|███████▎  | 457/622 [1:42:40<1:22:45, 30.09s/it]
 74%|███████▎  | 458/622 [1:42:58<1:12:58, 26.70s/it]
 74%|███████▍  | 459/622 [1:43:14<1:03:04, 23.22s/it]
 74%|███████▍  | 460/622 [1:43:31<57:55, 21.45s/it]  
                                                   

 74%|███████▍  | 460/622 [1:43:32<57:55, 21.45s/it]
 74%|███████▍  | 461/622 [1:43:46<52:25, 19.54s/it]
 74%|███████▍  | 462/622 [1:44:00<48:04, 18.03s/it]
 74%|███████▍  | 463/622 [1:44:15<44:38, 16.84s/it]
 75%|███████▍  | 464/622 [1:44:29<42:25, 16.11s/it]
 75%|███████▍  | 465/622 [1:44:43<40:48, 15.60s/it]
 75%|███████▍  | 466/622 [1:44:55<37:15, 14.33s/it]
 75%|███████▌  | 467/622 [1:45:07<35:36, 13.78s/it]
 75%|███████▌  | 468/622 [1:45:20<34:43, 13.53s/it]
 75%|███████▌  | 469/622 [1:45:33<34:04, 13.36s/it]
 76%|███████▌  | 470/622 [1:45:47<33:53, 13.38s/it]
 76%|███████▌  | 471/622 [1:45:58<32:01, 12.72s/it]
 76%|███████▌  | 472/622 [1:46:11<32:17, 12.92s/it]
 76%|███████▌  | 473/622 [1:46:24<31:52, 12.84s/it]
 76%|███████▌  | 474/622 [1:46:37<32:00, 12.98s/it]
 76%|███████▋  | 475/622 [1:46:48<30:18, 12.37s/it]
 77%|███████▋  | 476/622 [1:47:00<30:05, 12.37s/it]
 77%|███████▋  | 477/622 [1:47:10<27:42, 11.46s/it]
 77%|███████▋  | 478/622 [1:47:19<25:55, 10.80s/it]
 77%|███████▋  | 479/622 [1:47:29<25:16, 10.60s/it]
 77%|███████▋  | 480/622 [1:47:39<24:25, 10.32s/it]
                                                   

 77%|███████▋  | 480/622 [1:47:39<24:25, 10.32s/it]
 77%|███████▋  | 481/622 [1:47:51<25:21, 10.79s/it]
 77%|███████▋  | 482/622 [1:48:01<25:04, 10.75s/it]
 78%|███████▊  | 483/622 [1:48:12<24:41, 10.66s/it]
 78%|███████▊  | 484/622 [1:48:21<23:26, 10.20s/it]
 78%|███████▊  | 485/622 [1:48:32<23:43, 10.39s/it]
 78%|███████▊  | 486/622 [1:48:41<23:01, 10.16s/it]
 78%|███████▊  | 487/622 [1:48:50<22:08,  9.84s/it]
 78%|███████▊  | 488/622 [1:49:01<22:16,  9.97s/it]
 79%|███████▊  | 489/622 [1:49:11<21:57,  9.91s/it]
 79%|███████▉  | 490/622 [1:49:21<22:12, 10.09s/it]
 79%|███████▉  | 491/622 [1:49:32<22:52, 10.48s/it]
 79%|███████▉  | 492/622 [1:49:43<22:35, 10.42s/it]
 79%|███████▉  | 493/622 [1:49:52<21:53, 10.18s/it]
 79%|███████▉  | 494/622 [1:50:02<21:32, 10.10s/it]
 80%|███████▉  | 495/622 [1:50:12<21:24, 10.12s/it]
 80%|███████▉  | 496/622 [1:50:22<20:57,  9.98s/it]
 80%|███████▉  | 497/622 [1:50:32<20:46,  9.97s/it]
 80%|████████  | 498/622 [1:50:44<21:50, 10.57s/it]
 80%|████████  | 499/622 [1:50:53<20:51, 10.18s/it]
 80%|████████  | 500/622 [1:51:02<19:59,  9.84s/it]
                                                   

 80%|████████  | 500/622 [1:51:03<19:59,  9.84s/it]
 81%|████████  | 501/622 [1:51:12<19:51,  9.85s/it]
 81%|████████  | 502/622 [1:51:21<19:05,  9.54s/it]
 81%|████████  | 503/622 [1:51:30<18:29,  9.32s/it]
 81%|████████  | 504/622 [1:51:41<19:14,  9.79s/it]
 81%|████████  | 505/622 [1:51:50<19:05,  9.79s/it]
 81%|████████▏ | 506/622 [1:52:02<20:10, 10.44s/it]
 82%|████████▏ | 507/622 [1:52:14<20:42, 10.81s/it]
 82%|████████▏ | 508/622 [1:52:25<20:25, 10.75s/it]
 82%|████████▏ | 509/622 [1:52:33<19:05, 10.14s/it]
 82%|████████▏ | 510/622 [1:52:44<19:13, 10.30s/it]
 82%|████████▏ | 511/622 [1:52:55<19:34, 10.58s/it]
 82%|████████▏ | 512/622 [1:53:08<20:46, 11.33s/it]
 82%|████████▏ | 513/622 [1:53:24<22:49, 12.56s/it]
 83%|████████▎ | 514/622 [1:53:35<22:03, 12.26s/it]
 83%|████████▎ | 515/622 [1:53:47<21:45, 12.20s/it]
 83%|████████▎ | 516/622 [1:53:57<20:16, 11.48s/it]
 83%|████████▎ | 517/622 [1:54:06<18:37, 10.65s/it]
 83%|████████▎ | 518/622 [1:54:20<20:04, 11.58s/it]
 83%|████████▎ | 519/622 [1:54:30<19:07, 11.14s/it]
 84%|████████▎ | 520/622 [1:54:40<18:36, 10.94s/it]
                                                   

 84%|████████▎ | 520/622 [1:54:41<18:36, 10.94s/it]
 84%|████████▍ | 521/622 [1:54:50<17:33, 10.43s/it]
 84%|████████▍ | 522/622 [1:54:59<16:45, 10.06s/it]
 84%|████████▍ | 523/622 [1:55:10<17:08, 10.39s/it]
 84%|████████▍ | 524/622 [1:55:20<16:46, 10.27s/it]
 84%|████████▍ | 525/622 [1:55:31<16:59, 10.51s/it]
 85%|████████▍ | 526/622 [1:55:41<16:39, 10.42s/it]
 85%|████████▍ | 527/622 [1:55:59<20:09, 12.73s/it]
 85%|████████▍ | 528/622 [1:56:09<18:43, 11.96s/it]
 85%|████████▌ | 529/622 [1:56:19<17:31, 11.31s/it]
 85%|████████▌ | 530/622 [1:56:31<17:43, 11.56s/it]
 85%|████████▌ | 531/622 [1:56:43<17:30, 11.54s/it]
 86%|████████▌ | 532/622 [1:56:54<17:03, 11.37s/it]
 86%|████████▌ | 533/622 [1:57:06<17:02, 11.49s/it]
 86%|████████▌ | 534/622 [1:57:17<16:44, 11.41s/it]
 86%|████████▌ | 535/622 [1:57:28<16:22, 11.29s/it]
 86%|████████▌ | 536/622 [1:57:50<20:58, 14.64s/it]
 86%|████████▋ | 537/622 [1:58:21<27:37, 19.50s/it]
 86%|████████▋ | 538/622 [1:58:41<27:39, 19.75s/it]
 87%|████████▋ | 539/622 [1:58:58<26:03, 18.83s/it]
 87%|████████▋ | 540/622 [1:59:13<24:09, 17.68s/it]
                                                   

 87%|████████▋ | 540/622 [1:59:14<24:09, 17.68s/it]
 87%|████████▋ | 541/622 [1:59:24<21:08, 15.66s/it]
 87%|████████▋ | 542/622 [1:59:35<19:04, 14.31s/it]
 87%|████████▋ | 543/622 [1:59:48<18:09, 13.79s/it]
 87%|████████▋ | 544/622 [2:00:00<17:10, 13.22s/it]
 88%|████████▊ | 545/622 [2:00:22<20:18, 15.82s/it]
 88%|████████▊ | 546/622 [2:00:35<19:16, 15.22s/it]
 88%|████████▊ | 547/622 [2:00:50<18:37, 14.90s/it]
 88%|████████▊ | 548/622 [2:01:02<17:18, 14.04s/it]
 88%|████████▊ | 549/622 [2:01:12<15:34, 12.80s/it]
 88%|████████▊ | 550/622 [2:01:22<14:23, 12.00s/it]
 89%|████████▊ | 551/622 [2:01:34<14:15, 12.05s/it]
 89%|████████▊ | 552/622 [2:01:46<14:06, 12.10s/it]
 89%|████████▉ | 553/622 [2:01:59<14:09, 12.32s/it]
 89%|████████▉ | 554/622 [2:02:10<13:26, 11.86s/it]
 89%|████████▉ | 555/622 [2:02:20<12:42, 11.38s/it]
 89%|████████▉ | 556/622 [2:02:34<13:17, 12.08s/it]
 90%|████████▉ | 557/622 [2:02:45<12:44, 11.77s/it]
 90%|████████▉ | 558/622 [2:02:58<13:10, 12.35s/it]
 90%|████████▉ | 559/622 [2:03:09<12:18, 11.72s/it]
 90%|█████████ | 560/622 [2:03:21<12:24, 12.01s/it]
                                                   

 90%|█████████ | 560/622 [2:03:22<12:24, 12.01s/it]
 90%|█████████ | 561/622 [2:03:31<11:35, 11.40s/it]
 90%|█████████ | 562/622 [2:03:44<11:43, 11.72s/it]
 91%|█████████ | 563/622 [2:03:54<11:07, 11.32s/it]
 91%|█████████ | 564/622 [2:04:06<11:07, 11.51s/it]
 91%|█████████ | 565/622 [2:04:18<10:58, 11.55s/it]
 91%|█████████ | 566/622 [2:04:29<10:35, 11.34s/it]
 91%|█████████ | 567/622 [2:04:38<09:58, 10.88s/it]
 91%|█████████▏| 568/622 [2:04:51<10:15, 11.39s/it]
 91%|█████████▏| 569/622 [2:05:06<11:01, 12.48s/it]
 92%|█████████▏| 570/622 [2:05:17<10:33, 12.18s/it]
 92%|█████████▏| 571/622 [2:05:33<11:08, 13.11s/it]
 92%|█████████▏| 572/622 [2:05:45<10:41, 12.84s/it]
 92%|█████████▏| 573/622 [2:05:57<10:18, 12.63s/it]
 92%|█████████▏| 574/622 [2:06:13<10:54, 13.63s/it]
 92%|█████████▏| 575/622 [2:06:25<10:23, 13.26s/it]
 93%|█████████▎| 576/622 [2:06:37<09:50, 12.84s/it]
 93%|█████████▎| 577/622 [2:06:49<09:16, 12.36s/it]
 93%|█████████▎| 578/622 [2:06:58<08:25, 11.50s/it]
 93%|█████████▎| 579/622 [2:07:09<08:09, 11.38s/it]
 93%|█████████▎| 580/622 [2:07:22<08:11, 11.71s/it]
                                                   

 93%|█████████▎| 580/622 [2:07:22<08:11, 11.71s/it]
 93%|█████████▎| 581/622 [2:07:32<07:43, 11.29s/it]
 94%|█████████▎| 582/622 [2:07:45<07:46, 11.67s/it]
 94%|█████████▎| 583/622 [2:07:56<07:29, 11.52s/it]
 94%|█████████▍| 584/622 [2:08:07<07:12, 11.39s/it]
 94%|█████████▍| 585/622 [2:08:16<06:37, 10.76s/it]
 94%|█████████▍| 586/622 [2:08:29<06:46, 11.30s/it]
 94%|█████████▍| 587/622 [2:08:38<06:13, 10.66s/it]
 95%|█████████▍| 588/622 [2:08:48<06:01, 10.62s/it]
 95%|█████████▍| 589/622 [2:09:00<06:02, 11.00s/it]
 95%|█████████▍| 590/622 [2:09:12<05:55, 11.12s/it]
 95%|█████████▌| 591/622 [2:09:23<05:47, 11.22s/it]
 95%|█████████▌| 592/622 [2:09:35<05:45, 11.52s/it]
 95%|█████████▌| 593/622 [2:09:47<05:40, 11.73s/it]
 95%|█████████▌| 594/622 [2:10:00<05:31, 11.84s/it]
 96%|█████████▌| 595/622 [2:10:12<05:22, 11.96s/it]
 96%|█████████▌| 596/622 [2:10:24<05:12, 12.04s/it]
 96%|█████████▌| 597/622 [2:10:34<04:41, 11.27s/it]
 96%|█████████▌| 598/622 [2:10:46<04:39, 11.63s/it]
 96%|█████████▋| 599/622 [2:10:59<04:34, 11.92s/it]
 96%|█████████▋| 600/622 [2:11:09<04:12, 11.47s/it]
                                                   

 96%|█████████▋| 600/622 [2:11:10<04:12, 11.47s/it]
 97%|█████████▋| 601/622 [2:11:19<03:51, 11.02s/it]
 97%|█████████▋| 602/622 [2:11:29<03:34, 10.72s/it]
 97%|█████████▋| 603/622 [2:11:37<03:06,  9.80s/it]
 97%|█████████▋| 604/622 [2:11:42<02:34,  8.60s/it]
 97%|█████████▋| 605/622 [2:11:49<02:15,  7.98s/it]
 97%|█████████▋| 606/622 [2:11:57<02:05,  7.85s/it]
 98%|█████████▊| 607/622 [2:12:04<01:54,  7.62s/it]
 98%|█████████▊| 608/622 [2:12:10<01:43,  7.36s/it]
 98%|█████████▊| 609/622 [2:12:18<01:38,  7.58s/it]
 98%|█████████▊| 610/622 [2:12:26<01:31,  7.59s/it]
 98%|█████████▊| 611/622 [2:12:34<01:24,  7.68s/it]
 98%|█████████▊| 612/622 [2:12:43<01:19,  7.99s/it]
 99%|█████████▊| 613/622 [2:12:50<01:09,  7.76s/it]
 99%|█████████▊| 614/622 [2:12:59<01:04,  8.08s/it]
 99%|█████████▉| 615/622 [2:13:08<00:58,  8.30s/it]
 99%|█████████▉| 616/622 [2:13:16<00:49,  8.25s/it]
 99%|█████████▉| 617/622 [2:13:25<00:42,  8.54s/it]
 99%|█████████▉| 618/622 [2:13:33<00:33,  8.40s/it]
100%|█████████▉| 619/622 [2:13:41<00:25,  8.35s/it]
100%|█████████▉| 620/622 [2:13:51<00:17,  8.82s/it]
                                                   

100%|█████████▉| 620/622 [2:13:52<00:17,  8.82s/it]
100%|█████████▉| 621/622 [2:14:00<00:08,  8.94s/it]
100%|██████████| 622/622 [2:14:07<00:00,  8.36s/it]{'loss': '23.4', 'grad_norm': '4.308', 'learning_rate': '5.42e-05', 'epoch': '1.029'}
{'loss': '23.44', 'grad_norm': '3.294', 'learning_rate': '5.063e-05', 'epoch': '1.093'}
{'loss': '23.5', 'grad_norm': '8.939', 'learning_rate': '4.705e-05', 'epoch': '1.158'}
{'loss': '23.48', 'grad_norm': '9.316', 'learning_rate': '4.347e-05', 'epoch': '1.222'}
{'loss': '23.43', 'grad_norm': '5.521', 'learning_rate': '3.989e-05', 'epoch': '1.286'}
{'loss': '23.25', 'grad_norm': '5.783', 'learning_rate': '3.631e-05', 'epoch': '1.351'}
{'loss': '23.08', 'grad_norm': '4.086', 'learning_rate': '3.274e-05', 'epoch': '1.415'}
{'loss': '22.92', 'grad_norm': '9.011', 'learning_rate': '2.916e-05', 'epoch': '1.479'}
{'loss': '22.69', 'grad_norm': '7.861', 'learning_rate': '2.558e-05', 'epoch': '1.544'}
{'loss': '22.33', 'grad_norm': '3.557', 'learning_rate': '2.2e-05', 'epoch': '1.608'}
{'loss': '22.04', 'grad_norm': '18.16', 'learning_rate': '1.843e-05', 'epoch': '1.672'}
{'loss': '21.63', 'grad_norm': '6.868', 'learning_rate': '1.485e-05', 'epoch': '1.737'}
{'loss': '21.3', 'grad_norm': '8.836', 'learning_rate': '1.127e-05', 'epoch': '1.801'}
{'loss': '20.72', 'grad_norm': '6.853', 'learning_rate': '7.692e-06', 'epoch': '1.865'}
{'loss': '20.58', 'grad_norm': '5.2', 'learning_rate': '4.114e-06', 'epoch': '1.93'}
{'loss': '20.51', 'grad_norm': '7.382', 'learning_rate': '5.367e-07', 'epoch': '1.994'}


  0%|          | 0/247 [00:00<?, ?it/s][A

  1%|          | 2/247 [00:00<00:46,  5.23it/s][A

  1%|          | 3/247 [00:00<00:51,  4.72it/s][A

  2%|▏         | 4/247 [00:00<00:58,  4.17it/s][A

  2%|▏         | 5/247 [00:01<01:03,  3.83it/s][A

  2%|▏         | 6/247 [00:01<00:58,  4.09it/s][A

  3%|▎         | 7/247 [00:01<01:05,  3.65it/s][A

  3%|▎         | 8/247 [00:02<01:10,  3.38it/s][A

  4%|▎         | 9/247 [00:02<01:08,  3.45it/s][A

  4%|▍         | 10/247 [00:02<01:09,  3.42it/s][A

  4%|▍         | 11/247 [00:02<01:07,  3.48it/s][A

  5%|▍         | 12/247 [00:03<01:14,  3.17it/s][A

  5%|▌         | 13/247 [00:03<01:13,  3.20it/s][A

  6%|▌         | 14/247 [00:03<01:10,  3.33it/s][A

  6%|▌         | 15/247 [00:04<01:08,  3.36it/s][A

  6%|▋         | 16/247 [00:04<01:16,  3.03it/s][A

  7%|▋         | 17/247 [00:04<01:09,  3.32it/s][A

  7%|▋         | 18/247 [00:05<01:05,  3.52it/s][A

  8%|▊         | 19/247 [00:05<01:05,  3.48it/s][A

  8%|▊         | 20/247 [00:05<01:10,  3.23it/s][A

  9%|▊         | 21/247 [00:06<01:08,  3.28it/s][A

  9%|▉         | 22/247 [00:06<01:18,  2.86it/s][A

  9%|▉         | 23/247 [00:06<01:13,  3.07it/s][A

 10%|▉         | 24/247 [00:07<01:12,  3.08it/s][A

 10%|█         | 25/247 [00:07<01:03,  3.51it/s][A

 11%|█         | 26/247 [00:07<01:00,  3.64it/s][A

 11%|█         | 27/247 [00:07<00:56,  3.88it/s][A

 11%|█▏        | 28/247 [00:08<00:56,  3.86it/s][A

 12%|█▏        | 29/247 [00:08<00:54,  4.03it/s][A

 12%|█▏        | 30/247 [00:08<00:49,  4.35it/s][A

 13%|█▎        | 31/247 [00:08<00:49,  4.39it/s][A

 13%|█▎        | 32/247 [00:08<00:46,  4.64it/s][A

 13%|█▎        | 33/247 [00:09<00:52,  4.06it/s][A

 14%|█▍        | 34/247 [00:09<00:50,  4.20it/s][A

 14%|█▍        | 35/247 [00:09<00:50,  4.18it/s][A

 15%|█▍        | 36/247 [00:10<01:03,  3.31it/s][A

 15%|█▍        | 37/247 [00:10<01:00,  3.49it/s][A

 15%|█▌        | 38/247 [00:10<01:01,  3.41it/s][A

 16%|█▌        | 39/247 [00:10<01:06,  3.14it/s][A

 16%|█▌        | 40/247 [00:11<01:02,  3.30it/s][A

 17%|█▋        | 41/247 [00:11<01:00,  3.41it/s][A

 17%|█▋        | 42/247 [00:11<00:58,  3.49it/s][A

 17%|█▋        | 43/247 [00:12<01:00,  3.38it/s][A

 18%|█▊        | 44/247 [00:12<01:04,  3.15it/s][A

 18%|█▊        | 45/247 [00:12<01:03,  3.17it/s][A

 19%|█▊        | 46/247 [00:13<01:00,  3.30it/s][A

 19%|█▉        | 47/247 [00:13<00:54,  3.66it/s][A

 19%|█▉        | 48/247 [00:13<00:47,  4.17it/s][A

 20%|█▉        | 49/247 [00:13<00:49,  3.97it/s][A

 20%|██        | 50/247 [00:14<01:18,  2.52it/s][A

 21%|██        | 51/247 [00:14<01:09,  2.83it/s][A

 21%|██        | 52/247 [00:15<01:07,  2.90it/s][A

 21%|██▏       | 53/247 [00:15<01:15,  2.56it/s][A

 22%|██▏       | 54/247 [00:15<01:19,  2.44it/s][A

 22%|██▏       | 55/247 [00:16<01:12,  2.64it/s][A

 23%|██▎       | 56/247 [00:16<01:13,  2.61it/s][A

 23%|██▎       | 57/247 [00:16<01:04,  2.95it/s][A

 23%|██▎       | 58/247 [00:17<01:04,  2.93it/s][A

 24%|██▍       | 59/247 [00:17<01:06,  2.83it/s][A

 24%|██▍       | 60/247 [00:17<01:01,  3.05it/s][A

 25%|██▍       | 61/247 [00:18<01:01,  3.05it/s][A

 25%|██▌       | 62/247 [00:18<00:56,  3.28it/s][A

 26%|██▌       | 63/247 [00:18<00:51,  3.54it/s][A

 26%|██▌       | 64/247 [00:18<00:50,  3.62it/s][A

 26%|██▋       | 65/247 [00:19<00:45,  4.02it/s][A

 27%|██▋       | 66/247 [00:19<00:44,  4.07it/s][A

 27%|██▋       | 67/247 [00:19<00:52,  3.41it/s][A

 28%|██▊       | 68/247 [00:20<00:59,  3.00it/s][A

 28%|██▊       | 69/247 [00:20<01:01,  2.91it/s][A

 28%|██▊       | 70/247 [00:20<00:59,  2.97it/s][A

 29%|██▊       | 71/247 [00:21<00:55,  3.20it/s][A

 29%|██▉       | 72/247 [00:21<00:51,  3.39it/s][A

 30%|██▉       | 73/247 [00:21<01:01,  2.85it/s][A

 30%|██▉       | 74/247 [00:22<00:57,  2.99it/s][A

 30%|███       | 75/247 [00:22<01:00,  2.85it/s][A

 31%|███       | 76/247 [00:22<00:58,  2.90it/s][A

 31%|███       | 77/247 [00:23<00:52,  3.23it/s][A

 32%|███▏      | 78/247 [00:23<00:48,  3.51it/s][A

 32%|███▏      | 79/247 [00:23<00:47,  3.53it/s][A

 32%|███▏      | 80/247 [00:23<00:47,  3.51it/s][A

 33%|███▎      | 81/247 [00:24<00:43,  3.84it/s][A

 33%|███▎      | 82/247 [00:24<00:42,  3.91it/s][A

 34%|███▎      | 83/247 [00:24<00:39,  4.20it/s][A

 34%|███▍      | 84/247 [00:24<00:42,  3.86it/s][A

 34%|███▍      | 85/247 [00:25<00:46,  3.48it/s][A

 35%|███▍      | 86/247 [00:25<00:44,  3.65it/s][A

 35%|███▌      | 87/247 [00:25<00:51,  3.09it/s][A

 36%|███▌      | 88/247 [00:26<00:48,  3.26it/s][A

 36%|███▌      | 89/247 [00:26<00:55,  2.87it/s][A

 36%|███▋      | 90/247 [00:26<00:50,  3.11it/s][A

 37%|███▋      | 91/247 [00:27<00:50,  3.10it/s][A

 37%|███▋      | 92/247 [00:27<00:46,  3.34it/s][A

 38%|███▊      | 93/247 [00:27<00:45,  3.35it/s][A

 38%|███▊      | 94/247 [00:28<00:57,  2.67it/s][A

 38%|███▊      | 95/247 [00:28<00:55,  2.74it/s][A

 39%|███▉      | 96/247 [00:29<00:58,  2.57it/s][A

 39%|███▉      | 97/247 [00:29<00:58,  2.56it/s][A

 40%|███▉      | 98/247 [00:30<01:18,  1.89it/s][A

 40%|████      | 99/247 [00:30<01:08,  2.16it/s][A

 40%|████      | 100/247 [00:31<01:12,  2.03it/s][A

 41%|████      | 101/247 [00:31<01:00,  2.41it/s][A

 41%|████▏     | 102/247 [00:31<00:55,  2.63it/s][A

 42%|████▏     | 103/247 [00:32<00:56,  2.55it/s][A

 42%|████▏     | 104/247 [00:32<00:49,  2.89it/s][A

 43%|████▎     | 105/247 [00:32<00:49,  2.84it/s][A

 43%|████▎     | 106/247 [00:33<00:48,  2.90it/s][A

 43%|████▎     | 107/247 [00:33<00:45,  3.09it/s][A

 44%|████▎     | 108/247 [00:33<00:48,  2.89it/s][A

 44%|████▍     | 109/247 [00:34<00:45,  3.03it/s][A

 45%|████▍     | 110/247 [00:34<00:48,  2.82it/s][A

 45%|████▍     | 111/247 [00:34<00:45,  2.99it/s][A

 45%|████▌     | 112/247 [00:35<00:46,  2.93it/s][A

 46%|████▌     | 113/247 [00:35<00:45,  2.97it/s][A

 46%|████▌     | 114/247 [00:35<00:40,  3.27it/s][A

 47%|████▋     | 115/247 [00:35<00:39,  3.35it/s][A

 47%|████▋     | 116/247 [00:36<00:40,  3.26it/s][A

 47%|████▋     | 117/247 [00:36<00:36,  3.55it/s][A

 48%|████▊     | 118/247 [00:36<00:34,  3.71it/s][A

 48%|████▊     | 119/247 [00:36<00:30,  4.22it/s][A

 49%|████▊     | 120/247 [00:37<00:30,  4.15it/s][A

 49%|████▉     | 121/247 [00:37<00:31,  4.04it/s][A

 49%|████▉     | 122/247 [00:37<00:29,  4.28it/s][A

 50%|████▉     | 123/247 [00:37<00:27,  4.59it/s][A

 50%|█████     | 124/247 [00:38<00:28,  4.28it/s][A

 51%|█████     | 125/247 [00:38<00:25,  4.72it/s][A

 51%|█████     | 126/247 [00:38<00:23,  5.09it/s][A

 51%|█████▏    | 127/247 [00:38<00:23,  5.20it/s][A

 52%|█████▏    | 128/247 [00:38<00:22,  5.26it/s][A

 52%|█████▏    | 129/247 [00:38<00:21,  5.37it/s][A

 53%|█████▎    | 130/247 [00:39<00:24,  4.84it/s][A

 53%|█████▎    | 131/247 [00:39<00:24,  4.69it/s][A

 53%|█████▎    | 132/247 [00:39<00:29,  3.84it/s][A

 54%|█████▍    | 133/247 [00:40<00:28,  3.99it/s][A

 54%|█████▍    | 134/247 [00:40<00:36,  3.08it/s][A

 55%|█████▍    | 135/247 [00:40<00:36,  3.09it/s][A

 55%|█████▌    | 136/247 [00:41<00:35,  3.12it/s][A

 55%|█████▌    | 137/247 [00:41<00:34,  3.21it/s][A

 56%|█████▌    | 138/247 [00:41<00:31,  3.50it/s][A

 56%|█████▋    | 139/247 [00:41<00:28,  3.76it/s][A

 57%|█████▋    | 140/247 [00:42<00:29,  3.62it/s][A

 57%|█████▋    | 141/247 [00:42<00:26,  4.01it/s][A

 57%|█████▋    | 142/247 [00:42<00:30,  3.41it/s][A

 58%|█████▊    | 143/247 [00:43<00:30,  3.37it/s][A

 58%|█████▊    | 144/247 [00:43<00:29,  3.49it/s][A

 59%|█████▊    | 145/247 [00:43<00:28,  3.53it/s][A

 59%|█████▉    | 146/247 [00:43<00:30,  3.35it/s][A

 60%|█████▉    | 147/247 [00:44<00:28,  3.51it/s][A

 60%|█████▉    | 148/247 [00:44<00:24,  4.11it/s][A

 60%|██████    | 149/247 [00:44<00:22,  4.41it/s][A

 61%|██████    | 150/247 [00:44<00:24,  4.02it/s][A

 61%|██████    | 151/247 [00:45<00:24,  3.87it/s][A

 62%|██████▏   | 152/247 [00:45<00:24,  3.85it/s][A

 62%|██████▏   | 153/247 [00:45<00:24,  3.85it/s][A

 62%|██████▏   | 154/247 [00:45<00:21,  4.26it/s][A

 63%|██████▎   | 155/247 [00:46<00:20,  4.56it/s][A

 63%|██████▎   | 156/247 [00:46<00:23,  3.80it/s][A

 64%|██████▎   | 157/247 [00:46<00:30,  2.96it/s][A

 64%|██████▍   | 158/247 [00:47<00:26,  3.41it/s][A

 64%|██████▍   | 159/247 [00:47<00:30,  2.88it/s][A

 65%|██████▍   | 160/247 [00:47<00:27,  3.18it/s][A

 65%|██████▌   | 161/247 [00:48<00:26,  3.25it/s][A

 66%|██████▌   | 162/247 [00:48<00:24,  3.46it/s][A

 66%|██████▌   | 163/247 [00:48<00:22,  3.74it/s][A

 66%|██████▋   | 164/247 [00:48<00:21,  3.94it/s][A

 67%|██████▋   | 165/247 [00:48<00:19,  4.21it/s][A

 67%|██████▋   | 166/247 [00:49<00:18,  4.44it/s][A

 68%|██████▊   | 167/247 [00:49<00:20,  3.95it/s][A

 68%|██████▊   | 168/247 [00:49<00:19,  4.11it/s][A

 68%|██████▊   | 169/247 [00:50<00:22,  3.45it/s][A

 69%|██████▉   | 170/247 [00:50<00:25,  2.97it/s][A

 69%|██████▉   | 171/247 [00:50<00:25,  3.01it/s][A

 70%|██████▉   | 172/247 [00:51<00:22,  3.39it/s][A

 70%|███████   | 173/247 [00:51<00:21,  3.38it/s][A

 70%|███████   | 174/247 [00:51<00:20,  3.51it/s][A

 71%|███████   | 175/247 [00:52<00:22,  3.21it/s][A

 71%|███████▏  | 176/247 [00:52<00:20,  3.43it/s][A

 72%|███████▏  | 177/247 [00:52<00:18,  3.77it/s][A

 72%|███████▏  | 178/247 [00:52<00:17,  3.90it/s][A

 72%|███████▏  | 179/247 [00:52<00:17,  3.86it/s][A

 73%|███████▎  | 180/247 [00:53<00:16,  4.05it/s][A

 73%|███████▎  | 181/247 [00:53<00:16,  4.02it/s][A

 74%|███████▎  | 182/247 [00:53<00:15,  4.08it/s][A

 74%|███████▍  | 183/247 [00:53<00:15,  4.20it/s][A

 74%|███████▍  | 184/247 [00:54<00:15,  4.11it/s][A

 75%|███████▍  | 185/247 [00:54<00:17,  3.64it/s][A

 75%|███████▌  | 186/247 [00:54<00:18,  3.35it/s][A

 76%|███████▌  | 187/247 [00:55<00:18,  3.17it/s][A

 76%|███████▌  | 188/247 [00:55<00:17,  3.47it/s][A

 77%|███████▋  | 189/247 [00:55<00:15,  3.83it/s][A

 77%|███████▋  | 190/247 [00:55<00:14,  3.93it/s][A

 77%|███████▋  | 191/247 [00:56<00:14,  3.76it/s][A

 78%|███████▊  | 192/247 [00:56<00:16,  3.39it/s][A

 78%|███████▊  | 193/247 [00:56<00:17,  3.01it/s][A

 79%|███████▊  | 194/247 [00:57<00:18,  2.93it/s][A

 79%|███████▉  | 195/247 [00:57<00:16,  3.14it/s][A

 79%|███████▉  | 196/247 [00:57<00:15,  3.22it/s][A

 80%|███████▉  | 197/247 [00:58<00:17,  2.88it/s][A

 80%|████████  | 198/247 [00:58<00:19,  2.45it/s][A

 81%|████████  | 199/247 [00:59<00:19,  2.49it/s][A

 81%|████████  | 200/247 [00:59<00:16,  2.87it/s][A

 81%|████████▏ | 201/247 [00:59<00:14,  3.17it/s][A

 82%|████████▏ | 202/247 [01:00<00:14,  3.06it/s][A

 82%|████████▏ | 203/247 [01:00<00:13,  3.33it/s][A

 83%|████████▎ | 204/247 [01:00<00:13,  3.25it/s][A

 83%|████████▎ | 205/247 [01:00<00:11,  3.51it/s][A

 83%|████████▎ | 206/247 [01:01<00:11,  3.49it/s][A

 84%|████████▍ | 207/247 [01:01<00:11,  3.63it/s][A

 84%|████████▍ | 208/247 [01:01<00:10,  3.67it/s][A

 85%|████████▍ | 209/247 [01:01<00:10,  3.70it/s][A

 85%|████████▌ | 210/247 [01:02<00:10,  3.63it/s][A

 85%|████████▌ | 211/247 [01:02<00:10,  3.55it/s][A

 86%|████████▌ | 212/247 [01:02<00:08,  3.89it/s][A

 86%|████████▌ | 213/247 [01:02<00:08,  3.92it/s][A

 87%|████████▋ | 214/247 [01:03<00:09,  3.48it/s][A

 87%|████████▋ | 215/247 [01:03<00:08,  3.75it/s][A

 87%|████████▋ | 216/247 [01:03<00:10,  3.10it/s][A

 88%|████████▊ | 217/247 [01:04<00:10,  3.00it/s][A

 88%|████████▊ | 218/247 [01:04<00:09,  2.95it/s][A

 89%|████████▊ | 219/247 [01:05<00:09,  2.91it/s][A

 89%|████████▉ | 220/247 [01:05<00:08,  3.02it/s][A

 89%|████████▉ | 221/247 [01:05<00:08,  2.97it/s][A

 90%|████████▉ | 222/247 [01:06<00:08,  3.08it/s][A

 90%|█████████ | 223/247 [01:06<00:07,  3.31it/s][A

 91%|█████████ | 224/247 [01:06<00:06,  3.52it/s][A

 91%|█████████ | 225/247 [01:06<00:05,  3.68it/s][A

 91%|█████████▏| 226/247 [01:06<00:05,  3.98it/s][A

 92%|█████████▏| 227/247 [01:07<00:04,  4.26it/s][A

 92%|█████████▏| 228/247 [01:07<00:04,  4.65it/s][A

 93%|█████████▎| 229/247 [01:07<00:04,  3.73it/s][A

 93%|█████████▎| 230/247 [01:08<00:04,  3.51it/s][A

 94%|█████████▎| 231/247 [01:08<00:04,  3.37it/s][A

 94%|█████████▍| 232/247 [01:08<00:04,  3.31it/s][A

 94%|█████████▍| 233/247 [01:08<00:04,  3.44it/s][A

 95%|█████████▍| 234/247 [01:09<00:03,  3.35it/s][A

 95%|█████████▌| 235/247 [01:09<00:03,  3.01it/s][A

 96%|█████████▌| 236/247 [01:09<00:03,  3.24it/s][A

 96%|█████████▌| 237/247 [01:10<00:02,  3.68it/s][A

 96%|█████████▋| 238/247 [01:10<00:02,  3.66it/s][A

 97%|█████████▋| 239/247 [01:10<00:02,  3.57it/s][A

 97%|█████████▋| 240/247 [01:11<00:02,  3.32it/s][A

 98%|█████████▊| 241/247 [01:11<00:01,  3.46it/s][A

 98%|█████████▊| 242/247 [01:11<00:01,  3.82it/s][A

 98%|█████████▊| 243/247 [01:11<00:00,  4.03it/s][A

 99%|█████████▉| 244/247 [01:11<00:00,  4.23it/s][A

 99%|█████████▉| 245/247 [01:12<00:00,  3.91it/s][A

100%|█████████▉| 246/247 [01:12<00:00,  2.42it/s][A

100%|██████████| 247/247 [01:13<00:00,  2.88it/s][A
                                                   


                                                 
[A
100%|██████████| 622/622 [2:15:22<00:00,  8.36s/it]

100%|██████████| 247/247 [01:13<00:00,  2.88it/s][A

                                                 [A{'eval_loss': '2.429', 'eval_wer': '0.9983', 'eval_cer': '0.8774', 'eval_runtime': '74.27', 'eval_samples_per_second': '6.638', 'eval_steps_per_second': '3.326', 'epoch': '2'}


Writing model shards:   0%|          | 0/1 [00:00<?, ?it/s][A

Writing model shards: 100%|██████████| 1/1 [00:01<00:00,  1.06s/it][A
Writing model shards: 100%|██████████| 1/1 [00:01<00:00,  1.40s/it]

                                                   

100%|██████████| 622/622 [2:15:26<00:00,  8.36s/it]
100%|██████████| 622/622 [2:15:29<00:00, 13.07s/it]
/Users/mulisamusehane/Documents/GitHub/MultilingualASR/.venv/lib/python3.12/site-packages/torch/utils/data/dataloader.py:759: UserWarning: 'pin_memory' argument is set as true but not supported on MPS now, device pinned memory won't be used.
  super().__init__(loader)
{'train_runtime': '8127', 'train_samples_per_second': '1.224', 'train_steps_per_second': '0.077', 'train_loss': '31.06', 'epoch': '2'}

  0%|          | 0/247 [00:00<?, ?it/s]
  1%|          | 2/247 [00:00<00:40,  5.99it/s]
  1%|          | 3/247 [00:00<00:40,  6.09it/s]
  2%|▏         | 4/247 [00:00<00:42,  5.75it/s]
  2%|▏         | 5/247 [00:00<00:52,  4.57it/s]
  2%|▏         | 6/247 [00:01<00:46,  5.20it/s]
  3%|▎         | 7/247 [00:01<00:48,  4.99it/s]
  3%|▎         | 8/247 [00:01<00:50,  4.71it/s]
  4%|▎         | 9/247 [00:01<00:50,  4.72it/s]
  4%|▍         | 10/247 [00:02<00:52,  4.53it/s]
  4%|▍         | 11/247 [00:02<00:48,  4.82it/s]
  5%|▍         | 12/247 [00:02<00:51,  4.60it/s]
  5%|▌         | 13/247 [00:02<00:50,  4.60it/s]
  6%|▌         | 14/247 [00:02<00:48,  4.84it/s]
  6%|▌         | 15/247 [00:03<00:47,  4.84it/s]
  6%|▋         | 16/247 [00:03<00:54,  4.27it/s]
  7%|▋         | 17/247 [00:03<00:51,  4.50it/s]
  7%|▋         | 18/247 [00:03<00:49,  4.60it/s]
  8%|▊         | 19/247 [00:04<00:51,  4.43it/s]
  8%|▊         | 20/247 [00:04<00:58,  3.90it/s]
  9%|▊         | 21/247 [00:04<00:57,  3.91it/s]
  9%|▉         | 22/247 [00:04<01:07,  3.35it/s]
  9%|▉         | 23/247 [00:05<01:05,  3.44it/s]
 10%|▉         | 24/247 [00:05<01:07,  3.30it/s]
 10%|█         | 25/247 [00:05<01:00,  3.68it/s]
 11%|█         | 26/247 [00:06<00:59,  3.71it/s]
 11%|█         | 27/247 [00:06<00:55,  3.95it/s]
 11%|█▏        | 28/247 [00:06<00:56,  3.89it/s]
 12%|█▏        | 29/247 [00:06<00:51,  4.21it/s]
 12%|█▏        | 30/247 [00:06<00:49,  4.40it/s]
 13%|█▎        | 31/247 [00:07<00:49,  4.36it/s]
 13%|█▎        | 32/247 [00:07<00:45,  4.69it/s]
 13%|█▎        | 33/247 [00:07<00:51,  4.19it/s]
 14%|█▍        | 34/247 [00:07<00:48,  4.39it/s]
 14%|█▍        | 35/247 [00:08<00:47,  4.49it/s]
 15%|█▍        | 36/247 [00:08<00:58,  3.62it/s]
 15%|█▍        | 37/247 [00:08<01:01,  3.43it/s]
 15%|█▌        | 38/247 [00:09<01:11,  2.93it/s]
 16%|█▌        | 39/247 [00:09<01:12,  2.89it/s]
 16%|█▌        | 40/247 [00:09<01:06,  3.12it/s]
 17%|█▋        | 41/247 [00:10<01:05,  3.16it/s]
 17%|█▋        | 42/247 [00:10<01:06,  3.09it/s]
 17%|█▋        | 43/247 [00:10<01:07,  3.03it/s]
 18%|█▊        | 44/247 [00:11<01:16,  2.66it/s]
 18%|█▊        | 45/247 [00:11<01:09,  2.91it/s]
 19%|█▊        | 46/247 [00:11<01:02,  3.20it/s]
 19%|█▉        | 47/247 [00:11<00:53,  3.75it/s]
 19%|█▉        | 48/247 [00:12<00:47,  4.23it/s]
 20%|█▉        | 49/247 [00:12<00:47,  4.19it/s]
 20%|██        | 50/247 [00:13<01:08,  2.86it/s]
 21%|██        | 51/247 [00:13<00:59,  3.28it/s]
 21%|██        | 52/247 [00:13<00:55,  3.53it/s]
 21%|██▏       | 53/247 [00:13<01:00,  3.21it/s]
 22%|██▏       | 54/247 [00:14<01:02,  3.09it/s]
 22%|██▏       | 55/247 [00:14<00:59,  3.21it/s]
 23%|██▎       | 56/247 [00:14<01:07,  2.83it/s]
 23%|██▎       | 57/247 [00:15<01:00,  3.14it/s]
 23%|██▎       | 58/247 [00:15<01:02,  3.02it/s]
 24%|██▍       | 59/247 [00:15<01:05,  2.88it/s]
 24%|██▍       | 60/247 [00:16<00:59,  3.13it/s]
 25%|██▍       | 61/247 [00:16<00:52,  3.55it/s]
 25%|██▌       | 62/247 [00:16<00:51,  3.63it/s]
 26%|██▌       | 63/247 [00:16<00:47,  3.85it/s]
 26%|██▌       | 64/247 [00:17<00:47,  3.87it/s]
 26%|██▋       | 65/247 [00:17<00:42,  4.24it/s]
 27%|██▋       | 66/247 [00:17<00:41,  4.31it/s]
 27%|██▋       | 67/247 [00:17<00:48,  3.72it/s]
 28%|██▊       | 68/247 [00:18<00:55,  3.20it/s]
 28%|██▊       | 69/247 [00:18<00:58,  3.05it/s]
 28%|██▊       | 70/247 [00:18<00:57,  3.06it/s]
 29%|██▊       | 71/247 [00:19<00:52,  3.37it/s]
 29%|██▉       | 72/247 [00:19<00:47,  3.67it/s]
 30%|██▉       | 73/247 [00:19<00:54,  3.21it/s]
 30%|██▉       | 74/247 [00:20<00:52,  3.27it/s]
 30%|███       | 75/247 [00:20<00:56,  3.03it/s]
 31%|███       | 76/247 [00:20<00:57,  2.99it/s]
 31%|███       | 77/247 [00:21<00:52,  3.27it/s]
 32%|███▏      | 78/247 [00:21<00:50,  3.35it/s]
 32%|███▏      | 79/247 [00:21<00:51,  3.28it/s]
 32%|███▏      | 80/247 [00:21<00:49,  3.37it/s]
 33%|███▎      | 81/247 [00:22<00:47,  3.52it/s]
 33%|███▎      | 82/247 [00:22<00:44,  3.69it/s]
 34%|███▎      | 83/247 [00:22<00:41,  3.98it/s]
 34%|███▍      | 84/247 [00:23<00:50,  3.26it/s]
 34%|███▍      | 85/247 [00:23<00:54,  3.00it/s]
 35%|███▍      | 86/247 [00:23<00:50,  3.16it/s]
 35%|███▌      | 87/247 [00:24<00:57,  2.78it/s]
 36%|███▌      | 88/247 [00:24<00:53,  2.98it/s]
 36%|███▌      | 89/247 [00:25<01:03,  2.48it/s]
 36%|███▋      | 90/247 [00:25<00:58,  2.68it/s]
 37%|███▋      | 91/247 [00:25<00:55,  2.80it/s]
 37%|███▋      | 92/247 [00:25<00:50,  3.06it/s]
 38%|███▊      | 93/247 [00:26<00:48,  3.14it/s]
 38%|███▊      | 94/247 [00:26<00:57,  2.64it/s]
 38%|███▊      | 95/247 [00:27<00:56,  2.70it/s]
 39%|███▉      | 96/247 [00:27<00:58,  2.58it/s]
 39%|███▉      | 97/247 [00:27<00:58,  2.58it/s]
 40%|███▉      | 98/247 [00:28<01:15,  1.96it/s]
 40%|████      | 99/247 [00:28<01:04,  2.28it/s]
 40%|████      | 100/247 [00:29<01:11,  2.06it/s]
 41%|████      | 101/247 [00:30<01:12,  2.01it/s]
 41%|████▏     | 102/247 [00:30<01:19,  1.83it/s]
 42%|████▏     | 103/247 [00:31<01:33,  1.55it/s]
 42%|████▏     | 104/247 [00:32<01:40,  1.43it/s]
 43%|████▎     | 105/247 [00:33<01:47,  1.32it/s]
 43%|████▎     | 106/247 [00:33<01:32,  1.53it/s]
 43%|████▎     | 107/247 [00:34<01:15,  1.86it/s]
 44%|████▎     | 108/247 [00:34<01:13,  1.88it/s]
 44%|████▍     | 109/247 [00:34<01:07,  2.06it/s]
 45%|████▍     | 110/247 [00:35<01:08,  2.01it/s]
 45%|████▍     | 111/247 [00:35<01:01,  2.22it/s]
 45%|████▌     | 112/247 [00:36<00:57,  2.33it/s]
 46%|████▌     | 113/247 [00:36<00:53,  2.53it/s]
 46%|████▌     | 114/247 [00:36<00:45,  2.90it/s]
 47%|████▋     | 115/247 [00:36<00:42,  3.11it/s]
 47%|████▋     | 116/247 [00:37<00:43,  3.03it/s]
 47%|████▋     | 117/247 [00:37<00:39,  3.29it/s]
 48%|████▊     | 118/247 [00:37<00:37,  3.40it/s]
 48%|████▊     | 119/247 [00:38<00:35,  3.61it/s]
 49%|████▊     | 120/247 [00:38<00:39,  3.18it/s]
 49%|████▉     | 121/247 [00:38<00:39,  3.16it/s]
 49%|████▉     | 122/247 [00:39<00:41,  3.02it/s]
 50%|████▉     | 123/247 [00:40<01:05,  1.89it/s]
 50%|█████     | 124/247 [00:41<01:20,  1.53it/s]
 51%|█████     | 125/247 [00:41<01:09,  1.74it/s]
 51%|█████     | 126/247 [00:41<00:55,  2.20it/s]
 51%|█████▏    | 127/247 [00:41<00:46,  2.59it/s]
 52%|█████▏    | 128/247 [00:42<00:39,  3.03it/s]
 52%|█████▏    | 129/247 [00:42<00:34,  3.44it/s]
 53%|█████▎    | 130/247 [00:42<00:35,  3.32it/s]
 53%|█████▎    | 131/247 [00:42<00:32,  3.61it/s]
 53%|█████▎    | 132/247 [00:43<00:36,  3.19it/s]
 54%|█████▍    | 133/247 [00:43<00:34,  3.31it/s]
 54%|█████▍    | 134/247 [00:44<00:44,  2.56it/s]
 55%|█████▍    | 135/247 [00:44<00:45,  2.47it/s]
 55%|█████▌    | 136/247 [00:45<00:48,  2.30it/s]
 55%|█████▌    | 137/247 [00:45<00:57,  1.93it/s]
 56%|█████▌    | 138/247 [00:46<00:48,  2.24it/s]
 56%|█████▋    | 139/247 [00:46<00:43,  2.50it/s]
 57%|█████▋    | 140/247 [00:46<00:40,  2.62it/s]
 57%|█████▋    | 141/247 [00:46<00:37,  2.85it/s]
 57%|█████▋    | 142/247 [00:47<00:42,  2.45it/s]
 58%|█████▊    | 143/247 [00:47<00:41,  2.54it/s]
 58%|█████▊    | 144/247 [00:48<00:37,  2.73it/s]
 59%|█████▊    | 145/247 [00:48<00:37,  2.75it/s]
 59%|█████▉    | 146/247 [00:48<00:37,  2.69it/s]
 60%|█████▉    | 147/247 [00:49<00:37,  2.68it/s]
 60%|█████▉    | 148/247 [00:49<00:37,  2.62it/s]
 60%|██████    | 149/247 [00:49<00:33,  2.89it/s]
 61%|██████    | 150/247 [00:50<00:42,  2.28it/s]
 61%|██████    | 151/247 [00:50<00:40,  2.35it/s]
 62%|██████▏   | 152/247 [00:51<00:40,  2.34it/s]
 62%|██████▏   | 153/247 [00:51<00:41,  2.29it/s]
 62%|██████▏   | 154/247 [00:52<00:39,  2.38it/s]
 63%|██████▎   | 155/247 [00:52<00:37,  2.48it/s]
 63%|██████▎   | 156/247 [00:53<00:44,  2.04it/s]
 64%|██████▎   | 157/247 [00:53<00:45,  1.99it/s]
 64%|██████▍   | 158/247 [00:54<00:36,  2.43it/s]
 64%|██████▍   | 159/247 [00:54<00:35,  2.45it/s]
 65%|██████▍   | 160/247 [00:54<00:31,  2.76it/s]
 65%|██████▌   | 161/247 [00:55<00:30,  2.78it/s]
 66%|██████▌   | 162/247 [00:55<00:27,  3.05it/s]
 66%|██████▌   | 163/247 [00:55<00:24,  3.36it/s]
 66%|██████▋   | 164/247 [00:55<00:22,  3.71it/s]
 67%|██████▋   | 165/247 [00:55<00:19,  4.17it/s]
 67%|██████▋   | 166/247 [00:56<00:17,  4.57it/s]
 68%|██████▊   | 167/247 [00:56<00:19,  4.15it/s]
 68%|██████▊   | 168/247 [00:56<00:17,  4.63it/s]
 68%|██████▊   | 169/247 [00:56<00:19,  4.05it/s]
 69%|██████▉   | 170/247 [00:57<00:21,  3.57it/s]
 69%|██████▉   | 171/247 [00:57<00:20,  3.65it/s]
 70%|██████▉   | 172/247 [00:57<00:17,  4.24it/s]
 70%|███████   | 173/247 [00:57<00:17,  4.13it/s]
 70%|███████   | 174/247 [00:58<00:17,  4.13it/s]
 71%|███████   | 175/247 [00:58<00:20,  3.46it/s]
 71%|███████▏  | 176/247 [00:58<00:19,  3.64it/s]
 72%|███████▏  | 177/247 [00:58<00:16,  4.17it/s]
 72%|███████▏  | 178/247 [00:59<00:15,  4.46it/s]
 72%|███████▏  | 179/247 [00:59<00:15,  4.39it/s]
 73%|███████▎  | 180/247 [00:59<00:15,  4.42it/s]
 73%|███████▎  | 181/247 [00:59<00:16,  4.07it/s]
 74%|███████▎  | 182/247 [01:00<00:16,  3.91it/s]
 74%|███████▍  | 183/247 [01:00<00:15,  4.18it/s]
 74%|███████▍  | 184/247 [01:00<00:14,  4.25it/s]
 75%|███████▍  | 185/247 [01:00<00:16,  3.87it/s]
 75%|███████▌  | 186/247 [01:01<00:17,  3.59it/s]
 76%|███████▌  | 187/247 [01:01<00:17,  3.40it/s]
 76%|███████▌  | 188/247 [01:01<00:15,  3.76it/s]
 77%|███████▋  | 189/247 [01:01<00:13,  4.22it/s]
 77%|███████▋  | 190/247 [01:02<00:12,  4.54it/s]
 77%|███████▋  | 191/247 [01:02<00:11,  4.93it/s]
 78%|███████▊  | 192/247 [01:02<00:11,  4.96it/s]
 78%|███████▊  | 193/247 [01:02<00:12,  4.48it/s]
 79%|███████▊  | 194/247 [01:02<00:12,  4.32it/s]
 79%|███████▉  | 195/247 [01:03<00:11,  4.65it/s]
 79%|███████▉  | 196/247 [01:03<00:11,  4.61it/s]
 80%|███████▉  | 197/247 [01:03<00:12,  3.94it/s]
 80%|████████  | 198/247 [01:04<00:14,  3.36it/s]
 81%|████████  | 199/247 [01:04<00:13,  3.44it/s]
 81%|████████  | 200/247 [01:04<00:12,  3.87it/s]
 81%|████████▏ | 201/247 [01:04<00:10,  4.19it/s]
 82%|████████▏ | 202/247 [01:05<00:10,  4.12it/s]
 82%|████████▏ | 203/247 [01:05<00:09,  4.40it/s]
 83%|████████▎ | 204/247 [01:05<00:10,  4.22it/s]
 83%|████████▎ | 205/247 [01:05<00:09,  4.55it/s]
 83%|████████▎ | 206/247 [01:05<00:08,  4.58it/s]
 84%|████████▍ | 207/247 [01:06<00:08,  4.75it/s]
 84%|████████▍ | 208/247 [01:06<00:07,  4.91it/s]
 85%|████████▍ | 209/247 [01:06<00:07,  5.02it/s]
 85%|████████▌ | 210/247 [01:06<00:07,  4.91it/s]
 85%|████████▌ | 211/247 [01:06<00:07,  4.89it/s]
 86%|████████▌ | 212/247 [01:06<00:06,  5.40it/s]
 86%|████████▌ | 213/247 [01:07<00:06,  5.50it/s]
 87%|████████▋ | 214/247 [01:07<00:06,  4.73it/s]
 87%|████████▋ | 215/247 [01:07<00:06,  5.17it/s]
 87%|████████▋ | 216/247 [01:07<00:06,  4.73it/s]
 88%|████████▊ | 217/247 [01:08<00:06,  4.31it/s]
 88%|████████▊ | 218/247 [01:08<00:07,  3.79it/s]
 89%|████████▊ | 219/247 [01:08<00:08,  3.34it/s]
 89%|████████▉ | 220/247 [01:09<00:08,  3.26it/s]
 89%|████████▉ | 221/247 [01:09<00:08,  3.07it/s]
 90%|████████▉ | 222/247 [01:09<00:07,  3.19it/s]
 90%|█████████ | 223/247 [01:10<00:07,  3.22it/s]
 91%|█████████ | 224/247 [01:10<00:06,  3.34it/s]
 91%|█████████ | 225/247 [01:10<00:06,  3.57it/s]
 91%|█████████▏| 226/247 [01:10<00:05,  3.82it/s]
 92%|█████████▏| 227/247 [01:11<00:04,  4.21it/s]
 92%|█████████▏| 228/247 [01:11<00:03,  4.77it/s]
 93%|█████████▎| 229/247 [01:11<00:04,  4.03it/s]
 93%|█████████▎| 230/247 [01:11<00:04,  3.84it/s]
 94%|█████████▎| 231/247 [01:12<00:04,  3.64it/s]
 94%|█████████▍| 232/247 [01:12<00:04,  3.39it/s]
 94%|█████████▍| 233/247 [01:12<00:04,  3.42it/s]
 95%|█████████▍| 234/247 [01:13<00:04,  3.25it/s]
 95%|█████████▌| 235/247 [01:13<00:04,  2.88it/s]
 96%|█████████▌| 236/247 [01:13<00:03,  3.08it/s]
 96%|█████████▌| 237/247 [01:13<00:02,  3.52it/s]
 96%|█████████▋| 238/247 [01:14<00:02,  3.67it/s]
 97%|█████████▋| 239/247 [01:14<00:02,  3.70it/s]
 97%|█████████▋| 240/247 [01:14<00:01,  3.62it/s]
 98%|█████████▊| 241/247 [01:15<00:01,  3.81it/s]
 98%|█████████▊| 242/247 [01:15<00:01,  4.32it/s]
 98%|█████████▊| 243/247 [01:15<00:00,  4.59it/s]
 99%|█████████▉| 244/247 [01:15<00:00,  4.86it/s]
 99%|█████████▉| 245/247 [01:15<00:00,  4.71it/s]
100%|█████████▉| 246/247 [01:16<00:00,  2.95it/s]
100%|██████████| 247/247 [01:16<00:00,  3.66it/s]
100%|██████████| 247/247 [01:16<00:00,  3.23it/s]

== MMS pilot result ==
eval WER: 0.971 | eval CER: 0.961
(zero-shot Whisper Large v3 baseline on NCHLT test: WER 1.108, CER 0.763)
(Wav2Vec2 XLS-R-300M pilot v2 on NCHLT test: WER 0.332, CER 0.074)
(Whisper pilot v2 on NCHLT test: WER 0.182, CER 0.048)

Writing model shards:   0%|          | 0/1 [00:00<?, ?it/s]
Writing model shards: 100%|██████████| 1/1 [00:01<00:00,  1.18s/it]
Writing model shards: 100%|██████████| 1/1 [00:01<00:00,  1.18s/it]
model saved -> /Users/mulisamusehane/Documents/GitHub/MultilingualASR/results/mms-ven-pilot/final
