UniSpeech pilot fine-tune | device: mps | train clips: 5000 | eval clips: 500 | epochs: 2

Map:   0%|          | 0/5000 [00:00<?, ? examples/s]
Map:   0%|          | 1/5000 [00:00<23:04,  3.61 examples/s]
Map:   0%|          | 15/5000 [00:00<01:44, 47.82 examples/s]
Map:   1%|          | 29/5000 [00:00<01:06, 75.12 examples/s]
Map:   1%|          | 43/5000 [00:00<00:53, 92.47 examples/s]
Map:   1%|          | 57/5000 [00:00<00:47, 104.89 examples/s]
Map:   1%|▏         | 71/5000 [00:00<00:44, 111.66 examples/s]
Map:   2%|▏         | 85/5000 [00:00<00:42, 116.13 examples/s]
Map:   2%|▏         | 99/5000 [00:01<00:40, 119.56 examples/s]
Map:   2%|▏         | 113/5000 [00:01<00:39, 123.25 examples/s]
Map:   3%|▎         | 127/5000 [00:01<00:38, 125.69 examples/s]
Map:   3%|▎         | 141/5000 [00:01<00:38, 125.72 examples/s]
Map:   3%|▎         | 155/5000 [00:01<00:38, 126.39 examples/s]
Map:   3%|▎         | 169/5000 [00:01<00:38, 125.29 examples/s]
Map:   4%|▎         | 182/5000 [00:01<00:39, 123.06 examples/s]
Map:   4%|▍         | 196/5000 [00:01<00:38, 124.91 examples/s]
Map:   4%|▍         | 210/5000 [00:01<00:37, 126.27 examples/s]
Map:   4%|▍         | 224/5000 [00:02<00:37, 126.64 examples/s]
Map:   5%|▍         | 238/5000 [00:02<00:37, 127.47 examples/s]
Map:   5%|▌         | 252/5000 [00:02<00:37, 127.03 examples/s]
Map:   5%|▌         | 266/5000 [00:02<00:36, 128.07 examples/s]
Map:   6%|▌         | 280/5000 [00:02<00:36, 128.89 examples/s]
Map:   6%|▌         | 294/5000 [00:02<00:36, 129.97 examples/s]
Map:   6%|▌         | 308/5000 [00:02<00:36, 128.90 examples/s]
Map:   6%|▋         | 322/5000 [00:02<00:36, 127.86 examples/s]
Map:   7%|▋         | 336/5000 [00:02<00:36, 128.91 examples/s]
Map:   7%|▋         | 350/5000 [00:03<00:35, 129.45 examples/s]
Map:   7%|▋         | 364/5000 [00:03<00:36, 128.71 examples/s]
Map:   8%|▊         | 378/5000 [00:03<00:35, 129.63 examples/s]
Map:   8%|▊         | 392/5000 [00:03<00:35, 128.96 examples/s]
Map:   8%|▊         | 406/5000 [00:03<00:35, 127.62 examples/s]
Map:   8%|▊         | 420/5000 [00:03<00:36, 127.03 examples/s]
Map:   9%|▊         | 434/5000 [00:03<00:35, 127.79 examples/s]
Map:   9%|▉         | 448/5000 [00:03<00:35, 127.38 examples/s]
Map:   9%|▉         | 462/5000 [00:03<00:35, 127.26 examples/s]
Map:  10%|▉         | 476/5000 [00:03<00:35, 128.14 examples/s]
Map:  10%|▉         | 490/5000 [00:04<00:35, 128.78 examples/s]
Map:  10%|█         | 504/5000 [00:04<00:34, 129.47 examples/s]
Map:  10%|█         | 518/5000 [00:04<00:34, 129.82 examples/s]
Map:  11%|█         | 532/5000 [00:04<00:34, 129.84 examples/s]
Map:  11%|█         | 546/5000 [00:04<00:34, 130.41 examples/s]
Map:  11%|█         | 560/5000 [00:04<00:34, 130.08 examples/s]
Map:  11%|█▏        | 574/5000 [00:04<00:33, 130.24 examples/s]
Map:  12%|█▏        | 588/5000 [00:04<00:33, 130.02 examples/s]
Map:  12%|█▏        | 602/5000 [00:04<00:33, 129.66 examples/s]
Map:  12%|█▏        | 615/5000 [00:05<00:34, 127.69 examples/s]
Map:  13%|█▎        | 629/5000 [00:05<00:34, 127.83 examples/s]
Map:  13%|█▎        | 643/5000 [00:05<00:33, 128.39 examples/s]
Map:  13%|█▎        | 657/5000 [00:05<00:34, 127.21 examples/s]
Map:  13%|█▎        | 671/5000 [00:05<00:33, 127.50 examples/s]
Map:  14%|█▎        | 685/5000 [00:05<00:33, 129.13 examples/s]
Map:  14%|█▍        | 699/5000 [00:05<00:32, 130.84 examples/s]
Map:  14%|█▍        | 713/5000 [00:05<00:32, 130.71 examples/s]
Map:  15%|█▍        | 733/5000 [00:05<00:33, 128.04 examples/s]
Map:  15%|█▍        | 747/5000 [00:06<00:33, 127.47 examples/s]
Map:  15%|█▌        | 761/5000 [00:06<00:32, 128.57 examples/s]
Map:  16%|█▌        | 776/5000 [00:06<00:32, 130.94 examples/s]
Map:  16%|█▌        | 790/5000 [00:06<00:32, 131.16 examples/s]
Map:  16%|█▌        | 804/5000 [00:06<00:31, 131.23 examples/s]
Map:  16%|█▋        | 823/5000 [00:06<00:33, 125.74 examples/s]
Map:  17%|█▋        | 837/5000 [00:06<00:32, 126.60 examples/s]
Map:  17%|█▋        | 851/5000 [00:06<00:32, 127.99 examples/s]
Map:  17%|█▋        | 865/5000 [00:07<00:32, 128.50 examples/s]
Map:  18%|█▊        | 879/5000 [00:07<00:32, 127.72 examples/s]
Map:  18%|█▊        | 893/5000 [00:07<00:31, 128.42 examples/s]
Map:  18%|█▊        | 907/5000 [00:07<00:31, 129.21 examples/s]
Map:  18%|█▊        | 921/5000 [00:07<00:31, 129.73 examples/s]
Map:  19%|█▊        | 935/5000 [00:07<00:30, 131.37 examples/s]
Map:  19%|█▉        | 949/5000 [00:07<00:31, 129.21 examples/s]
Map:  19%|█▉        | 963/5000 [00:07<00:31, 128.78 examples/s]
Map:  20%|█▉        | 977/5000 [00:07<00:31, 128.61 examples/s]
Map:  20%|█▉        | 991/5000 [00:07<00:30, 129.33 examples/s]
Map:  20%|██        | 1008/5000 [00:08<00:45, 87.69 examples/s]
Map:  20%|██        | 1022/5000 [00:08<00:41, 96.49 examples/s]
Map:  21%|██        | 1036/5000 [00:08<00:37, 104.88 examples/s]
Map:  21%|██        | 1050/5000 [00:08<00:35, 110.41 examples/s]
Map:  21%|██▏       | 1068/5000 [00:08<00:34, 112.41 examples/s]
Map:  22%|██▏       | 1082/5000 [00:08<00:33, 115.67 examples/s]
Map:  22%|██▏       | 1096/5000 [00:08<00:32, 120.18 examples/s]
Map:  22%|██▏       | 1110/5000 [00:09<00:31, 123.27 examples/s]
Map:  22%|██▏       | 1124/5000 [00:09<00:30, 125.32 examples/s]
Map:  23%|██▎       | 1138/5000 [00:09<00:30, 126.47 examples/s]
Map:  23%|██▎       | 1152/5000 [00:09<00:29, 128.35 examples/s]
Map:  23%|██▎       | 1166/5000 [00:09<00:29, 128.28 examples/s]
Map:  24%|██▎       | 1180/5000 [00:09<00:29, 128.52 examples/s]
Map:  24%|██▍       | 1194/5000 [00:09<00:29, 128.73 examples/s]
Map:  24%|██▍       | 1208/5000 [00:09<00:29, 128.72 examples/s]
Map:  24%|██▍       | 1222/5000 [00:09<00:29, 129.79 examples/s]
Map:  25%|██▍       | 1236/5000 [00:10<00:29, 129.41 examples/s]
Map:  25%|██▌       | 1250/5000 [00:10<00:29, 128.99 examples/s]
Map:  25%|██▌       | 1263/5000 [00:10<00:29, 127.47 examples/s]
Map:  26%|██▌       | 1277/5000 [00:10<00:29, 126.58 examples/s]
Map:  26%|██▌       | 1291/5000 [00:10<00:28, 128.42 examples/s]
Map:  26%|██▌       | 1305/5000 [00:10<00:28, 129.80 examples/s]
Map:  26%|██▋       | 1319/5000 [00:10<00:28, 130.65 examples/s]
Map:  27%|██▋       | 1333/5000 [00:10<00:28, 129.96 examples/s]
Map:  27%|██▋       | 1347/5000 [00:10<00:28, 129.29 examples/s]
Map:  27%|██▋       | 1361/5000 [00:11<00:28, 127.65 examples/s]
Map:  28%|██▊       | 1375/5000 [00:11<00:28, 127.80 examples/s]
Map:  28%|██▊       | 1389/5000 [00:11<00:28, 128.46 examples/s]
Map:  28%|██▊       | 1403/5000 [00:11<00:27, 129.70 examples/s]
Map:  28%|██▊       | 1417/5000 [00:11<00:27, 129.71 examples/s]
Map:  29%|██▊       | 1431/5000 [00:11<00:27, 128.91 examples/s]
Map:  29%|██▉       | 1450/5000 [00:11<00:28, 124.93 examples/s]
Map:  29%|██▉       | 1464/5000 [00:11<00:28, 125.92 examples/s]
Map:  30%|██▉       | 1478/5000 [00:11<00:27, 126.09 examples/s]
Map:  30%|██▉       | 1492/5000 [00:12<00:27, 127.62 examples/s]
Map:  30%|███       | 1506/5000 [00:12<00:27, 127.23 examples/s]
Map:  30%|███       | 1520/5000 [00:12<00:26, 129.23 examples/s]
Map:  31%|███       | 1534/5000 [00:12<00:26, 129.71 examples/s]
Map:  31%|███       | 1548/5000 [00:12<00:26, 129.32 examples/s]
Map:  31%|███       | 1562/5000 [00:12<00:26, 129.31 examples/s]
Map:  32%|███▏      | 1576/5000 [00:12<00:26, 128.66 examples/s]
Map:  32%|███▏      | 1590/5000 [00:12<00:26, 128.30 examples/s]
Map:  32%|███▏      | 1604/5000 [00:12<00:26, 128.93 examples/s]
Map:  32%|███▏      | 1618/5000 [00:13<00:26, 128.09 examples/s]
Map:  33%|███▎      | 1631/5000 [00:13<00:26, 126.63 examples/s]
Map:  33%|███▎      | 1645/5000 [00:13<00:26, 127.26 examples/s]
Map:  33%|███▎      | 1659/5000 [00:13<00:25, 128.57 examples/s]
Map:  33%|███▎      | 1673/5000 [00:13<00:25, 127.97 examples/s]
Map:  34%|███▎      | 1687/5000 [00:13<00:25, 129.04 examples/s]
Map:  34%|███▍      | 1701/5000 [00:13<00:25, 130.45 examples/s]
Map:  34%|███▍      | 1715/5000 [00:13<00:25, 129.97 examples/s]
Map:  35%|███▍      | 1729/5000 [00:13<00:25, 128.62 examples/s]
Map:  35%|███▍      | 1742/5000 [00:14<00:25, 126.65 examples/s]
Map:  35%|███▌      | 1755/5000 [00:14<00:25, 125.22 examples/s]
Map:  35%|███▌      | 1769/5000 [00:14<00:25, 125.07 examples/s]
Map:  36%|███▌      | 1783/5000 [00:14<00:25, 126.30 examples/s]
Map:  36%|███▌      | 1797/5000 [00:14<00:25, 127.55 examples/s]
Map:  36%|███▌      | 1811/5000 [00:14<00:24, 129.41 examples/s]
Map:  36%|███▋      | 1825/5000 [00:14<00:24, 129.83 examples/s]
Map:  37%|███▋      | 1839/5000 [00:14<00:24, 130.12 examples/s]
Map:  37%|███▋      | 1853/5000 [00:14<00:24, 130.19 examples/s]
Map:  37%|███▋      | 1867/5000 [00:14<00:24, 129.85 examples/s]
Map:  38%|███▊      | 1881/5000 [00:15<00:24, 129.36 examples/s]
Map:  38%|███▊      | 1895/5000 [00:15<00:23, 129.50 examples/s]
Map:  38%|███▊      | 1909/5000 [00:15<00:23, 130.16 examples/s]
Map:  38%|███▊      | 1923/5000 [00:15<00:23, 130.41 examples/s]
Map:  39%|███▊      | 1937/5000 [00:15<00:23, 130.27 examples/s]
Map:  39%|███▉      | 1951/5000 [00:15<00:23, 131.34 examples/s]
Map:  39%|███▉      | 1965/5000 [00:15<00:23, 129.57 examples/s]
Map:  40%|███▉      | 1979/5000 [00:15<00:23, 130.25 examples/s]
Map:  40%|███▉      | 1993/5000 [00:15<00:23, 129.07 examples/s]
Map:  40%|████      | 2007/5000 [00:16<00:32, 91.82 examples/s] 
Map:  40%|████      | 2021/5000 [00:16<00:29, 100.54 examples/s]
Map:  41%|████      | 2035/5000 [00:16<00:27, 107.07 examples/s]
Map:  41%|████      | 2049/5000 [00:16<00:26, 113.45 examples/s]
Map:  41%|████▏     | 2067/5000 [00:16<00:25, 114.74 examples/s]
Map:  42%|████▏     | 2081/5000 [00:16<00:24, 118.67 examples/s]
Map:  42%|████▏     | 2095/5000 [00:16<00:24, 120.94 examples/s]
Map:  42%|████▏     | 2109/5000 [00:17<00:23, 122.89 examples/s]
Map:  42%|████▏     | 2123/5000 [00:17<00:23, 123.31 examples/s]
Map:  43%|████▎     | 2137/5000 [00:17<00:23, 124.19 examples/s]
Map:  43%|████▎     | 2151/5000 [00:17<00:22, 124.97 examples/s]
Map:  43%|████▎     | 2165/5000 [00:17<00:22, 125.46 examples/s]
Map:  44%|████▎     | 2179/5000 [00:17<00:22, 127.19 examples/s]
Map:  44%|████▍     | 2193/5000 [00:17<00:21, 128.51 examples/s]
Map:  44%|████▍     | 2207/5000 [00:17<00:21, 127.33 examples/s]
Map:  44%|████▍     | 2221/5000 [00:17<00:21, 128.53 examples/s]
Map:  45%|████▍     | 2235/5000 [00:17<00:21, 129.15 examples/s]
Map:  45%|████▍     | 2249/5000 [00:18<00:21, 129.39 examples/s]
Map:  45%|████▌     | 2263/5000 [00:18<00:21, 130.00 examples/s]
Map:  46%|████▌     | 2277/5000 [00:18<00:21, 128.79 examples/s]
Map:  46%|████▌     | 2291/5000 [00:18<00:20, 129.37 examples/s]
Map:  46%|████▌     | 2305/5000 [00:18<00:20, 128.44 examples/s]
Map:  46%|████▋     | 2319/5000 [00:18<00:21, 127.49 examples/s]
Map:  47%|████▋     | 2333/5000 [00:18<00:20, 127.72 examples/s]
Map:  47%|████▋     | 2347/5000 [00:18<00:20, 128.66 examples/s]
Map:  47%|████▋     | 2360/5000 [00:18<00:20, 126.84 examples/s]
Map:  48%|████▊     | 2379/5000 [00:19<00:21, 124.78 examples/s]
Map:  48%|████▊     | 2393/5000 [00:19<00:20, 124.17 examples/s]
Map:  48%|████▊     | 2406/5000 [00:19<00:21, 122.94 examples/s]
Map:  48%|████▊     | 2420/5000 [00:19<00:20, 123.99 examples/s]
Map:  49%|████▊     | 2434/5000 [00:19<00:20, 124.25 examples/s]
Map:  49%|████▉     | 2448/5000 [00:19<00:19, 127.71 examples/s]
Map:  49%|████▉     | 2462/5000 [00:19<00:19, 129.48 examples/s]
Map:  50%|████▉     | 2476/5000 [00:19<00:19, 130.16 examples/s]
Map:  50%|████▉     | 2490/5000 [00:19<00:19, 130.53 examples/s]
Map:  50%|█████     | 2504/5000 [00:20<00:19, 130.65 examples/s]
Map:  50%|█████     | 2518/5000 [00:20<00:18, 130.67 examples/s]
Map:  51%|█████     | 2532/5000 [00:20<00:18, 131.35 examples/s]
Map:  51%|█████     | 2546/5000 [00:20<00:18, 131.42 examples/s]
Map:  51%|█████     | 2560/5000 [00:20<00:18, 131.25 examples/s]
Map:  51%|█████▏    | 2574/5000 [00:20<00:18, 132.45 examples/s]
Map:  52%|█████▏    | 2588/5000 [00:20<00:18, 131.96 examples/s]
Map:  52%|█████▏    | 2602/5000 [00:20<00:18, 132.07 examples/s]
Map:  52%|█████▏    | 2616/5000 [00:20<00:18, 132.39 examples/s]
Map:  53%|█████▎    | 2630/5000 [00:21<00:18, 131.58 examples/s]
Map:  53%|█████▎    | 2644/5000 [00:21<00:18, 128.79 examples/s]
Map:  53%|█████▎    | 2658/5000 [00:21<00:18, 127.69 examples/s]
Map:  53%|█████▎    | 2672/5000 [00:21<00:18, 126.43 examples/s]
Map:  54%|█████▎    | 2685/5000 [00:21<00:18, 125.11 examples/s]
Map:  54%|█████▍    | 2698/5000 [00:21<00:18, 124.35 examples/s]
Map:  54%|█████▍    | 2711/5000 [00:21<00:18, 122.56 examples/s]
Map:  55%|█████▍    | 2725/5000 [00:21<00:18, 124.87 examples/s]
Map:  55%|█████▍    | 2739/5000 [00:21<00:18, 124.79 examples/s]
Map:  55%|█████▌    | 2753/5000 [00:22<00:17, 125.98 examples/s]
Map:  55%|█████▌    | 2767/5000 [00:22<00:17, 126.72 examples/s]
Map:  56%|█████▌    | 2781/5000 [00:22<00:17, 126.36 examples/s]
Map:  56%|█████▌    | 2795/5000 [00:22<00:17, 127.29 examples/s]
Map:  56%|█████▌    | 2809/5000 [00:22<00:17, 128.69 examples/s]
Map:  56%|█████▋    | 2823/5000 [00:22<00:16, 128.59 examples/s]
Map:  57%|█████▋    | 2837/5000 [00:22<00:16, 129.41 examples/s]
Map:  57%|█████▋    | 2851/5000 [00:22<00:16, 129.60 examples/s]
Map:  57%|█████▋    | 2865/5000 [00:22<00:16, 129.97 examples/s]
Map:  58%|█████▊    | 2879/5000 [00:23<00:16, 130.09 examples/s]
Map:  58%|█████▊    | 2893/5000 [00:23<00:16, 131.12 examples/s]
Map:  58%|█████▊    | 2907/5000 [00:23<00:16, 129.82 examples/s]
Map:  58%|█████▊    | 2921/5000 [00:23<00:16, 129.52 examples/s]
Map:  59%|█████▊    | 2935/5000 [00:23<00:15, 129.16 examples/s]
Map:  59%|█████▉    | 2949/5000 [00:23<00:15, 130.88 examples/s]
Map:  59%|█████▉    | 2963/5000 [00:23<00:15, 131.63 examples/s]
Map:  60%|█████▉    | 2977/5000 [00:23<00:15, 130.93 examples/s]
Map:  60%|█████▉    | 2991/5000 [00:23<00:15, 130.84 examples/s]
Map:  60%|██████    | 3007/5000 [00:24<00:20, 95.39 examples/s] 
Map:  60%|██████    | 3021/5000 [00:24<00:19, 102.07 examples/s]
Map:  61%|██████    | 3035/5000 [00:24<00:17, 109.83 examples/s]
Map:  61%|██████    | 3049/5000 [00:24<00:17, 113.59 examples/s]
Map:  61%|██████▏   | 3063/5000 [00:24<00:16, 117.13 examples/s]
Map:  62%|██████▏   | 3077/5000 [00:24<00:15, 120.49 examples/s]
Map:  62%|██████▏   | 3091/5000 [00:24<00:15, 123.16 examples/s]
Map:  62%|██████▏   | 3105/5000 [00:24<00:15, 125.50 examples/s]
Map:  62%|██████▏   | 3119/5000 [00:25<00:14, 127.58 examples/s]
Map:  63%|██████▎   | 3133/5000 [00:25<00:14, 127.49 examples/s]
Map:  63%|██████▎   | 3147/5000 [00:25<00:14, 128.81 examples/s]
Map:  63%|██████▎   | 3161/5000 [00:25<00:14, 129.48 examples/s]
Map:  64%|██████▎   | 3175/5000 [00:25<00:13, 130.94 examples/s]
Map:  64%|██████▍   | 3189/5000 [00:25<00:13, 131.21 examples/s]
Map:  64%|██████▍   | 3203/5000 [00:25<00:13, 130.60 examples/s]
Map:  64%|██████▍   | 3217/5000 [00:25<00:13, 129.72 examples/s]
Map:  65%|██████▍   | 3231/5000 [00:25<00:13, 130.36 examples/s]
Map:  65%|██████▍   | 3245/5000 [00:25<00:13, 131.02 examples/s]
Map:  65%|██████▌   | 3259/5000 [00:26<00:13, 131.68 examples/s]
Map:  65%|██████▌   | 3273/5000 [00:26<00:13, 132.19 examples/s]
Map:  66%|██████▌   | 3287/5000 [00:26<00:13, 131.28 examples/s]
Map:  66%|██████▌   | 3301/5000 [00:26<00:13, 129.72 examples/s]
Map:  66%|██████▋   | 3315/5000 [00:26<00:13, 129.20 examples/s]
Map:  67%|██████▋   | 3328/5000 [00:26<00:13, 126.01 examples/s]
Map:  67%|██████▋   | 3347/5000 [00:26<00:13, 121.91 examples/s]
Map:  67%|██████▋   | 3366/5000 [00:26<00:13, 121.09 examples/s]
Map:  68%|██████▊   | 3380/5000 [00:27<00:13, 122.67 examples/s]
Map:  68%|██████▊   | 3394/5000 [00:27<00:12, 125.34 examples/s]
Map:  68%|██████▊   | 3408/5000 [00:27<00:12, 126.05 examples/s]
Map:  68%|██████▊   | 3422/5000 [00:27<00:12, 128.85 examples/s]
Map:  69%|██████▊   | 3436/5000 [00:27<00:12, 129.41 examples/s]
Map:  69%|██████▉   | 3450/5000 [00:27<00:12, 128.89 examples/s]
Map:  69%|██████▉   | 3464/5000 [00:27<00:11, 129.21 examples/s]
Map:  70%|██████▉   | 3478/5000 [00:27<00:11, 130.55 examples/s]
Map:  70%|██████▉   | 3492/5000 [00:27<00:11, 132.35 examples/s]
Map:  70%|███████   | 3506/5000 [00:28<00:11, 132.45 examples/s]
Map:  70%|███████   | 3520/5000 [00:28<00:11, 132.98 examples/s]
Map:  71%|███████   | 3534/5000 [00:28<00:11, 132.31 examples/s]
Map:  71%|███████   | 3548/5000 [00:28<00:10, 132.95 examples/s]
Map:  71%|███████   | 3562/5000 [00:28<00:10, 133.49 examples/s]
Map:  72%|███████▏  | 3576/5000 [00:28<00:10, 132.01 examples/s]
Map:  72%|███████▏  | 3590/5000 [00:28<00:10, 132.18 examples/s]
Map:  72%|███████▏  | 3604/5000 [00:28<00:10, 130.42 examples/s]
Map:  72%|███████▏  | 3618/5000 [00:28<00:10, 128.87 examples/s]
Map:  73%|███████▎  | 3632/5000 [00:28<00:10, 127.85 examples/s]
Map:  73%|███████▎  | 3646/5000 [00:29<00:10, 125.44 examples/s]
Map:  73%|███████▎  | 3664/5000 [00:29<00:11, 120.01 examples/s]
Map:  74%|███████▎  | 3677/5000 [00:29<00:11, 119.75 examples/s]
Map:  74%|███████▍  | 3691/5000 [00:29<00:10, 121.83 examples/s]
Map:  74%|███████▍  | 3705/5000 [00:29<00:10, 124.66 examples/s]
Map:  74%|███████▍  | 3719/5000 [00:29<00:10, 125.85 examples/s]
Map:  75%|███████▍  | 3733/5000 [00:29<00:09, 127.01 examples/s]
Map:  75%|███████▍  | 3747/5000 [00:29<00:09, 127.10 examples/s]
Map:  75%|███████▌  | 3761/5000 [00:30<00:09, 127.61 examples/s]
Map:  76%|███████▌  | 3775/5000 [00:30<00:09, 128.24 examples/s]
Map:  76%|███████▌  | 3789/5000 [00:30<00:09, 129.71 examples/s]
Map:  76%|███████▌  | 3803/5000 [00:30<00:09, 129.30 examples/s]
Map:  76%|███████▋  | 3817/5000 [00:30<00:09, 130.23 examples/s]
Map:  77%|███████▋  | 3831/5000 [00:30<00:08, 131.85 examples/s]
Map:  77%|███████▋  | 3845/5000 [00:30<00:08, 130.52 examples/s]
Map:  77%|███████▋  | 3859/5000 [00:30<00:08, 131.55 examples/s]
Map:  77%|███████▋  | 3873/5000 [00:30<00:08, 132.18 examples/s]
Map:  78%|███████▊  | 3887/5000 [00:30<00:08, 133.27 examples/s]
Map:  78%|███████▊  | 3901/5000 [00:31<00:08, 132.99 examples/s]
Map:  78%|███████▊  | 3915/5000 [00:31<00:08, 131.58 examples/s]
Map:  79%|███████▊  | 3929/5000 [00:31<00:08, 131.31 examples/s]
Map:  79%|███████▉  | 3943/5000 [00:31<00:08, 130.43 examples/s]
Map:  79%|███████▉  | 3957/5000 [00:31<00:08, 130.16 examples/s]
Map:  80%|███████▉  | 3976/5000 [00:31<00:08, 127.10 examples/s]
Map:  80%|███████▉  | 3990/5000 [00:31<00:07, 127.24 examples/s]
Map:  80%|████████  | 4004/5000 [00:31<00:09, 99.77 examples/s] 
Map:  80%|████████  | 4015/5000 [00:32<00:09, 100.17 examples/s]
Map:  81%|████████  | 4029/5000 [00:32<00:09, 107.27 examples/s]
Map:  81%|████████  | 4043/5000 [00:32<00:08, 113.17 examples/s]
Map:  81%|████████  | 4057/5000 [00:32<00:07, 117.94 examples/s]
Map:  81%|████████▏ | 4071/5000 [00:32<00:07, 121.59 examples/s]
Map:  82%|████████▏ | 4085/5000 [00:32<00:07, 125.55 examples/s]
Map:  82%|████████▏ | 4099/5000 [00:32<00:07, 128.20 examples/s]
Map:  82%|████████▏ | 4113/5000 [00:32<00:06, 127.62 examples/s]
Map:  83%|████████▎ | 4127/5000 [00:32<00:06, 128.70 examples/s]
Map:  83%|████████▎ | 4141/5000 [00:33<00:06, 128.63 examples/s]
Map:  83%|████████▎ | 4155/5000 [00:33<00:06, 129.43 examples/s]
Map:  83%|████████▎ | 4169/5000 [00:33<00:06, 127.81 examples/s]
Map:  84%|████████▎ | 4183/5000 [00:33<00:06, 129.18 examples/s]
Map:  84%|████████▍ | 4197/5000 [00:33<00:06, 129.84 examples/s]
Map:  84%|████████▍ | 4211/5000 [00:33<00:06, 130.77 examples/s]
Map:  84%|████████▍ | 4225/5000 [00:33<00:05, 131.34 examples/s]
Map:  85%|████████▍ | 4239/5000 [00:33<00:05, 130.98 examples/s]
Map:  85%|████████▌ | 4253/5000 [00:33<00:05, 130.92 examples/s]
Map:  85%|████████▌ | 4267/5000 [00:34<00:05, 130.68 examples/s]
Map:  86%|████████▌ | 4281/5000 [00:34<00:05, 132.28 examples/s]
Map:  86%|████████▌ | 4295/5000 [00:34<00:05, 130.67 examples/s]
Map:  86%|████████▌ | 4309/5000 [00:34<00:05, 129.99 examples/s]
Map:  86%|████████▋ | 4323/5000 [00:34<00:05, 130.91 examples/s]
Map:  87%|████████▋ | 4337/5000 [00:34<00:05, 131.00 examples/s]
Map:  87%|████████▋ | 4351/5000 [00:34<00:04, 130.75 examples/s]
Map:  87%|████████▋ | 4365/5000 [00:34<00:04, 131.04 examples/s]
Map:  88%|████████▊ | 4384/5000 [00:34<00:04, 125.48 examples/s]
Map:  88%|████████▊ | 4398/5000 [00:35<00:04, 124.97 examples/s]
Map:  88%|████████▊ | 4412/5000 [00:35<00:04, 125.21 examples/s]
Map:  89%|████████▊ | 4426/5000 [00:35<00:04, 126.32 examples/s]
Map:  89%|████████▉ | 4440/5000 [00:35<00:04, 127.01 examples/s]
Map:  89%|████████▉ | 4454/5000 [00:35<00:04, 127.85 examples/s]
Map:  89%|████████▉ | 4468/5000 [00:35<00:04, 129.56 examples/s]
Map:  90%|████████▉ | 4482/5000 [00:35<00:03, 130.68 examples/s]
Map:  90%|████████▉ | 4496/5000 [00:35<00:03, 131.25 examples/s]
Map:  90%|█████████ | 4510/5000 [00:35<00:03, 131.62 examples/s]
Map:  90%|█████████ | 4524/5000 [00:36<00:03, 132.34 examples/s]
Map:  91%|█████████ | 4539/5000 [00:36<00:03, 134.23 examples/s]
Map:  91%|█████████ | 4553/5000 [00:36<00:03, 133.31 examples/s]
Map:  91%|█████████▏| 4567/5000 [00:36<00:03, 132.42 examples/s]
Map:  92%|█████████▏| 4581/5000 [00:36<00:03, 132.47 examples/s]
Map:  92%|█████████▏| 4595/5000 [00:36<00:03, 132.11 examples/s]
Map:  92%|█████████▏| 4614/5000 [00:36<00:03, 125.85 examples/s]
Map:  93%|█████████▎| 4627/5000 [00:36<00:03, 123.60 examples/s]
Map:  93%|█████████▎| 4644/5000 [00:36<00:03, 117.32 examples/s]
Map:  93%|█████████▎| 4657/5000 [00:37<00:02, 117.97 examples/s]
Map:  93%|█████████▎| 4671/5000 [00:37<00:02, 120.41 examples/s]
Map:  94%|█████████▎| 4685/5000 [00:37<00:02, 121.93 examples/s]
Map:  94%|█████████▍| 4699/5000 [00:37<00:02, 123.81 examples/s]
Map:  94%|█████████▍| 4713/5000 [00:37<00:02, 126.15 examples/s]
Map:  95%|█████████▍| 4727/5000 [00:37<00:02, 127.47 examples/s]
Map:  95%|█████████▍| 4741/5000 [00:37<00:02, 129.05 examples/s]
Map:  95%|█████████▌| 4755/5000 [00:37<00:01, 129.99 examples/s]
Map:  95%|█████████▌| 4769/5000 [00:37<00:01, 129.80 examples/s]
Map:  96%|█████████▌| 4783/5000 [00:38<00:01, 129.39 examples/s]
Map:  96%|█████████▌| 4797/5000 [00:38<00:01, 128.83 examples/s]
Map:  96%|█████████▌| 4811/5000 [00:38<00:01, 127.44 examples/s]
Map:  96%|█████████▋| 4825/5000 [00:38<00:01, 128.29 examples/s]
Map:  97%|█████████▋| 4839/5000 [00:38<00:01, 128.94 examples/s]
Map:  97%|█████████▋| 4853/5000 [00:38<00:01, 129.41 examples/s]
Map:  97%|█████████▋| 4867/5000 [00:38<00:01, 129.54 examples/s]
Map:  98%|█████████▊| 4881/5000 [00:38<00:00, 130.47 examples/s]
Map:  98%|█████████▊| 4895/5000 [00:38<00:00, 130.05 examples/s]
Map:  98%|█████████▊| 4909/5000 [00:39<00:00, 130.62 examples/s]
Map:  98%|█████████▊| 4923/5000 [00:39<00:00, 130.97 examples/s]
Map:  99%|█████████▊| 4937/5000 [00:39<00:00, 131.42 examples/s]
Map:  99%|█████████▉| 4951/5000 [00:39<00:00, 131.79 examples/s]
Map:  99%|█████████▉| 4965/5000 [00:39<00:00, 131.91 examples/s]
Map: 100%|█████████▉| 4979/5000 [00:39<00:00, 132.96 examples/s]
Map: 100%|█████████▉| 4993/5000 [00:39<00:00, 133.55 examples/s]
Map: 100%|██████████| 5000/5000 [00:39<00:00, 125.31 examples/s]

Map:   0%|          | 0/500 [00:00<?, ? examples/s]
Map:   3%|▎         | 13/500 [00:00<00:03, 123.23 examples/s]
Map:   5%|▌         | 27/500 [00:00<00:03, 124.78 examples/s]
Map:   8%|▊         | 40/500 [00:00<00:03, 122.99 examples/s]
Map:  11%|█         | 53/500 [00:00<00:03, 123.99 examples/s]
Map:  13%|█▎        | 67/500 [00:00<00:03, 124.96 examples/s]
Map:  16%|█▌        | 81/500 [00:00<00:03, 126.91 examples/s]
Map:  19%|█▉        | 95/500 [00:00<00:03, 127.22 examples/s]
Map:  22%|██▏       | 109/500 [00:00<00:03, 127.88 examples/s]
Map:  25%|██▍       | 123/500 [00:00<00:02, 128.15 examples/s]
Map:  27%|██▋       | 137/500 [00:01<00:02, 129.88 examples/s]
Map:  30%|███       | 151/500 [00:01<00:02, 130.23 examples/s]
Map:  33%|███▎      | 165/500 [00:01<00:02, 131.04 examples/s]
Map:  36%|███▌      | 179/500 [00:01<00:02, 130.64 examples/s]
Map:  39%|███▊      | 193/500 [00:01<00:02, 130.87 examples/s]
Map:  41%|████▏     | 207/500 [00:01<00:02, 130.35 examples/s]
Map:  45%|████▌     | 226/500 [00:01<00:02, 126.51 examples/s]
Map:  48%|████▊     | 240/500 [00:01<00:02, 125.45 examples/s]
Map:  51%|█████     | 254/500 [00:01<00:01, 126.38 examples/s]
Map:  54%|█████▎    | 268/500 [00:02<00:01, 126.19 examples/s]
Map:  56%|█████▋    | 282/500 [00:02<00:01, 127.18 examples/s]
Map:  59%|█████▉    | 296/500 [00:02<00:01, 126.93 examples/s]
Map:  62%|██████▏   | 310/500 [00:02<00:01, 126.95 examples/s]
Map:  65%|██████▍   | 324/500 [00:02<00:01, 127.93 examples/s]
Map:  68%|██████▊   | 338/500 [00:02<00:01, 129.43 examples/s]
Map:  70%|███████   | 352/500 [00:02<00:01, 129.85 examples/s]
Map:  73%|███████▎  | 366/500 [00:02<00:01, 129.99 examples/s]
Map:  77%|███████▋  | 386/500 [00:03<00:00, 128.58 examples/s]
Map:  80%|████████  | 400/500 [00:03<00:00, 130.22 examples/s]
Map:  83%|████████▎ | 414/500 [00:03<00:00, 130.15 examples/s]
Map:  86%|████████▌ | 428/500 [00:03<00:00, 130.96 examples/s]
Map:  88%|████████▊ | 442/500 [00:03<00:00, 130.61 examples/s]
Map:  91%|█████████ | 456/500 [00:03<00:00, 130.50 examples/s]
Map:  94%|█████████▍| 470/500 [00:03<00:00, 131.58 examples/s]
Map:  97%|█████████▋| 484/500 [00:03<00:00, 131.19 examples/s]
Map: 100%|█████████▉| 498/500 [00:03<00:00, 132.43 examples/s]
Map: 100%|██████████| 500/500 [00:03<00:00, 126.62 examples/s]

Filter:   0%|          | 0/5000 [00:00<?, ? examples/s]
Filter:  20%|██        | 1000/5000 [00:15<01:01, 65.26 examples/s]
Filter:  20%|██        | 1000/5000 [00:31<01:01, 65.26 examples/s]
Filter:  40%|████      | 2000/5000 [00:31<00:47, 62.64 examples/s]
Filter:  40%|████      | 2000/5000 [00:47<00:47, 62.64 examples/s]
Filter:  60%|██████    | 3000/5000 [00:48<00:32, 61.62 examples/s]
Filter:  60%|██████    | 3000/5000 [01:05<00:32, 61.62 examples/s]
Filter:  80%|████████  | 4000/5000 [01:06<00:17, 58.67 examples/s]
Filter:  80%|████████  | 4000/5000 [01:23<00:17, 58.67 examples/s]
Filter: 100%|██████████| 5000/5000 [01:24<00:00, 57.44 examples/s]
Filter: 100%|██████████| 5000/5000 [01:24<00:00, 59.08 examples/s]

Filter:   0%|          | 0/500 [00:00<?, ? examples/s]
Filter: 100%|██████████| 500/500 [00:07<00:00, 63.94 examples/s]
Filter: 100%|██████████| 500/500 [00:07<00:00, 63.93 examples/s]
clip-length cap 10.0s: train 5000->4974, eval 500->493

Loading weights:   0%|          | 0/422 [00:00<?, ?it/s]
Loading weights: 100%|██████████| 422/422 [00:00<00:00, 29976.06it/s]
[transformers] [1mUniSpeechForCTC LOAD REPORT[0m from: microsoft/unispeech-large-1500h-cv
Key                          | Status     | 
-----------------------------+------------+-
quantizer.weight_proj.bias   | UNEXPECTED | 
ctc_proj.bias                | UNEXPECTED | 
project_q.weight             | UNEXPECTED | 
ctc_proj.weight              | UNEXPECTED | 
quantizer.weight_proj.weight | UNEXPECTED | 
project_hid.weight           | UNEXPECTED | 
project_q.bias               | UNEXPECTED | 
project_hid.bias             | UNEXPECTED | 
quantizer.codevectors        | UNEXPECTED | 
lm_head.bias                 | MISSING    | 
lm_head.weight               | MISSING    | 

Notes:
- UNEXPECTED:	can be ignored when loading from different task/architecture; not ok if you expect identical arch.
- MISSING:	those params were newly initialized because missing from the checkpoint. Consider training on your downstream task.
[transformers] warmup_ratio is deprecated and will be removed in v5.2. Use `warmup_steps` instead.

  0%|          | 0/622 [00:00<?, ?it/s]/Users/mulisamusehane/Documents/GitHub/MultilingualASR/.venv/lib/python3.12/site-packages/torch/utils/data/dataloader.py:759: UserWarning: 'pin_memory' argument is set as true but not supported on MPS now, device pinned memory won't be used.
  super().__init__(loader)
/Users/mulisamusehane/Documents/GitHub/MultilingualASR/.venv/lib/python3.12/site-packages/torch/nn/functional.py:3159: UserWarning: The operator 'aten::_ctc_loss' is not currently supported on the MPS backend and will fall back to run on the CPU. This may have performance implications. (Triggered internally at /Users/runner/work/pytorch/pytorch/aten/src/ATen/mps/MPSFallback.mm:34.)
  return torch.ctc_loss(

  0%|          | 1/622 [00:09<1:37:06,  9.38s/it]
  0%|          | 2/622 [00:19<1:41:11,  9.79s/it]
  0%|          | 3/622 [00:29<1:42:41,  9.95s/it]
  1%|          | 4/622 [00:38<1:39:40,  9.68s/it]
  1%|          | 5/622 [00:48<1:39:40,  9.69s/it]
  1%|          | 6/622 [01:01<1:50:45, 10.79s/it]
  1%|          | 7/622 [01:11<1:48:12, 10.56s/it]
  1%|▏         | 8/622 [01:21<1:47:35, 10.51s/it]
  1%|▏         | 9/622 [01:31<1:45:12, 10.30s/it]
  2%|▏         | 10/622 [01:42<1:46:25, 10.43s/it]
  2%|▏         | 11/622 [01:52<1:45:39, 10.38s/it]
  2%|▏         | 12/622 [02:03<1:45:15, 10.35s/it]
  2%|▏         | 13/622 [02:12<1:40:53,  9.94s/it]
  2%|▏         | 14/622 [02:22<1:41:09,  9.98s/it]
  2%|▏         | 15/622 [02:31<1:38:01,  9.69s/it]
  3%|▎         | 16/622 [02:41<1:40:21,  9.94s/it]
  3%|▎         | 17/622 [02:51<1:39:32,  9.87s/it]
  3%|▎         | 18/622 [03:02<1:41:55, 10.12s/it]
  3%|▎         | 19/622 [03:12<1:42:02, 10.15s/it]
  3%|▎         | 20/622 [03:21<1:38:20,  9.80s/it]
                                                  

  3%|▎         | 20/622 [03:21<1:38:20,  9.80s/it]
  3%|▎         | 21/622 [03:30<1:35:06,  9.49s/it]
  4%|▎         | 22/622 [03:41<1:40:36, 10.06s/it]
  4%|▎         | 23/622 [03:49<1:35:10,  9.53s/it]
  4%|▍         | 24/622 [03:58<1:31:56,  9.23s/it]
  4%|▍         | 25/622 [04:07<1:31:51,  9.23s/it]
  4%|▍         | 26/622 [04:18<1:35:44,  9.64s/it]
  4%|▍         | 27/622 [04:27<1:35:03,  9.59s/it]
  5%|▍         | 28/622 [04:36<1:32:54,  9.39s/it]
  5%|▍         | 29/622 [04:47<1:37:00,  9.82s/it]
  5%|▍         | 30/622 [04:58<1:39:54, 10.13s/it]
  5%|▍         | 31/622 [05:07<1:36:31,  9.80s/it]
  5%|▌         | 32/622 [05:18<1:41:02, 10.27s/it]
  5%|▌         | 33/622 [05:27<1:36:25,  9.82s/it]
  5%|▌         | 34/622 [05:35<1:30:32,  9.24s/it]
  6%|▌         | 35/622 [05:44<1:30:35,  9.26s/it]
  6%|▌         | 36/622 [05:53<1:28:42,  9.08s/it]
  6%|▌         | 37/622 [06:01<1:27:20,  8.96s/it]
  6%|▌         | 38/622 [06:11<1:29:19,  9.18s/it]
  6%|▋         | 39/622 [06:24<1:40:09, 10.31s/it]
  6%|▋         | 40/622 [06:35<1:41:43, 10.49s/it]
                                                  

  6%|▋         | 40/622 [06:36<1:41:43, 10.49s/it]
  7%|▋         | 41/622 [06:44<1:38:38, 10.19s/it]
  7%|▋         | 42/622 [06:56<1:41:17, 10.48s/it]
  7%|▋         | 43/622 [07:07<1:42:56, 10.67s/it]
  7%|▋         | 44/622 [07:18<1:44:29, 10.85s/it]
  7%|▋         | 45/622 [07:28<1:41:22, 10.54s/it]
  7%|▋         | 46/622 [07:37<1:37:28, 10.15s/it]
  8%|▊         | 47/622 [07:44<1:28:59,  9.29s/it]
  8%|▊         | 48/622 [07:53<1:27:12,  9.11s/it]
  8%|▊         | 49/622 [08:03<1:29:07,  9.33s/it]
  8%|▊         | 50/622 [08:11<1:26:26,  9.07s/it]
  8%|▊         | 51/622 [08:20<1:24:41,  8.90s/it]
  8%|▊         | 52/622 [08:29<1:26:34,  9.11s/it]
  9%|▊         | 53/622 [08:38<1:24:54,  8.95s/it]
  9%|▊         | 54/622 [08:47<1:26:08,  9.10s/it]
  9%|▉         | 55/622 [08:56<1:25:32,  9.05s/it]
  9%|▉         | 56/622 [09:07<1:30:14,  9.57s/it]
  9%|▉         | 57/622 [09:16<1:28:36,  9.41s/it]
  9%|▉         | 58/622 [09:25<1:27:18,  9.29s/it]
  9%|▉         | 59/622 [09:34<1:24:35,  9.02s/it]
 10%|▉         | 60/622 [09:44<1:29:25,  9.55s/it]
                                                  

 10%|▉         | 60/622 [09:45<1:29:25,  9.55s/it]
 10%|▉         | 61/622 [09:55<1:32:20,  9.88s/it]
 10%|▉         | 62/622 [10:04<1:29:34,  9.60s/it]
 10%|█         | 63/622 [10:15<1:34:02, 10.09s/it]
 10%|█         | 64/622 [10:25<1:31:38,  9.85s/it]
 10%|█         | 65/622 [10:34<1:31:49,  9.89s/it]
 11%|█         | 66/622 [10:44<1:29:55,  9.70s/it]
 11%|█         | 67/622 [10:54<1:32:02,  9.95s/it]
 11%|█         | 68/622 [11:05<1:34:46, 10.26s/it]
 11%|█         | 69/622 [11:16<1:35:47, 10.39s/it]
 11%|█▏        | 70/622 [11:27<1:37:41, 10.62s/it]
 11%|█▏        | 71/622 [11:37<1:34:37, 10.30s/it]
 12%|█▏        | 72/622 [11:46<1:30:44,  9.90s/it]
 12%|█▏        | 73/622 [11:53<1:24:18,  9.21s/it]
 12%|█▏        | 74/622 [12:04<1:27:21,  9.56s/it]
 12%|█▏        | 75/622 [12:13<1:26:58,  9.54s/it]
 12%|█▏        | 76/622 [12:23<1:29:07,  9.79s/it]
 12%|█▏        | 77/622 [12:33<1:27:49,  9.67s/it]
 13%|█▎        | 78/622 [12:42<1:24:54,  9.37s/it]
 13%|█▎        | 79/622 [12:50<1:21:03,  8.96s/it]
 13%|█▎        | 80/622 [12:58<1:19:35,  8.81s/it]
                                                  

 13%|█▎        | 80/622 [12:59<1:19:35,  8.81s/it]
 13%|█▎        | 81/622 [13:07<1:19:25,  8.81s/it]
 13%|█▎        | 82/622 [13:19<1:27:15,  9.70s/it]
 13%|█▎        | 83/622 [13:28<1:25:18,  9.50s/it]
 14%|█▎        | 84/622 [13:38<1:28:42,  9.89s/it]
 14%|█▎        | 85/622 [13:47<1:24:34,  9.45s/it]
 14%|█▍        | 86/622 [13:56<1:24:35,  9.47s/it]
 14%|█▍        | 87/622 [14:06<1:24:26,  9.47s/it]
 14%|█▍        | 88/622 [14:14<1:20:43,  9.07s/it]
 14%|█▍        | 89/622 [14:26<1:27:31,  9.85s/it]
 14%|█▍        | 90/622 [14:37<1:31:49, 10.36s/it]
 15%|█▍        | 91/622 [14:47<1:29:38, 10.13s/it]
 15%|█▍        | 92/622 [14:56<1:26:33,  9.80s/it]
 15%|█▍        | 93/622 [15:05<1:25:24,  9.69s/it]
 15%|█▌        | 94/622 [15:14<1:21:53,  9.31s/it]
 15%|█▌        | 95/622 [15:23<1:21:45,  9.31s/it]
 15%|█▌        | 96/622 [15:31<1:18:44,  8.98s/it]
 16%|█▌        | 97/622 [15:40<1:18:11,  8.94s/it]
 16%|█▌        | 98/622 [15:48<1:15:10,  8.61s/it]
 16%|█▌        | 99/622 [15:56<1:12:51,  8.36s/it]
 16%|█▌        | 100/622 [16:04<1:12:57,  8.39s/it]
                                                   

 16%|█▌        | 100/622 [16:05<1:12:57,  8.39s/it]
 16%|█▌        | 101/622 [16:13<1:14:00,  8.52s/it]
 16%|█▋        | 102/622 [16:23<1:17:14,  8.91s/it]
 17%|█▋        | 103/622 [16:33<1:20:02,  9.25s/it]
 17%|█▋        | 104/622 [16:40<1:15:01,  8.69s/it]
 17%|█▋        | 105/622 [16:48<1:12:37,  8.43s/it]
 17%|█▋        | 106/622 [16:56<1:11:57,  8.37s/it]
 17%|█▋        | 107/622 [17:06<1:15:43,  8.82s/it]
 17%|█▋        | 108/622 [17:16<1:18:51,  9.20s/it]
 18%|█▊        | 109/622 [17:26<1:20:11,  9.38s/it]
 18%|█▊        | 110/622 [17:36<1:20:31,  9.44s/it]
 18%|█▊        | 111/622 [17:45<1:19:33,  9.34s/it]
 18%|█▊        | 112/622 [17:54<1:20:25,  9.46s/it]
 18%|█▊        | 113/622 [18:03<1:19:07,  9.33s/it]
 18%|█▊        | 114/622 [18:11<1:14:54,  8.85s/it]
 18%|█▊        | 115/622 [18:23<1:22:19,  9.74s/it]
 19%|█▊        | 116/622 [18:32<1:20:10,  9.51s/it]
 19%|█▉        | 117/622 [18:41<1:19:19,  9.42s/it]
 19%|█▉        | 118/622 [18:52<1:23:05,  9.89s/it]
 19%|█▉        | 119/622 [19:02<1:22:13,  9.81s/it]
 19%|█▉        | 120/622 [19:11<1:19:57,  9.56s/it]
                                                   

 19%|█▉        | 120/622 [19:11<1:19:57,  9.56s/it]
 19%|█▉        | 121/622 [19:20<1:18:39,  9.42s/it]
 20%|█▉        | 122/622 [19:28<1:15:05,  9.01s/it]
 20%|█▉        | 123/622 [19:38<1:18:07,  9.39s/it]
 20%|█▉        | 124/622 [19:47<1:16:26,  9.21s/it]
 20%|██        | 125/622 [19:57<1:17:55,  9.41s/it]
 20%|██        | 126/622 [20:06<1:17:24,  9.36s/it]
 20%|██        | 127/622 [20:16<1:18:16,  9.49s/it]
 21%|██        | 128/622 [20:26<1:18:44,  9.56s/it]
 21%|██        | 129/622 [20:35<1:17:56,  9.49s/it]
 21%|██        | 130/622 [20:45<1:18:22,  9.56s/it]
 21%|██        | 131/622 [20:54<1:18:45,  9.62s/it]
 21%|██        | 132/622 [21:05<1:20:12,  9.82s/it]
 21%|██▏       | 133/622 [21:14<1:18:42,  9.66s/it]
 22%|██▏       | 134/622 [21:24<1:18:39,  9.67s/it]
 22%|██▏       | 135/622 [21:34<1:20:16,  9.89s/it]
 22%|██▏       | 136/622 [21:45<1:21:57, 10.12s/it]
 22%|██▏       | 137/622 [21:55<1:21:37, 10.10s/it]
 22%|██▏       | 138/622 [22:06<1:23:14, 10.32s/it]
 22%|██▏       | 139/622 [22:15<1:20:08,  9.96s/it]
 23%|██▎       | 140/622 [22:24<1:18:56,  9.83s/it]
                                                   

 23%|██▎       | 140/622 [22:25<1:18:56,  9.83s/it]
 23%|██▎       | 141/622 [22:35<1:20:55, 10.09s/it]
 23%|██▎       | 142/622 [22:45<1:20:07, 10.02s/it]
 23%|██▎       | 143/622 [22:54<1:17:54,  9.76s/it]
 23%|██▎       | 144/622 [23:04<1:19:01,  9.92s/it]
 23%|██▎       | 145/622 [23:13<1:17:09,  9.71s/it]
 23%|██▎       | 146/622 [23:23<1:17:08,  9.72s/it]
 24%|██▎       | 147/622 [23:35<1:22:20, 10.40s/it]
 24%|██▍       | 148/622 [23:45<1:21:32, 10.32s/it]
 24%|██▍       | 149/622 [23:55<1:20:16, 10.18s/it]
 24%|██▍       | 150/622 [24:05<1:19:58, 10.17s/it]
 24%|██▍       | 151/622 [24:15<1:17:42,  9.90s/it]
 24%|██▍       | 152/622 [24:25<1:18:48, 10.06s/it]
 25%|██▍       | 153/622 [24:34<1:16:47,  9.82s/it]
 25%|██▍       | 154/622 [24:45<1:17:47,  9.97s/it]
 25%|██▍       | 155/622 [24:53<1:13:14,  9.41s/it]
 25%|██▌       | 156/622 [25:01<1:11:28,  9.20s/it]
 25%|██▌       | 157/622 [25:10<1:08:43,  8.87s/it]
 25%|██▌       | 158/622 [25:18<1:08:04,  8.80s/it]
 26%|██▌       | 159/622 [25:27<1:08:12,  8.84s/it]
 26%|██▌       | 160/622 [25:35<1:06:48,  8.68s/it]
                                                   

 26%|██▌       | 160/622 [25:36<1:06:48,  8.68s/it]
 26%|██▌       | 161/622 [25:46<1:10:02,  9.12s/it]
 26%|██▌       | 162/622 [25:56<1:13:55,  9.64s/it]
 26%|██▌       | 163/622 [26:08<1:17:39, 10.15s/it]
 26%|██▋       | 164/622 [26:20<1:21:39, 10.70s/it]
 27%|██▋       | 165/622 [26:31<1:22:12, 10.79s/it]
 27%|██▋       | 166/622 [26:39<1:17:01, 10.13s/it]
 27%|██▋       | 167/622 [26:49<1:16:30, 10.09s/it]
 27%|██▋       | 168/622 [26:58<1:12:33,  9.59s/it]
 27%|██▋       | 169/622 [27:07<1:11:40,  9.49s/it]
 27%|██▋       | 170/622 [27:17<1:12:46,  9.66s/it]
 27%|██▋       | 171/622 [27:26<1:11:36,  9.53s/it]
 28%|██▊       | 172/622 [27:36<1:11:48,  9.57s/it]
 28%|██▊       | 173/622 [27:46<1:12:57,  9.75s/it]
 28%|██▊       | 174/622 [27:56<1:13:29,  9.84s/it]
 28%|██▊       | 175/622 [28:06<1:12:35,  9.74s/it]
 28%|██▊       | 176/622 [28:15<1:10:39,  9.50s/it]
 28%|██▊       | 177/622 [28:24<1:11:05,  9.59s/it]
 29%|██▊       | 178/622 [28:35<1:12:43,  9.83s/it]
 29%|██▉       | 179/622 [28:44<1:10:46,  9.59s/it]
 29%|██▉       | 180/622 [28:53<1:10:35,  9.58s/it]
                                                   

 29%|██▉       | 180/622 [28:54<1:10:35,  9.58s/it]
 29%|██▉       | 181/622 [29:03<1:10:52,  9.64s/it]
 29%|██▉       | 182/622 [29:14<1:14:15, 10.13s/it]
 29%|██▉       | 183/622 [29:24<1:13:36, 10.06s/it]
 30%|██▉       | 184/622 [29:35<1:13:41, 10.09s/it]
 30%|██▉       | 185/622 [29:44<1:11:07,  9.76s/it]
 30%|██▉       | 186/622 [29:51<1:06:26,  9.14s/it]
 30%|███       | 187/622 [30:01<1:06:54,  9.23s/it]
 30%|███       | 188/622 [30:09<1:05:28,  9.05s/it]
 30%|███       | 189/622 [30:18<1:03:38,  8.82s/it]
 31%|███       | 190/622 [30:26<1:02:15,  8.65s/it]
 31%|███       | 191/622 [30:35<1:04:01,  8.91s/it]
 31%|███       | 192/622 [30:45<1:04:55,  9.06s/it]
 31%|███       | 193/622 [30:54<1:04:48,  9.06s/it]
 31%|███       | 194/622 [31:03<1:04:05,  8.98s/it]
 31%|███▏      | 195/622 [31:14<1:08:47,  9.67s/it]
 32%|███▏      | 196/622 [31:23<1:07:56,  9.57s/it]
 32%|███▏      | 197/622 [31:34<1:09:38,  9.83s/it]
 32%|███▏      | 198/622 [31:43<1:07:27,  9.55s/it]
 32%|███▏      | 199/622 [31:51<1:04:53,  9.20s/it]
 32%|███▏      | 200/622 [32:01<1:06:08,  9.40s/it]
                                                   

 32%|███▏      | 200/622 [32:01<1:06:08,  9.40s/it]
 32%|███▏      | 201/622 [32:11<1:07:29,  9.62s/it]
 32%|███▏      | 202/622 [32:20<1:06:48,  9.54s/it]
 33%|███▎      | 203/622 [32:31<1:09:43,  9.98s/it]
 33%|███▎      | 204/622 [32:42<1:11:37, 10.28s/it]
 33%|███▎      | 205/622 [32:52<1:10:04, 10.08s/it]
 33%|███▎      | 206/622 [33:01<1:08:30,  9.88s/it]
 33%|███▎      | 207/622 [33:10<1:04:52,  9.38s/it]
 33%|███▎      | 208/622 [33:20<1:05:59,  9.56s/it]
 34%|███▎      | 209/622 [33:28<1:03:54,  9.28s/it]
 34%|███▍      | 210/622 [33:37<1:02:03,  9.04s/it]
 34%|███▍      | 211/622 [33:47<1:05:05,  9.50s/it]
 34%|███▍      | 212/622 [33:57<1:04:41,  9.47s/it]
 34%|███▍      | 213/622 [34:05<1:02:35,  9.18s/it]
 34%|███▍      | 214/622 [34:17<1:06:56,  9.84s/it]
 35%|███▍      | 215/622 [34:26<1:06:06,  9.75s/it]
 35%|███▍      | 216/622 [34:35<1:04:35,  9.55s/it]
 35%|███▍      | 217/622 [34:46<1:06:12,  9.81s/it]
 35%|███▌      | 218/622 [34:55<1:05:06,  9.67s/it]
 35%|███▌      | 219/622 [35:04<1:03:28,  9.45s/it]
 35%|███▌      | 220/622 [35:12<1:01:00,  9.10s/it]
                                                   

 35%|███▌      | 220/622 [35:13<1:01:00,  9.10s/it]
 36%|███▌      | 221/622 [35:23<1:04:06,  9.59s/it]
 36%|███▌      | 222/622 [35:31<1:01:05,  9.16s/it]
 36%|███▌      | 223/622 [35:41<1:01:38,  9.27s/it]
 36%|███▌      | 224/622 [35:50<1:01:43,  9.31s/it]
 36%|███▌      | 225/622 [36:00<1:02:15,  9.41s/it]
 36%|███▋      | 226/622 [36:08<1:00:49,  9.22s/it]
 36%|███▋      | 227/622 [36:19<1:02:36,  9.51s/it]
 37%|███▋      | 228/622 [36:29<1:03:38,  9.69s/it]
 37%|███▋      | 229/622 [36:39<1:05:01,  9.93s/it]
 37%|███▋      | 230/622 [36:49<1:05:28, 10.02s/it]
 37%|███▋      | 231/622 [37:00<1:06:53, 10.27s/it]
 37%|███▋      | 232/622 [37:11<1:07:29, 10.38s/it]
 37%|███▋      | 233/622 [37:19<1:03:26,  9.79s/it]
 38%|███▊      | 234/622 [37:30<1:05:22, 10.11s/it]
 38%|███▊      | 235/622 [37:42<1:09:28, 10.77s/it]
 38%|███▊      | 236/622 [37:52<1:07:05, 10.43s/it]
 38%|███▊      | 237/622 [38:02<1:06:44, 10.40s/it]
 38%|███▊      | 238/622 [38:12<1:04:08, 10.02s/it]
 38%|███▊      | 239/622 [38:21<1:02:04,  9.73s/it]
 39%|███▊      | 240/622 [38:30<1:00:44,  9.54s/it]
                                                   

 39%|███▊      | 240/622 [38:30<1:00:44,  9.54s/it]
 39%|███▊      | 241/622 [38:40<1:02:24,  9.83s/it]
 39%|███▉      | 242/622 [38:50<1:01:44,  9.75s/it]
 39%|███▉      | 243/622 [38:59<1:01:21,  9.71s/it]
 39%|███▉      | 244/622 [39:10<1:03:15, 10.04s/it]
 39%|███▉      | 245/622 [39:24<1:10:27, 11.21s/it]
 40%|███▉      | 246/622 [39:34<1:08:15, 10.89s/it]
 40%|███▉      | 247/622 [39:44<1:06:40, 10.67s/it]
 40%|███▉      | 248/622 [39:55<1:05:41, 10.54s/it]
 40%|████      | 249/622 [40:03<1:01:41,  9.92s/it]
 40%|████      | 250/622 [40:12<58:45,  9.48s/it]  
 40%|████      | 251/622 [40:24<1:04:45, 10.47s/it]
 41%|████      | 252/622 [40:33<1:00:59,  9.89s/it]
 41%|████      | 253/622 [40:42<58:40,  9.54s/it]  
 41%|████      | 254/622 [40:50<57:01,  9.30s/it]
 41%|████      | 255/622 [41:00<56:58,  9.32s/it]
 41%|████      | 256/622 [41:08<54:31,  8.94s/it]
 41%|████▏     | 257/622 [41:15<52:00,  8.55s/it]
 41%|████▏     | 258/622 [41:27<56:44,  9.35s/it]
 42%|████▏     | 259/622 [41:37<59:11,  9.78s/it]
 42%|████▏     | 260/622 [41:48<59:42,  9.90s/it]
                                                 

 42%|████▏     | 260/622 [41:48<59:42,  9.90s/it]
 42%|████▏     | 261/622 [41:57<58:12,  9.67s/it]
 42%|████▏     | 262/622 [42:04<53:21,  8.89s/it]
 42%|████▏     | 263/622 [42:14<55:25,  9.26s/it]
 42%|████▏     | 264/622 [42:26<59:26,  9.96s/it]
 43%|████▎     | 265/622 [42:35<57:46,  9.71s/it]
 43%|████▎     | 266/622 [42:46<1:01:05, 10.30s/it]
 43%|████▎     | 267/622 [42:57<1:01:25, 10.38s/it]
 43%|████▎     | 268/622 [43:05<58:00,  9.83s/it]  
 43%|████▎     | 269/622 [43:15<57:30,  9.77s/it]
 43%|████▎     | 270/622 [43:27<1:00:26, 10.30s/it]
 44%|████▎     | 271/622 [43:39<1:03:06, 10.79s/it]
 44%|████▎     | 272/622 [43:48<1:00:30, 10.37s/it]
 44%|████▍     | 273/622 [43:58<59:43, 10.27s/it]  
 44%|████▍     | 274/622 [44:07<57:09,  9.85s/it]
 44%|████▍     | 275/622 [44:16<54:57,  9.50s/it]
 44%|████▍     | 276/622 [44:25<55:18,  9.59s/it]
 45%|████▍     | 277/622 [44:35<55:59,  9.74s/it]
 45%|████▍     | 278/622 [44:43<52:45,  9.20s/it]
 45%|████▍     | 279/622 [44:52<50:51,  8.90s/it]
 45%|████▌     | 280/622 [45:01<51:53,  9.10s/it]
                                                 

 45%|████▌     | 280/622 [45:02<51:53,  9.10s/it]
 45%|████▌     | 281/622 [45:11<52:30,  9.24s/it]
 45%|████▌     | 282/622 [45:21<53:38,  9.47s/it]
 45%|████▌     | 283/622 [45:29<51:18,  9.08s/it]
 46%|████▌     | 284/622 [45:36<47:36,  8.45s/it]
 46%|████▌     | 285/622 [45:45<48:33,  8.64s/it]
 46%|████▌     | 286/622 [45:57<54:31,  9.74s/it]
 46%|████▌     | 287/622 [46:08<56:50, 10.18s/it]
 46%|████▋     | 288/622 [46:17<53:40,  9.64s/it]
 46%|████▋     | 289/622 [46:27<53:36,  9.66s/it]
 47%|████▋     | 290/622 [46:36<53:08,  9.60s/it]
 47%|████▋     | 291/622 [46:45<51:50,  9.40s/it]
 47%|████▋     | 292/622 [46:55<52:12,  9.49s/it]
 47%|████▋     | 293/622 [47:03<49:50,  9.09s/it]
 47%|████▋     | 294/622 [47:12<49:33,  9.07s/it]
 47%|████▋     | 295/622 [47:22<50:55,  9.34s/it]
 48%|████▊     | 296/622 [47:31<50:54,  9.37s/it]
 48%|████▊     | 297/622 [47:41<51:04,  9.43s/it]
 48%|████▊     | 298/622 [47:51<51:27,  9.53s/it]
 48%|████▊     | 299/622 [48:01<52:54,  9.83s/it]
 48%|████▊     | 300/622 [48:10<51:34,  9.61s/it]
                                                 

 48%|████▊     | 300/622 [48:11<51:34,  9.61s/it]
 48%|████▊     | 301/622 [48:19<49:27,  9.25s/it]
 49%|████▊     | 302/622 [48:28<49:02,  9.20s/it]
 49%|████▊     | 303/622 [48:37<48:41,  9.16s/it]
 49%|████▉     | 304/622 [48:46<48:34,  9.17s/it]
 49%|████▉     | 305/622 [48:56<49:40,  9.40s/it]
 49%|████▉     | 306/622 [49:07<52:01,  9.88s/it]
 49%|████▉     | 307/622 [49:16<51:17,  9.77s/it]
 50%|████▉     | 308/622 [49:26<51:24,  9.82s/it]
 50%|████▉     | 309/622 [49:36<50:36,  9.70s/it]
 50%|████▉     | 310/622 [49:45<49:40,  9.55s/it]
 50%|█████     | 311/622 [49:55<50:24,  9.73s/it]{'loss': '179.9', 'grad_norm': '296.1', 'learning_rate': '3.016e-05', 'epoch': '0.06433'}
{'loss': '71.19', 'grad_norm': '188.1', 'learning_rate': '6.19e-05', 'epoch': '0.1287'}
{'loss': '26.28', 'grad_norm': '102.3', 'learning_rate': '9.365e-05', 'epoch': '0.193'}
{'loss': '24.23', 'grad_norm': '17.8', 'learning_rate': '9.714e-05', 'epoch': '0.2573'}
{'loss': '22.92', 'grad_norm': '20.99', 'learning_rate': '9.356e-05', 'epoch': '0.3217'}
{'loss': '19.73', 'grad_norm': '22.15', 'learning_rate': '8.998e-05', 'epoch': '0.386'}
{'loss': '13.33', 'grad_norm': '21.72', 'learning_rate': '8.64e-05', 'epoch': '0.4503'}
{'loss': '8.676', 'grad_norm': '37.48', 'learning_rate': '8.283e-05', 'epoch': '0.5147'}
{'loss': '7.543', 'grad_norm': '37.61', 'learning_rate': '7.925e-05', 'epoch': '0.579'}
{'loss': '6.743', 'grad_norm': '18.96', 'learning_rate': '7.567e-05', 'epoch': '0.6433'}
{'loss': '6.231', 'grad_norm': '17.94', 'learning_rate': '7.209e-05', 'epoch': '0.7077'}
{'loss': '6.374', 'grad_norm': '17.74', 'learning_rate': '6.852e-05', 'epoch': '0.772'}
{'loss': '5.479', 'grad_norm': '16.65', 'learning_rate': '6.494e-05', 'epoch': '0.8363'}
{'loss': '5.492', 'grad_norm': '12.82', 'learning_rate': '6.136e-05', 'epoch': '0.9007'}
{'loss': '5.435', 'grad_norm': '25.07', 'learning_rate': '5.778e-05', 'epoch': '0.965'}


  0%|          | 0/247 [00:00<?, ?it/s][A

  1%|          | 2/247 [00:00<00:35,  6.84it/s][A

  1%|          | 3/247 [00:00<00:41,  5.88it/s][A

  2%|▏         | 4/247 [00:00<00:49,  4.95it/s][A

  2%|▏         | 5/247 [00:01<00:56,  4.30it/s][A

  2%|▏         | 6/247 [00:01<00:52,  4.58it/s][A

  3%|▎         | 7/247 [00:01<00:58,  4.11it/s][A

  3%|▎         | 8/247 [00:01<01:04,  3.73it/s][A

  4%|▎         | 9/247 [00:02<01:05,  3.62it/s][A

  4%|▍         | 10/247 [00:02<01:08,  3.46it/s][A

  4%|▍         | 11/247 [00:02<01:04,  3.68it/s][A

  5%|▍         | 12/247 [00:03<01:08,  3.45it/s][A

  5%|▌         | 13/247 [00:03<01:10,  3.34it/s][A

  6%|▌         | 14/247 [00:03<01:06,  3.49it/s][A

  6%|▌         | 15/247 [00:03<01:05,  3.52it/s][A

  6%|▋         | 16/247 [00:04<01:12,  3.17it/s][A

  7%|▋         | 17/247 [00:04<01:06,  3.48it/s][A

  7%|▋         | 18/247 [00:04<01:02,  3.64it/s][A

  8%|▊         | 19/247 [00:05<01:06,  3.41it/s][A

  8%|▊         | 20/247 [00:05<01:11,  3.17it/s][A

  9%|▊         | 21/247 [00:05<01:08,  3.31it/s][A

  9%|▉         | 22/247 [00:06<01:16,  2.95it/s][A

  9%|▉         | 23/247 [00:06<01:10,  3.17it/s][A

 10%|▉         | 24/247 [00:06<01:11,  3.11it/s][A

 10%|█         | 25/247 [00:06<01:03,  3.52it/s][A

 11%|█         | 26/247 [00:07<01:00,  3.63it/s][A

 11%|█         | 27/247 [00:07<00:57,  3.86it/s][A

 11%|█▏        | 28/247 [00:07<00:58,  3.75it/s][A

 12%|█▏        | 29/247 [00:07<00:55,  3.93it/s][A

 12%|█▏        | 30/247 [00:08<00:52,  4.15it/s][A

 13%|█▎        | 31/247 [00:08<00:54,  3.93it/s][A

 13%|█▎        | 32/247 [00:08<00:50,  4.28it/s][A

 13%|█▎        | 33/247 [00:08<00:57,  3.74it/s][A

 14%|█▍        | 34/247 [00:09<00:53,  4.00it/s][A

 14%|█▍        | 35/247 [00:09<00:51,  4.12it/s][A

 15%|█▍        | 36/247 [00:09<00:59,  3.52it/s][A

 15%|█▍        | 37/247 [00:09<00:55,  3.79it/s][A

 15%|█▌        | 38/247 [00:10<00:59,  3.51it/s][A

 16%|█▌        | 39/247 [00:10<01:03,  3.26it/s][A

 16%|█▌        | 40/247 [00:10<01:00,  3.42it/s][A

 17%|█▋        | 41/247 [00:11<00:58,  3.53it/s][A

 17%|█▋        | 42/247 [00:11<00:58,  3.48it/s][A

 17%|█▋        | 43/247 [00:11<01:03,  3.21it/s][A

 18%|█▊        | 44/247 [00:12<01:05,  3.08it/s][A

 18%|█▊        | 45/247 [00:12<01:06,  3.04it/s][A

 19%|█▊        | 46/247 [00:12<01:02,  3.20it/s][A

 19%|█▉        | 47/247 [00:13<00:54,  3.67it/s][A

 19%|█▉        | 48/247 [00:13<00:47,  4.20it/s][A

 20%|█▉        | 49/247 [00:13<00:53,  3.72it/s][A

 20%|██        | 50/247 [00:14<01:17,  2.53it/s][A

 21%|██        | 51/247 [00:14<01:08,  2.87it/s][A

 21%|██        | 52/247 [00:14<01:05,  2.98it/s][A

 21%|██▏       | 53/247 [00:15<01:13,  2.66it/s][A

 22%|██▏       | 54/247 [00:15<01:16,  2.52it/s][A

 22%|██▏       | 55/247 [00:15<01:08,  2.81it/s][A

 23%|██▎       | 56/247 [00:16<01:11,  2.67it/s][A

 23%|██▎       | 57/247 [00:16<01:02,  3.06it/s][A

 23%|██▎       | 58/247 [00:16<00:59,  3.15it/s][A

 24%|██▍       | 59/247 [00:17<01:00,  3.10it/s][A

 24%|██▍       | 60/247 [00:17<00:58,  3.18it/s][A

 25%|██▍       | 61/247 [00:17<00:52,  3.55it/s][A

 25%|██▌       | 62/247 [00:17<00:50,  3.67it/s][A

 26%|██▌       | 63/247 [00:18<00:47,  3.87it/s][A

 26%|██▌       | 64/247 [00:18<00:49,  3.67it/s][A

 26%|██▋       | 65/247 [00:18<00:45,  4.01it/s][A

 27%|██▋       | 66/247 [00:18<00:45,  4.01it/s][A

 27%|██▋       | 67/247 [00:19<00:52,  3.44it/s][A

 28%|██▊       | 68/247 [00:19<00:58,  3.07it/s][A

 28%|██▊       | 69/247 [00:20<00:59,  2.97it/s][A

 28%|██▊       | 70/247 [00:20<01:00,  2.91it/s][A

 29%|██▊       | 71/247 [00:20<01:01,  2.85it/s][A

 29%|██▉       | 72/247 [00:21<01:02,  2.82it/s][A

 30%|██▉       | 73/247 [00:21<01:09,  2.51it/s][A

 30%|██▉       | 74/247 [00:21<01:02,  2.76it/s][A

 30%|███       | 75/247 [00:22<01:03,  2.72it/s][A

 31%|███       | 76/247 [00:22<01:02,  2.75it/s][A

 31%|███       | 77/247 [00:22<00:53,  3.16it/s][A

 32%|███▏      | 78/247 [00:23<00:48,  3.46it/s][A

 32%|███▏      | 79/247 [00:23<00:49,  3.37it/s][A

 32%|███▏      | 80/247 [00:23<00:49,  3.40it/s][A

 33%|███▎      | 81/247 [00:23<00:44,  3.70it/s][A

 33%|███▎      | 82/247 [00:24<00:42,  3.86it/s][A

 34%|███▎      | 83/247 [00:24<00:37,  4.37it/s][A

 34%|███▍      | 84/247 [00:24<00:41,  3.93it/s][A

 34%|███▍      | 85/247 [00:24<00:47,  3.43it/s][A

 35%|███▍      | 86/247 [00:25<00:43,  3.69it/s][A

 35%|███▌      | 87/247 [00:25<00:51,  3.09it/s][A

 36%|███▌      | 88/247 [00:25<00:50,  3.12it/s][A

 36%|███▌      | 89/247 [00:26<00:52,  3.02it/s][A

 36%|███▋      | 90/247 [00:26<00:48,  3.21it/s][A

 37%|███▋      | 91/247 [00:26<00:49,  3.16it/s][A

 37%|███▋      | 92/247 [00:27<00:44,  3.52it/s][A

 38%|███▊      | 93/247 [00:27<00:41,  3.70it/s][A

 38%|███▊      | 94/247 [00:27<00:51,  2.99it/s][A

 38%|███▊      | 95/247 [00:28<00:48,  3.11it/s][A

 39%|███▉      | 96/247 [00:28<00:53,  2.84it/s][A

 39%|███▉      | 97/247 [00:28<00:54,  2.78it/s][A

 40%|███▉      | 98/247 [00:29<01:14,  1.99it/s][A

 40%|████      | 99/247 [00:30<01:04,  2.31it/s][A

 40%|████      | 100/247 [00:30<01:04,  2.28it/s][A

 41%|████      | 101/247 [00:30<00:51,  2.82it/s][A

 41%|████▏     | 102/247 [00:30<00:49,  2.95it/s][A

 42%|████▏     | 103/247 [00:31<00:53,  2.69it/s][A

 42%|████▏     | 104/247 [00:31<00:46,  3.06it/s][A

 43%|████▎     | 105/247 [00:31<00:47,  2.98it/s][A

 43%|████▎     | 106/247 [00:32<00:47,  2.99it/s][A

 43%|████▎     | 107/247 [00:32<00:43,  3.23it/s][A

 44%|████▎     | 108/247 [00:32<00:46,  3.00it/s][A

 44%|████▍     | 109/247 [00:33<00:45,  3.06it/s][A

 45%|████▍     | 110/247 [00:33<00:49,  2.76it/s][A

 45%|████▍     | 111/247 [00:34<00:46,  2.95it/s][A

 45%|████▌     | 112/247 [00:34<00:46,  2.93it/s][A

 46%|████▌     | 113/247 [00:34<00:45,  2.95it/s][A

 46%|████▌     | 114/247 [00:34<00:41,  3.23it/s][A

 47%|████▋     | 115/247 [00:35<00:40,  3.29it/s][A

 47%|████▋     | 116/247 [00:35<00:43,  3.04it/s][A

 47%|████▋     | 117/247 [00:35<00:38,  3.35it/s][A

 48%|████▊     | 118/247 [00:36<00:37,  3.45it/s][A

 48%|████▊     | 119/247 [00:36<00:34,  3.67it/s][A

 49%|████▊     | 120/247 [00:36<00:37,  3.42it/s][A

 49%|████▉     | 121/247 [00:36<00:36,  3.49it/s][A

 49%|████▉     | 122/247 [00:37<00:32,  3.81it/s][A

 50%|████▉     | 123/247 [00:37<00:29,  4.23it/s][A

 50%|█████     | 124/247 [00:37<00:31,  3.86it/s][A

 51%|█████     | 125/247 [00:37<00:28,  4.29it/s][A

 51%|█████     | 126/247 [00:37<00:26,  4.59it/s][A

 51%|█████▏    | 127/247 [00:38<00:26,  4.58it/s][A

 52%|█████▏    | 128/247 [00:38<00:27,  4.39it/s][A

 52%|█████▏    | 129/247 [00:38<00:26,  4.42it/s][A

 53%|█████▎    | 130/247 [00:38<00:28,  4.04it/s][A

 53%|█████▎    | 131/247 [00:39<00:27,  4.19it/s][A

 53%|█████▎    | 132/247 [00:39<00:32,  3.59it/s][A

 54%|█████▍    | 133/247 [00:39<00:29,  3.84it/s][A

 54%|█████▍    | 134/247 [00:40<00:37,  2.99it/s][A

 55%|█████▍    | 135/247 [00:40<00:38,  2.94it/s][A

 55%|█████▌    | 136/247 [00:40<00:37,  2.98it/s][A

 55%|█████▌    | 137/247 [00:41<00:35,  3.13it/s][A

 56%|█████▌    | 138/247 [00:41<00:32,  3.40it/s][A

 56%|█████▋    | 139/247 [00:41<00:29,  3.64it/s][A

 57%|█████▋    | 140/247 [00:42<00:30,  3.51it/s][A

 57%|█████▋    | 141/247 [00:42<00:27,  3.86it/s][A

 57%|█████▋    | 142/247 [00:42<00:33,  3.17it/s][A

 58%|█████▊    | 143/247 [00:43<00:33,  3.12it/s][A

 58%|█████▊    | 144/247 [00:43<00:31,  3.24it/s][A

 59%|█████▊    | 145/247 [00:43<00:31,  3.23it/s][A

 59%|█████▉    | 146/247 [00:43<00:33,  3.04it/s][A

 60%|█████▉    | 147/247 [00:44<00:31,  3.19it/s][A

 60%|█████▉    | 148/247 [00:44<00:27,  3.67it/s][A

 60%|██████    | 149/247 [00:44<00:25,  3.90it/s][A

 61%|██████    | 150/247 [00:44<00:27,  3.57it/s][A

 61%|██████    | 151/247 [00:45<00:28,  3.38it/s][A

 62%|██████▏   | 152/247 [00:45<00:27,  3.49it/s][A

 62%|██████▏   | 153/247 [00:45<00:26,  3.56it/s][A

 62%|██████▏   | 154/247 [00:46<00:23,  3.97it/s][A

 63%|██████▎   | 155/247 [00:46<00:21,  4.27it/s][A

 63%|██████▎   | 156/247 [00:46<00:24,  3.67it/s][A

 64%|██████▎   | 157/247 [00:47<00:31,  2.82it/s][A

 64%|██████▍   | 158/247 [00:47<00:26,  3.36it/s][A

 64%|██████▍   | 159/247 [00:47<00:30,  2.87it/s][A

 65%|██████▍   | 160/247 [00:47<00:27,  3.20it/s][A

 65%|██████▌   | 161/247 [00:48<00:27,  3.13it/s][A

 66%|██████▌   | 162/247 [00:48<00:25,  3.30it/s][A

 66%|██████▌   | 163/247 [00:48<00:23,  3.56it/s][A

 66%|██████▋   | 164/247 [00:49<00:21,  3.79it/s][A

 67%|██████▋   | 165/247 [00:49<00:20,  4.02it/s][A

 67%|██████▋   | 166/247 [00:49<00:19,  4.20it/s][A

 68%|██████▊   | 167/247 [00:49<00:21,  3.72it/s][A

 68%|██████▊   | 168/247 [00:50<00:19,  4.04it/s][A

 68%|██████▊   | 169/247 [00:50<00:23,  3.38it/s][A

 69%|██████▉   | 170/247 [00:50<00:25,  3.01it/s][A

 69%|██████▉   | 171/247 [00:51<00:24,  3.06it/s][A

 70%|██████▉   | 172/247 [00:51<00:21,  3.51it/s][A

 70%|███████   | 173/247 [00:51<00:22,  3.36it/s][A

 70%|███████   | 174/247 [00:51<00:21,  3.40it/s][A

 71%|███████   | 175/247 [00:52<00:24,  2.94it/s][A

 71%|███████▏  | 176/247 [00:52<00:23,  3.07it/s][A

 72%|███████▏  | 177/247 [00:52<00:19,  3.51it/s][A

 72%|███████▏  | 178/247 [00:53<00:18,  3.71it/s][A

 72%|███████▏  | 179/247 [00:53<00:19,  3.51it/s][A

 73%|███████▎  | 180/247 [00:53<00:17,  3.78it/s][A

 73%|███████▎  | 181/247 [00:53<00:17,  3.73it/s][A

 74%|███████▎  | 182/247 [00:54<00:17,  3.81it/s][A

 74%|███████▍  | 183/247 [00:54<00:15,  4.16it/s][A

 74%|███████▍  | 184/247 [00:54<00:15,  4.05it/s][A

 75%|███████▍  | 185/247 [00:54<00:16,  3.66it/s][A

 75%|███████▌  | 186/247 [00:55<00:17,  3.45it/s][A

 76%|███████▌  | 187/247 [00:55<00:18,  3.16it/s][A

 76%|███████▌  | 188/247 [00:55<00:17,  3.47it/s][A

 77%|███████▋  | 189/247 [00:56<00:15,  3.84it/s][A

 77%|███████▋  | 190/247 [00:56<00:15,  3.78it/s][A

 77%|███████▋  | 191/247 [00:56<00:13,  4.03it/s][A

 78%|███████▊  | 192/247 [00:56<00:14,  3.83it/s][A

 78%|███████▊  | 193/247 [00:57<00:16,  3.30it/s][A

 79%|███████▊  | 194/247 [00:57<00:16,  3.19it/s][A

 79%|███████▉  | 195/247 [00:57<00:15,  3.45it/s][A

 79%|███████▉  | 196/247 [00:58<00:14,  3.43it/s][A

 80%|███████▉  | 197/247 [00:58<00:17,  2.90it/s][A

 80%|████████  | 198/247 [00:59<00:20,  2.36it/s][A

 81%|████████  | 199/247 [00:59<00:20,  2.37it/s][A

 81%|████████  | 200/247 [00:59<00:18,  2.61it/s][A

 81%|████████▏ | 201/247 [01:00<00:16,  2.72it/s][A

 82%|████████▏ | 202/247 [01:00<00:18,  2.48it/s][A

 82%|████████▏ | 203/247 [01:01<00:16,  2.65it/s][A

 83%|████████▎ | 204/247 [01:01<00:16,  2.61it/s][A

 83%|████████▎ | 205/247 [01:01<00:14,  2.93it/s][A

 83%|████████▎ | 206/247 [01:02<00:13,  3.02it/s][A

 84%|████████▍ | 207/247 [01:02<00:12,  3.21it/s][A

 84%|████████▍ | 208/247 [01:02<00:12,  3.20it/s][A

 85%|████████▍ | 209/247 [01:02<00:11,  3.38it/s][A

 85%|████████▌ | 210/247 [01:03<00:11,  3.30it/s][A

 85%|████████▌ | 211/247 [01:03<00:11,  3.21it/s][A

 86%|████████▌ | 212/247 [01:03<00:09,  3.59it/s][A

 86%|████████▌ | 213/247 [01:03<00:09,  3.66it/s][A

 87%|████████▋ | 214/247 [01:04<00:10,  3.13it/s][A

 87%|████████▋ | 215/247 [01:04<00:09,  3.49it/s][A

 87%|████████▋ | 216/247 [01:05<00:10,  2.87it/s][A

 88%|████████▊ | 217/247 [01:05<00:11,  2.70it/s][A

 88%|████████▊ | 218/247 [01:05<00:10,  2.64it/s][A

 89%|████████▊ | 219/247 [01:06<00:10,  2.59it/s][A

 89%|████████▉ | 220/247 [01:06<00:10,  2.49it/s][A

 89%|████████▉ | 221/247 [01:07<00:10,  2.43it/s][A

 90%|████████▉ | 222/247 [01:07<00:09,  2.58it/s][A

 90%|█████████ | 223/247 [01:07<00:09,  2.60it/s][A

 91%|█████████ | 224/247 [01:08<00:08,  2.75it/s][A

 91%|█████████ | 225/247 [01:08<00:07,  2.84it/s][A

 91%|█████████▏| 226/247 [01:08<00:06,  3.11it/s][A

 92%|█████████▏| 227/247 [01:09<00:05,  3.45it/s][A

 92%|█████████▏| 228/247 [01:09<00:05,  3.80it/s][A

 93%|█████████▎| 229/247 [01:09<00:05,  3.04it/s][A

 93%|█████████▎| 230/247 [01:10<00:05,  2.97it/s][A

 94%|█████████▎| 231/247 [01:10<00:05,  2.88it/s][A

 94%|█████████▍| 232/247 [01:10<00:05,  2.83it/s][A

 94%|█████████▍| 233/247 [01:11<00:04,  2.92it/s][A

 95%|█████████▍| 234/247 [01:11<00:04,  2.83it/s][A

 95%|█████████▌| 235/247 [01:12<00:04,  2.46it/s][A

 96%|█████████▌| 236/247 [01:12<00:04,  2.67it/s][A

 96%|█████████▌| 237/247 [01:12<00:03,  3.07it/s][A

 96%|█████████▋| 238/247 [01:12<00:02,  3.18it/s][A

 97%|█████████▋| 239/247 [01:13<00:02,  3.14it/s][A

 97%|█████████▋| 240/247 [01:13<00:02,  2.92it/s][A

 98%|█████████▊| 241/247 [01:13<00:01,  3.01it/s][A

 98%|█████████▊| 242/247 [01:14<00:01,  3.43it/s][A

 98%|█████████▊| 243/247 [01:14<00:01,  3.67it/s][A

 99%|█████████▉| 244/247 [01:14<00:00,  3.84it/s][A

 99%|█████████▉| 245/247 [01:14<00:00,  3.63it/s][A

100%|█████████▉| 246/247 [01:15<00:00,  1.88it/s][A

100%|██████████| 247/247 [01:16<00:00,  1.83it/s][A
                                                 


                                                 
[A
 50%|█████     | 311/622 [51:13<50:24,  9.73s/it]

100%|██████████| 247/247 [01:16<00:00,  1.83it/s][A

                                                 [A{'eval_loss': '0.4693', 'eval_wer': '0.765', 'eval_cer': '0.1794', 'eval_runtime': '77.47', 'eval_samples_per_second': '6.364', 'eval_steps_per_second': '3.188', 'epoch': '1'}


Writing model shards:   0%|          | 0/1 [00:00<?, ?it/s][A

Writing model shards: 100%|██████████| 1/1 [00:02<00:00,  2.12s/it][A
Writing model shards: 100%|██████████| 1/1 [00:02<00:00,  2.12s/it]
/Users/mulisamusehane/Documents/GitHub/MultilingualASR/.venv/lib/python3.12/site-packages/torch/utils/data/dataloader.py:759: UserWarning: 'pin_memory' argument is set as true but not supported on MPS now, device pinned memory won't be used.
  super().__init__(loader)

 50%|█████     | 312/622 [51:34<3:08:50, 36.55s/it]
 50%|█████     | 313/622 [51:45<2:27:52, 28.71s/it]
 50%|█████     | 314/622 [51:53<1:56:34, 22.71s/it]
 51%|█████     | 315/622 [52:02<1:34:19, 18.44s/it]
 51%|█████     | 316/622 [52:12<1:21:05, 15.90s/it]
 51%|█████     | 317/622 [52:22<1:11:39, 14.10s/it]
 51%|█████     | 318/622 [52:32<1:05:49, 12.99s/it]
 51%|█████▏    | 319/622 [52:41<58:49, 11.65s/it]  
 51%|█████▏    | 320/622 [52:50<54:40, 10.86s/it]
                                                 

 51%|█████▏    | 320/622 [52:50<54:40, 10.86s/it]
 52%|█████▏    | 321/622 [53:00<53:31, 10.67s/it]
 52%|█████▏    | 322/622 [53:12<55:56, 11.19s/it]
 52%|█████▏    | 323/622 [53:22<53:12, 10.68s/it]
 52%|█████▏    | 324/622 [53:32<52:07, 10.49s/it]
 52%|█████▏    | 325/622 [53:44<54:52, 11.09s/it]
 52%|█████▏    | 326/622 [53:55<54:23, 11.03s/it]
 53%|█████▎    | 327/622 [54:06<53:19, 10.85s/it]
 53%|█████▎    | 328/622 [54:14<49:58, 10.20s/it]
 53%|█████▎    | 329/622 [54:26<52:18, 10.71s/it]
 53%|█████▎    | 330/622 [54:35<48:50, 10.04s/it]
 53%|█████▎    | 331/622 [54:46<50:05, 10.33s/it]
 53%|█████▎    | 332/622 [54:56<49:24, 10.22s/it]
 54%|█████▎    | 333/622 [55:05<47:32,  9.87s/it]
 54%|█████▎    | 334/622 [55:14<46:26,  9.68s/it]
 54%|█████▍    | 335/622 [55:22<44:28,  9.30s/it]
 54%|█████▍    | 336/622 [55:31<43:50,  9.20s/it]
 54%|█████▍    | 337/622 [55:41<44:22,  9.34s/it]
 54%|█████▍    | 338/622 [55:49<43:04,  9.10s/it]
 55%|█████▍    | 339/622 [55:59<43:51,  9.30s/it]
 55%|█████▍    | 340/622 [56:08<43:26,  9.24s/it]
                                                 

 55%|█████▍    | 340/622 [56:09<43:26,  9.24s/it]
 55%|█████▍    | 341/622 [56:19<45:16,  9.67s/it]
 55%|█████▍    | 342/622 [56:29<45:51,  9.83s/it]
 55%|█████▌    | 343/622 [56:39<46:14,  9.95s/it]
 55%|█████▌    | 344/622 [56:48<44:49,  9.67s/it]
 55%|█████▌    | 345/622 [56:58<44:18,  9.60s/it]
 56%|█████▌    | 346/622 [57:06<42:28,  9.23s/it]
 56%|█████▌    | 347/622 [57:16<42:47,  9.33s/it]
 56%|█████▌    | 348/622 [57:27<44:33,  9.76s/it]
 56%|█████▌    | 349/622 [57:37<45:54, 10.09s/it]
 56%|█████▋    | 350/622 [57:47<45:26, 10.02s/it]
 56%|█████▋    | 351/622 [57:57<44:28,  9.85s/it]
 57%|█████▋    | 352/622 [58:07<45:15, 10.06s/it]
 57%|█████▋    | 353/622 [58:16<43:01,  9.60s/it]
 57%|█████▋    | 354/622 [58:26<43:30,  9.74s/it]
 57%|█████▋    | 355/622 [58:35<42:03,  9.45s/it]
 57%|█████▋    | 356/622 [58:44<41:58,  9.47s/it]
 57%|█████▋    | 357/622 [58:54<41:57,  9.50s/it]
 58%|█████▊    | 358/622 [59:02<40:26,  9.19s/it]
 58%|█████▊    | 359/622 [59:11<39:10,  8.94s/it]
 58%|█████▊    | 360/622 [59:19<38:52,  8.90s/it]
                                                 

 58%|█████▊    | 360/622 [59:20<38:52,  8.90s/it]
 58%|█████▊    | 361/622 [59:29<40:00,  9.20s/it]
 58%|█████▊    | 362/622 [59:39<40:10,  9.27s/it]
 58%|█████▊    | 363/622 [59:48<40:09,  9.30s/it]
 59%|█████▊    | 364/622 [59:59<41:37,  9.68s/it]
 59%|█████▊    | 365/622 [1:00:08<41:34,  9.71s/it]
 59%|█████▉    | 366/622 [1:00:18<40:56,  9.60s/it]
 59%|█████▉    | 367/622 [1:00:28<41:24,  9.74s/it]
 59%|█████▉    | 368/622 [1:00:38<41:25,  9.79s/it]
 59%|█████▉    | 369/622 [1:00:45<37:44,  8.95s/it]
 59%|█████▉    | 370/622 [1:00:53<36:13,  8.63s/it]
 60%|█████▉    | 371/622 [1:01:03<38:45,  9.27s/it]
 60%|█████▉    | 372/622 [1:01:13<39:05,  9.38s/it]
 60%|█████▉    | 373/622 [1:01:24<40:29,  9.76s/it]
 60%|██████    | 374/622 [1:01:33<40:07,  9.71s/it]
 60%|██████    | 375/622 [1:01:43<40:26,  9.82s/it]
 60%|██████    | 376/622 [1:01:54<40:58,  9.99s/it]
 61%|██████    | 377/622 [1:02:05<42:27, 10.40s/it]
 61%|██████    | 378/622 [1:02:18<44:52, 11.03s/it]
 61%|██████    | 379/622 [1:02:29<45:07, 11.14s/it]
 61%|██████    | 380/622 [1:02:39<43:11, 10.71s/it]
                                                   

 61%|██████    | 380/622 [1:02:39<43:11, 10.71s/it]
 61%|██████▏   | 381/622 [1:02:49<42:12, 10.51s/it]
 61%|██████▏   | 382/622 [1:02:57<39:38,  9.91s/it]
 62%|██████▏   | 383/622 [1:03:07<39:44,  9.98s/it]
 62%|██████▏   | 384/622 [1:03:17<39:32,  9.97s/it]
 62%|██████▏   | 385/622 [1:03:27<39:12,  9.92s/it]
 62%|██████▏   | 386/622 [1:03:36<38:03,  9.67s/it]
 62%|██████▏   | 387/622 [1:03:46<38:05,  9.72s/it]
 62%|██████▏   | 388/622 [1:03:55<37:04,  9.51s/it]
 63%|██████▎   | 389/622 [1:04:06<38:53, 10.01s/it]
 63%|██████▎   | 390/622 [1:04:13<35:25,  9.16s/it]
 63%|██████▎   | 391/622 [1:04:25<37:29,  9.74s/it]
 63%|██████▎   | 392/622 [1:04:35<38:15,  9.98s/it]
 63%|██████▎   | 393/622 [1:04:43<35:29,  9.30s/it]
 63%|██████▎   | 394/622 [1:04:52<35:46,  9.41s/it]
 64%|██████▎   | 395/622 [1:05:03<37:11,  9.83s/it]
 64%|██████▎   | 396/622 [1:05:12<35:55,  9.54s/it]
 64%|██████▍   | 397/622 [1:05:22<36:22,  9.70s/it]
 64%|██████▍   | 398/622 [1:05:29<33:11,  8.89s/it]
 64%|██████▍   | 399/622 [1:05:39<34:34,  9.30s/it]
 64%|██████▍   | 400/622 [1:05:49<34:15,  9.26s/it]
                                                   

 64%|██████▍   | 400/622 [1:05:49<34:15,  9.26s/it]
 64%|██████▍   | 401/622 [1:06:04<40:17, 10.94s/it]
 65%|██████▍   | 402/622 [1:06:15<40:46, 11.12s/it]
 65%|██████▍   | 403/622 [1:06:27<41:30, 11.37s/it]
 65%|██████▍   | 404/622 [1:06:38<40:52, 11.25s/it]
 65%|██████▌   | 405/622 [1:06:48<39:44, 10.99s/it]
 65%|██████▌   | 406/622 [1:07:02<42:19, 11.76s/it]
 65%|██████▌   | 407/622 [1:07:13<41:49, 11.67s/it]
 66%|██████▌   | 408/622 [1:07:23<39:55, 11.20s/it]
 66%|██████▌   | 409/622 [1:07:34<38:36, 10.88s/it]
 66%|██████▌   | 410/622 [1:07:43<36:45, 10.40s/it]
 66%|██████▌   | 411/622 [1:07:54<37:05, 10.55s/it]
 66%|██████▌   | 412/622 [1:08:07<39:49, 11.38s/it]
 66%|██████▋   | 413/622 [1:08:24<45:08, 12.96s/it]
 67%|██████▋   | 414/622 [1:08:36<44:15, 12.77s/it]
 67%|██████▋   | 415/622 [1:08:48<42:51, 12.42s/it]
 67%|██████▋   | 416/622 [1:08:59<41:23, 12.06s/it]
 67%|██████▋   | 417/622 [1:09:08<38:34, 11.29s/it]
 67%|██████▋   | 418/622 [1:09:20<38:39, 11.37s/it]
 67%|██████▋   | 419/622 [1:09:30<36:38, 10.83s/it]
 68%|██████▊   | 420/622 [1:09:40<36:01, 10.70s/it]
                                                   

 68%|██████▊   | 420/622 [1:09:41<36:01, 10.70s/it]
 68%|██████▊   | 421/622 [1:09:50<34:56, 10.43s/it]
 68%|██████▊   | 422/622 [1:10:02<36:29, 10.95s/it]
 68%|██████▊   | 423/622 [1:10:12<35:30, 10.71s/it]
 68%|██████▊   | 424/622 [1:10:29<41:49, 12.67s/it]
 68%|██████▊   | 425/622 [1:10:40<39:58, 12.17s/it]
 68%|██████▊   | 426/622 [1:10:51<38:31, 11.79s/it]
 69%|██████▊   | 427/622 [1:11:04<39:18, 12.09s/it]
 69%|██████▉   | 428/622 [1:11:19<42:08, 13.03s/it]
 69%|██████▉   | 429/622 [1:11:29<38:31, 11.97s/it]
 69%|██████▉   | 430/622 [1:11:38<35:27, 11.08s/it]
 69%|██████▉   | 431/622 [1:11:50<36:17, 11.40s/it]
 69%|██████▉   | 432/622 [1:11:58<33:26, 10.56s/it]
 70%|██████▉   | 433/622 [1:12:07<31:34, 10.03s/it]
 70%|██████▉   | 434/622 [1:12:19<32:47, 10.46s/it]
 70%|██████▉   | 435/622 [1:12:30<33:32, 10.76s/it]
 70%|███████   | 436/622 [1:12:42<33:54, 10.94s/it]
 70%|███████   | 437/622 [1:12:53<34:08, 11.07s/it]
 70%|███████   | 438/622 [1:13:05<34:49, 11.36s/it]
 71%|███████   | 439/622 [1:13:15<33:51, 11.10s/it]
 71%|███████   | 440/622 [1:13:26<33:33, 11.06s/it]
                                                   

 71%|███████   | 440/622 [1:13:27<33:33, 11.06s/it]
 71%|███████   | 441/622 [1:13:36<31:37, 10.48s/it]
 71%|███████   | 442/622 [1:13:46<30:59, 10.33s/it]
 71%|███████   | 443/622 [1:13:57<31:47, 10.66s/it]
 71%|███████▏  | 444/622 [1:14:07<30:45, 10.37s/it]
 72%|███████▏  | 445/622 [1:14:16<30:05, 10.20s/it]
 72%|███████▏  | 446/622 [1:14:26<29:37, 10.10s/it]
 72%|███████▏  | 447/622 [1:14:37<29:37, 10.16s/it]
 72%|███████▏  | 448/622 [1:14:46<29:12, 10.07s/it]
 72%|███████▏  | 449/622 [1:14:56<28:45,  9.97s/it]
 72%|███████▏  | 450/622 [1:15:06<28:31,  9.95s/it]
 73%|███████▎  | 451/622 [1:15:15<27:13,  9.55s/it]
 73%|███████▎  | 452/622 [1:15:28<30:04, 10.62s/it]
 73%|███████▎  | 453/622 [1:15:39<30:36, 10.87s/it]
 73%|███████▎  | 454/622 [1:15:50<29:54, 10.68s/it]
 73%|███████▎  | 455/622 [1:15:59<29:04, 10.45s/it]
 73%|███████▎  | 456/622 [1:16:09<28:13, 10.20s/it]
 73%|███████▎  | 457/622 [1:16:17<26:14,  9.54s/it]
 74%|███████▎  | 458/622 [1:16:31<29:39, 10.85s/it]
 74%|███████▍  | 459/622 [1:16:42<29:26, 10.84s/it]
 74%|███████▍  | 460/622 [1:16:53<29:16, 10.85s/it]
                                                   

 74%|███████▍  | 460/622 [1:16:53<29:16, 10.85s/it]
 74%|███████▍  | 461/622 [1:17:03<28:51, 10.76s/it]
 74%|███████▍  | 462/622 [1:17:12<27:27, 10.30s/it]
 74%|███████▍  | 463/622 [1:17:21<26:13,  9.89s/it]
 75%|███████▍  | 464/622 [1:17:32<26:42, 10.14s/it]
 75%|███████▍  | 465/622 [1:17:40<25:03,  9.58s/it]
 75%|███████▍  | 466/622 [1:17:49<24:19,  9.36s/it]
 75%|███████▌  | 467/622 [1:18:00<24:58,  9.66s/it]
 75%|███████▌  | 468/622 [1:18:10<25:39, 10.00s/it]
 75%|███████▌  | 469/622 [1:18:19<24:24,  9.57s/it]
 76%|███████▌  | 470/622 [1:18:30<25:22, 10.02s/it]
 76%|███████▌  | 471/622 [1:18:40<25:00,  9.94s/it]
 76%|███████▌  | 472/622 [1:18:50<25:23, 10.16s/it]
 76%|███████▌  | 473/622 [1:19:01<25:27, 10.25s/it]
 76%|███████▌  | 474/622 [1:19:13<26:44, 10.84s/it]
 76%|███████▋  | 475/622 [1:19:24<26:31, 10.82s/it]
 77%|███████▋  | 476/622 [1:19:35<26:50, 11.03s/it]
 77%|███████▋  | 477/622 [1:19:46<26:09, 10.83s/it]
 77%|███████▋  | 478/622 [1:19:55<25:01, 10.42s/it]
 77%|███████▋  | 479/622 [1:20:06<24:55, 10.46s/it]
 77%|███████▋  | 480/622 [1:20:16<24:43, 10.45s/it]
                                                   

 77%|███████▋  | 480/622 [1:20:17<24:43, 10.45s/it]
 77%|███████▋  | 481/622 [1:20:30<27:06, 11.54s/it]
 77%|███████▋  | 482/622 [1:20:41<26:11, 11.23s/it]
 78%|███████▊  | 483/622 [1:20:51<25:17, 10.92s/it]
 78%|███████▊  | 484/622 [1:21:01<24:24, 10.61s/it]
 78%|███████▊  | 485/622 [1:21:12<24:45, 10.84s/it]
 78%|███████▊  | 486/622 [1:21:22<23:55, 10.55s/it]
 78%|███████▊  | 487/622 [1:21:31<22:49, 10.14s/it]
 78%|███████▊  | 488/622 [1:21:41<22:37, 10.13s/it]
 79%|███████▊  | 489/622 [1:21:51<21:59,  9.92s/it]
 79%|███████▉  | 490/622 [1:22:00<21:19,  9.69s/it]
 79%|███████▉  | 491/622 [1:22:11<22:10, 10.16s/it]
 79%|███████▉  | 492/622 [1:22:22<22:21, 10.32s/it]
 79%|███████▉  | 493/622 [1:22:32<21:50, 10.16s/it]
 79%|███████▉  | 494/622 [1:22:41<21:15,  9.97s/it]
 80%|███████▉  | 495/622 [1:22:51<21:06,  9.97s/it]
 80%|███████▉  | 496/622 [1:23:00<20:08,  9.59s/it]
 80%|███████▉  | 497/622 [1:23:10<20:16,  9.73s/it]
 80%|████████  | 498/622 [1:23:23<22:21, 10.82s/it]
 80%|████████  | 499/622 [1:23:34<21:53, 10.68s/it]
 80%|████████  | 500/622 [1:23:43<21:05, 10.38s/it]
                                                   

 80%|████████  | 500/622 [1:23:44<21:05, 10.38s/it]
 81%|████████  | 501/622 [1:23:53<20:45, 10.29s/it]
 81%|████████  | 502/622 [1:24:02<19:50,  9.92s/it]
 81%|████████  | 503/622 [1:24:11<18:47,  9.48s/it]
 81%|████████  | 504/622 [1:24:22<19:30,  9.92s/it]
 81%|████████  | 505/622 [1:24:32<19:10,  9.84s/it]
 81%|████████▏ | 506/622 [1:24:42<19:29, 10.08s/it]
 82%|████████▏ | 507/622 [1:24:52<19:07,  9.98s/it]
 82%|████████▏ | 508/622 [1:25:02<18:50,  9.92s/it]
 82%|████████▏ | 509/622 [1:25:10<17:54,  9.51s/it]
 82%|████████▏ | 510/622 [1:25:21<18:11,  9.74s/it]
 82%|████████▏ | 511/622 [1:25:30<17:46,  9.61s/it]
 82%|████████▏ | 512/622 [1:25:41<18:39, 10.17s/it]
 82%|████████▏ | 513/622 [1:25:53<19:21, 10.66s/it]
 83%|████████▎ | 514/622 [1:26:02<18:18, 10.17s/it]
 83%|████████▎ | 515/622 [1:26:13<18:33, 10.41s/it]
 83%|████████▎ | 516/622 [1:26:23<18:17, 10.35s/it]
 83%|████████▎ | 517/622 [1:26:33<17:44, 10.14s/it]
 83%|████████▎ | 518/622 [1:26:48<20:06, 11.60s/it]
 83%|████████▎ | 519/622 [1:26:59<19:28, 11.34s/it]
 84%|████████▎ | 520/622 [1:27:09<18:46, 11.05s/it]
                                                   

 84%|████████▎ | 520/622 [1:27:10<18:46, 11.05s/it]
 84%|████████▍ | 521/622 [1:27:19<17:53, 10.63s/it]
 84%|████████▍ | 522/622 [1:27:28<17:05, 10.25s/it]
 84%|████████▍ | 523/622 [1:27:40<17:29, 10.61s/it]
 84%|████████▍ | 524/622 [1:27:49<16:52, 10.33s/it]
 84%|████████▍ | 525/622 [1:28:00<17:04, 10.57s/it]
 85%|████████▍ | 526/622 [1:28:10<16:30, 10.31s/it]
 85%|████████▍ | 527/622 [1:28:26<18:47, 11.87s/it]
 85%|████████▍ | 528/622 [1:28:36<17:53, 11.42s/it]
 85%|████████▌ | 529/622 [1:28:46<17:02, 10.99s/it]
 85%|████████▌ | 530/622 [1:28:57<16:51, 11.00s/it]
 85%|████████▌ | 531/622 [1:29:07<16:21, 10.79s/it]
 86%|████████▌ | 532/622 [1:29:18<15:58, 10.65s/it]
 86%|████████▌ | 533/622 [1:29:29<15:55, 10.74s/it]
 86%|████████▌ | 534/622 [1:29:38<15:18, 10.44s/it]
 86%|████████▌ | 535/622 [1:29:48<14:48, 10.21s/it]
 86%|████████▌ | 536/622 [1:29:58<14:35, 10.18s/it]
 86%|████████▋ | 537/622 [1:30:08<14:09,  9.99s/it]
 86%|████████▋ | 538/622 [1:30:17<13:43,  9.80s/it]
 87%|████████▋ | 539/622 [1:30:28<14:16, 10.31s/it]
 87%|████████▋ | 540/622 [1:30:40<14:34, 10.67s/it]
                                                   

 87%|████████▋ | 540/622 [1:30:41<14:34, 10.67s/it]
 87%|████████▋ | 541/622 [1:30:51<14:23, 10.66s/it]
 87%|████████▋ | 542/622 [1:31:01<13:59, 10.50s/it]
 87%|████████▋ | 543/622 [1:31:12<14:08, 10.75s/it]
 87%|████████▋ | 544/622 [1:31:23<14:05, 10.84s/it]
 88%|████████▊ | 545/622 [1:31:35<14:14, 11.09s/it]
 88%|████████▊ | 546/622 [1:31:45<13:42, 10.82s/it]
 88%|████████▊ | 547/622 [1:31:56<13:45, 11.01s/it]
 88%|████████▊ | 548/622 [1:32:07<13:34, 11.01s/it]
 88%|████████▊ | 549/622 [1:32:17<12:45, 10.48s/it]
 88%|████████▊ | 550/622 [1:32:26<12:16, 10.23s/it]
 89%|████████▊ | 551/622 [1:32:38<12:32, 10.60s/it]
 89%|████████▊ | 552/622 [1:32:48<12:14, 10.49s/it]
 89%|████████▉ | 553/622 [1:32:58<11:45, 10.22s/it]
 89%|████████▉ | 554/622 [1:33:06<10:56,  9.66s/it]
 89%|████████▉ | 555/622 [1:33:15<10:36,  9.50s/it]
 89%|████████▉ | 556/622 [1:33:24<10:18,  9.37s/it]
 90%|████████▉ | 557/622 [1:33:33<09:51,  9.10s/it]
 90%|████████▉ | 558/622 [1:33:43<10:14,  9.60s/it]
 90%|████████▉ | 559/622 [1:33:51<09:29,  9.04s/it]
 90%|█████████ | 560/622 [1:34:03<10:13,  9.89s/it]
                                                   

 90%|█████████ | 560/622 [1:34:04<10:13,  9.89s/it]
 90%|█████████ | 561/622 [1:34:12<09:49,  9.67s/it]
 90%|█████████ | 562/622 [1:34:23<10:07, 10.12s/it]
 91%|█████████ | 563/622 [1:34:33<09:57, 10.13s/it]
 91%|█████████ | 564/622 [1:34:43<09:45, 10.10s/it]
 91%|█████████ | 565/622 [1:34:53<09:33, 10.06s/it]
 91%|█████████ | 566/622 [1:35:03<09:19, 10.00s/it]
 91%|█████████ | 567/622 [1:35:11<08:38,  9.43s/it]
 91%|█████████▏| 568/622 [1:35:22<08:51,  9.84s/it]
 91%|█████████▏| 569/622 [1:35:35<09:25, 10.67s/it]
 92%|█████████▏| 570/622 [1:35:44<08:59, 10.37s/it]
 92%|█████████▏| 571/622 [1:35:58<09:39, 11.36s/it]
 92%|█████████▏| 572/622 [1:36:09<09:12, 11.05s/it]
 92%|█████████▏| 573/622 [1:36:19<08:57, 10.97s/it]
 92%|█████████▏| 574/622 [1:36:31<08:57, 11.19s/it]
 92%|█████████▏| 575/622 [1:36:43<08:57, 11.43s/it]
 93%|█████████▎| 576/622 [1:36:54<08:39, 11.30s/it]
 93%|█████████▎| 577/622 [1:37:03<07:58, 10.62s/it]
 93%|█████████▎| 578/622 [1:37:12<07:19, 10.00s/it]
 93%|█████████▎| 579/622 [1:37:22<07:14, 10.10s/it]
 93%|█████████▎| 580/622 [1:37:33<07:16, 10.38s/it]
                                                   

 93%|█████████▎| 580/622 [1:37:34<07:16, 10.38s/it]
 93%|█████████▎| 581/622 [1:37:42<06:51, 10.03s/it]
 94%|█████████▎| 582/622 [1:37:53<06:51, 10.29s/it]
 94%|█████████▎| 583/622 [1:38:03<06:33, 10.08s/it]
 94%|█████████▍| 584/622 [1:38:12<06:15,  9.89s/it]
 94%|█████████▍| 585/622 [1:38:21<05:52,  9.54s/it]
 94%|█████████▍| 586/622 [1:38:33<06:07, 10.21s/it]
 94%|█████████▍| 587/622 [1:38:42<05:46,  9.89s/it]
 95%|█████████▍| 588/622 [1:38:51<05:32,  9.78s/it]
 95%|█████████▍| 589/622 [1:39:02<05:33, 10.10s/it]
 95%|█████████▍| 590/622 [1:39:13<05:28, 10.27s/it]
 95%|█████████▌| 591/622 [1:39:24<05:23, 10.44s/it]
 95%|█████████▌| 592/622 [1:39:35<05:17, 10.59s/it]
 95%|█████████▌| 593/622 [1:39:45<05:08, 10.63s/it]
 95%|█████████▌| 594/622 [1:39:56<04:56, 10.59s/it]
 96%|█████████▌| 595/622 [1:40:07<04:48, 10.67s/it]
 96%|█████████▌| 596/622 [1:40:20<04:56, 11.41s/it]
 96%|█████████▌| 597/622 [1:40:29<04:26, 10.64s/it]
 96%|█████████▌| 598/622 [1:40:39<04:16, 10.67s/it]
 96%|█████████▋| 599/622 [1:40:51<04:14, 11.07s/it]
 96%|█████████▋| 600/622 [1:41:01<03:51, 10.53s/it]
                                                   

 96%|█████████▋| 600/622 [1:41:01<03:51, 10.53s/it]
 97%|█████████▋| 601/622 [1:41:09<03:29,  9.98s/it]
 97%|█████████▋| 602/622 [1:41:21<03:31, 10.56s/it]
 97%|█████████▋| 603/622 [1:41:33<03:25, 10.82s/it]
 97%|█████████▋| 604/622 [1:41:41<03:03, 10.17s/it]
 97%|█████████▋| 605/622 [1:41:50<02:46,  9.78s/it]
 97%|█████████▋| 606/622 [1:42:01<02:43, 10.19s/it]
 98%|█████████▊| 607/622 [1:42:11<02:31, 10.09s/it]
 98%|█████████▊| 608/622 [1:42:22<02:22, 10.18s/it]
 98%|█████████▊| 609/622 [1:42:32<02:12, 10.21s/it]
 98%|█████████▊| 610/622 [1:42:41<02:00, 10.02s/it]
 98%|█████████▊| 611/622 [1:42:51<01:49,  9.95s/it]
 98%|█████████▊| 612/622 [1:43:01<01:40, 10.04s/it]
 99%|█████████▊| 613/622 [1:43:12<01:30, 10.09s/it]
 99%|█████████▊| 614/622 [1:43:25<01:27, 10.93s/it]
 99%|█████████▉| 615/622 [1:43:36<01:18, 11.23s/it]
 99%|█████████▉| 616/622 [1:43:47<01:05, 11.00s/it]
 99%|█████████▉| 617/622 [1:43:58<00:55, 11.07s/it]
 99%|█████████▉| 618/622 [1:44:08<00:42, 10.58s/it]
100%|█████████▉| 619/622 [1:44:16<00:29,  9.79s/it]
100%|█████████▉| 620/622 [1:44:27<00:20, 10.23s/it]
                                                   

100%|█████████▉| 620/622 [1:44:27<00:20, 10.23s/it]
100%|█████████▉| 621/622 [1:44:37<00:10, 10.14s/it]
100%|██████████| 622/622 [1:44:45<00:00,  9.45s/it]{'loss': '5.086', 'grad_norm': '16.73', 'learning_rate': '5.42e-05', 'epoch': '1.029'}
{'loss': '4.626', 'grad_norm': '17.66', 'learning_rate': '5.063e-05', 'epoch': '1.093'}
{'loss': '5.042', 'grad_norm': '14.27', 'learning_rate': '4.705e-05', 'epoch': '1.158'}
{'loss': '4.253', 'grad_norm': '17.43', 'learning_rate': '4.347e-05', 'epoch': '1.222'}
{'loss': '4.391', 'grad_norm': '21.76', 'learning_rate': '3.989e-05', 'epoch': '1.286'}
{'loss': '4.576', 'grad_norm': '10.18', 'learning_rate': '3.631e-05', 'epoch': '1.351'}
{'loss': '4.203', 'grad_norm': '11.67', 'learning_rate': '3.274e-05', 'epoch': '1.415'}
{'loss': '4.609', 'grad_norm': '17.64', 'learning_rate': '2.916e-05', 'epoch': '1.479'}
{'loss': '4.342', 'grad_norm': '21.94', 'learning_rate': '2.558e-05', 'epoch': '1.544'}
{'loss': '4.184', 'grad_norm': '13.49', 'learning_rate': '2.2e-05', 'epoch': '1.608'}
{'loss': '3.985', 'grad_norm': '31.97', 'learning_rate': '1.843e-05', 'epoch': '1.672'}
{'loss': '4.209', 'grad_norm': '13.55', 'learning_rate': '1.485e-05', 'epoch': '1.737'}
{'loss': '4.433', 'grad_norm': '10.16', 'learning_rate': '1.127e-05', 'epoch': '1.801'}
{'loss': '3.771', 'grad_norm': '11.51', 'learning_rate': '7.692e-06', 'epoch': '1.865'}
{'loss': '4.099', 'grad_norm': '11.43', 'learning_rate': '4.114e-06', 'epoch': '1.93'}
{'loss': '4.306', 'grad_norm': '17.12', 'learning_rate': '5.367e-07', 'epoch': '1.994'}


  0%|          | 0/247 [00:00<?, ?it/s][A

  1%|          | 2/247 [00:00<00:42,  5.76it/s][A

  1%|          | 3/247 [00:00<00:47,  5.11it/s][A

  2%|▏         | 4/247 [00:00<00:55,  4.34it/s][A

  2%|▏         | 5/247 [00:01<01:05,  3.70it/s][A

  2%|▏         | 6/247 [00:01<01:00,  3.99it/s][A

  3%|▎         | 7/247 [00:01<01:07,  3.56it/s][A

  3%|▎         | 8/247 [00:02<01:14,  3.20it/s][A

  4%|▎         | 9/247 [00:02<01:16,  3.11it/s][A

  4%|▍         | 10/247 [00:02<01:23,  2.84it/s][A

  4%|▍         | 11/247 [00:03<01:17,  3.05it/s][A

  5%|▍         | 12/247 [00:03<01:19,  2.95it/s][A

  5%|▌         | 13/247 [00:03<01:19,  2.95it/s][A

  6%|▌         | 14/247 [00:04<01:15,  3.09it/s][A

  6%|▌         | 15/247 [00:04<01:14,  3.13it/s][A

  6%|▋         | 16/247 [00:04<01:21,  2.83it/s][A

  7%|▋         | 17/247 [00:05<01:14,  3.11it/s][A

  7%|▋         | 18/247 [00:05<01:10,  3.25it/s][A

  8%|▊         | 19/247 [00:05<01:10,  3.21it/s][A

  8%|▊         | 20/247 [00:06<01:18,  2.91it/s][A

  9%|▊         | 21/247 [00:06<01:16,  2.96it/s][A

  9%|▉         | 22/247 [00:07<01:26,  2.59it/s][A

  9%|▉         | 23/247 [00:07<01:20,  2.77it/s][A

 10%|▉         | 24/247 [00:07<01:23,  2.67it/s][A

 10%|█         | 25/247 [00:07<01:11,  3.09it/s][A

 11%|█         | 26/247 [00:08<01:09,  3.17it/s][A

 11%|█         | 27/247 [00:08<01:03,  3.47it/s][A

 11%|█▏        | 28/247 [00:08<01:04,  3.37it/s][A

 12%|█▏        | 29/247 [00:09<01:02,  3.48it/s][A

 12%|█▏        | 30/247 [00:09<00:58,  3.69it/s][A

 13%|█▎        | 31/247 [00:09<00:59,  3.61it/s][A

 13%|█▎        | 32/247 [00:09<00:55,  3.88it/s][A

 13%|█▎        | 33/247 [00:10<01:03,  3.39it/s][A

 14%|█▍        | 34/247 [00:10<00:59,  3.57it/s][A

 14%|█▍        | 35/247 [00:10<00:58,  3.61it/s][A

 15%|█▍        | 36/247 [00:11<01:08,  3.07it/s][A

 15%|█▍        | 37/247 [00:11<01:04,  3.26it/s][A

 15%|█▌        | 38/247 [00:11<01:07,  3.09it/s][A

 16%|█▌        | 39/247 [00:12<01:13,  2.84it/s][A

 16%|█▌        | 40/247 [00:12<01:09,  3.00it/s][A

 17%|█▋        | 41/247 [00:12<01:08,  3.02it/s][A

 17%|█▋        | 42/247 [00:13<01:11,  2.86it/s][A

 17%|█▋        | 43/247 [00:13<01:15,  2.70it/s][A

 18%|█▊        | 44/247 [00:13<01:18,  2.59it/s][A

 18%|█▊        | 45/247 [00:14<01:21,  2.48it/s][A

 19%|█▊        | 46/247 [00:14<01:17,  2.60it/s][A

 19%|█▉        | 47/247 [00:14<01:06,  3.00it/s][A

 19%|█▉        | 48/247 [00:15<00:56,  3.50it/s][A

 20%|█▉        | 49/247 [00:15<01:01,  3.22it/s][A

 20%|██        | 50/247 [00:16<01:48,  1.82it/s][A

 21%|██        | 51/247 [00:16<01:33,  2.11it/s][A

 21%|██        | 52/247 [00:17<01:28,  2.19it/s][A

 21%|██▏       | 53/247 [00:18<01:41,  1.92it/s][A

 22%|██▏       | 54/247 [00:18<01:38,  1.96it/s][A

 22%|██▏       | 55/247 [00:18<01:25,  2.23it/s][A

 23%|██▎       | 56/247 [00:19<01:29,  2.15it/s][A

 23%|██▎       | 57/247 [00:19<01:16,  2.49it/s][A

 23%|██▎       | 58/247 [00:19<01:13,  2.59it/s][A

 24%|██▍       | 59/247 [00:20<01:13,  2.56it/s][A

 24%|██▍       | 60/247 [00:20<01:06,  2.79it/s][A

 25%|██▍       | 61/247 [00:20<01:00,  3.10it/s][A

 25%|██▌       | 62/247 [00:21<00:57,  3.22it/s][A

 26%|██▌       | 63/247 [00:21<00:53,  3.41it/s][A

 26%|██▌       | 64/247 [00:21<00:53,  3.40it/s][A

 26%|██▋       | 65/247 [00:21<00:49,  3.68it/s][A

 27%|██▋       | 66/247 [00:22<00:48,  3.71it/s][A

 27%|██▋       | 67/247 [00:22<00:59,  3.02it/s][A

 28%|██▊       | 68/247 [00:23<01:06,  2.69it/s][A

 28%|██▊       | 69/247 [00:23<01:07,  2.62it/s][A

 28%|██▊       | 70/247 [00:23<01:04,  2.74it/s][A

 29%|██▊       | 71/247 [00:24<00:57,  3.04it/s][A

 29%|██▉       | 72/247 [00:24<00:53,  3.27it/s][A

 30%|██▉       | 73/247 [00:24<01:02,  2.77it/s][A

 30%|██▉       | 74/247 [00:25<00:58,  2.94it/s][A

 30%|███       | 75/247 [00:25<01:03,  2.71it/s][A

 31%|███       | 76/247 [00:25<01:03,  2.69it/s][A

 31%|███       | 77/247 [00:26<00:55,  3.06it/s][A

 32%|███▏      | 78/247 [00:26<00:51,  3.28it/s][A

 32%|███▏      | 79/247 [00:26<00:52,  3.21it/s][A

 32%|███▏      | 80/247 [00:27<00:51,  3.22it/s][A

 33%|███▎      | 81/247 [00:27<00:48,  3.39it/s][A

 33%|███▎      | 82/247 [00:27<00:47,  3.48it/s][A

 34%|███▎      | 83/247 [00:27<00:42,  3.85it/s][A

 34%|███▍      | 84/247 [00:28<00:46,  3.47it/s][A

 34%|███▍      | 85/247 [00:28<00:53,  3.02it/s][A

 35%|███▍      | 86/247 [00:28<00:48,  3.29it/s][A

 35%|███▌      | 87/247 [00:29<00:57,  2.78it/s][A

 36%|███▌      | 88/247 [00:29<00:54,  2.93it/s][A

 36%|███▌      | 89/247 [00:29<00:57,  2.75it/s][A

 36%|███▋      | 90/247 [00:30<00:54,  2.90it/s][A

 37%|███▋      | 91/247 [00:30<00:55,  2.83it/s][A

 37%|███▋      | 92/247 [00:31<00:54,  2.83it/s][A

 38%|███▊      | 93/247 [00:31<00:54,  2.84it/s][A

 38%|███▊      | 94/247 [00:31<01:01,  2.47it/s][A

 38%|███▊      | 95/247 [00:32<00:58,  2.60it/s][A

 39%|███▉      | 96/247 [00:32<01:03,  2.36it/s][A

 39%|███▉      | 97/247 [00:33<01:03,  2.36it/s][A

 40%|███▉      | 98/247 [00:34<01:24,  1.77it/s][A

 40%|████      | 99/247 [00:34<01:11,  2.07it/s][A

 40%|████      | 100/247 [00:34<01:15,  1.94it/s][A

 41%|████      | 101/247 [00:35<01:01,  2.36it/s][A

 41%|████▏     | 102/247 [00:35<00:57,  2.52it/s][A

 42%|████▏     | 103/247 [00:35<01:01,  2.32it/s][A

 42%|████▏     | 104/247 [00:36<00:53,  2.67it/s][A

 43%|████▎     | 105/247 [00:36<00:55,  2.58it/s][A

 43%|████▎     | 106/247 [00:37<00:54,  2.58it/s][A

 43%|████▎     | 107/247 [00:37<00:51,  2.74it/s][A

 44%|████▎     | 108/247 [00:37<00:57,  2.44it/s][A

 44%|████▍     | 109/247 [00:38<00:53,  2.59it/s][A

 45%|████▍     | 110/247 [00:38<00:58,  2.34it/s][A

 45%|████▍     | 111/247 [00:39<00:53,  2.53it/s][A

 45%|████▌     | 112/247 [00:39<00:54,  2.49it/s][A

 46%|████▌     | 113/247 [00:39<00:52,  2.54it/s][A

 46%|████▌     | 114/247 [00:40<00:47,  2.81it/s][A

 47%|████▋     | 115/247 [00:40<00:45,  2.89it/s][A

 47%|████▋     | 116/247 [00:40<00:48,  2.73it/s][A

 47%|████▋     | 117/247 [00:41<00:42,  3.03it/s][A

 48%|████▊     | 118/247 [00:41<00:40,  3.16it/s][A

 48%|████▊     | 119/247 [00:41<00:36,  3.49it/s][A

 49%|████▊     | 120/247 [00:41<00:38,  3.31it/s][A

 49%|████▉     | 121/247 [00:42<00:39,  3.19it/s][A

 49%|████▉     | 122/247 [00:42<00:36,  3.45it/s][A

 50%|████▉     | 123/247 [00:42<00:33,  3.69it/s][A

 50%|█████     | 124/247 [00:43<00:36,  3.38it/s][A

 51%|█████     | 125/247 [00:43<00:32,  3.78it/s][A

 51%|█████     | 126/247 [00:43<00:29,  4.07it/s][A

 51%|█████▏    | 127/247 [00:43<00:29,  4.11it/s][A

 52%|█████▏    | 128/247 [00:43<00:28,  4.23it/s][A

 52%|█████▏    | 129/247 [00:44<00:29,  4.00it/s][A

 53%|█████▎    | 130/247 [00:44<00:33,  3.47it/s][A

 53%|█████▎    | 131/247 [00:44<00:33,  3.47it/s][A

 53%|█████▎    | 132/247 [00:45<00:39,  2.93it/s][A

 54%|█████▍    | 133/247 [00:45<00:36,  3.13it/s][A

 54%|█████▍    | 134/247 [00:46<00:45,  2.47it/s][A

 55%|█████▍    | 135/247 [00:46<00:47,  2.37it/s][A

 55%|█████▌    | 136/247 [00:47<00:46,  2.39it/s][A

 55%|█████▌    | 137/247 [00:47<00:43,  2.53it/s][A

 56%|█████▌    | 138/247 [00:47<00:37,  2.88it/s][A

 56%|█████▋    | 139/247 [00:47<00:34,  3.12it/s][A

 57%|█████▋    | 140/247 [00:48<00:36,  2.92it/s][A

 57%|█████▋    | 141/247 [00:48<00:32,  3.30it/s][A

 57%|█████▋    | 142/247 [00:49<00:38,  2.75it/s][A

 58%|█████▊    | 143/247 [00:49<00:38,  2.72it/s][A

 58%|█████▊    | 144/247 [00:49<00:35,  2.89it/s][A

 59%|█████▊    | 145/247 [00:50<00:34,  2.95it/s][A

 59%|█████▉    | 146/247 [00:50<00:36,  2.73it/s][A

 60%|█████▉    | 147/247 [00:50<00:35,  2.84it/s][A

 60%|█████▉    | 148/247 [00:50<00:30,  3.26it/s][A

 60%|██████    | 149/247 [00:51<00:27,  3.52it/s][A

 61%|██████    | 150/247 [00:51<00:31,  3.11it/s][A

 61%|██████    | 151/247 [00:51<00:32,  2.95it/s][A

 62%|██████▏   | 152/247 [00:52<00:31,  2.99it/s][A

 62%|██████▏   | 153/247 [00:52<00:30,  3.10it/s][A

 62%|██████▏   | 154/247 [00:52<00:27,  3.40it/s][A

 63%|██████▎   | 155/247 [00:53<00:25,  3.68it/s][A

 63%|██████▎   | 156/247 [00:53<00:28,  3.16it/s][A

 64%|██████▎   | 157/247 [00:54<00:35,  2.51it/s][A

 64%|██████▍   | 158/247 [00:54<00:30,  2.97it/s][A

 64%|██████▍   | 159/247 [00:54<00:33,  2.60it/s][A

 65%|██████▍   | 160/247 [00:55<00:30,  2.89it/s][A

 65%|██████▌   | 161/247 [00:55<00:30,  2.84it/s][A

 66%|██████▌   | 162/247 [00:55<00:28,  3.03it/s][A

 66%|██████▌   | 163/247 [00:55<00:25,  3.26it/s][A

 66%|██████▋   | 164/247 [00:56<00:24,  3.41it/s][A

 67%|██████▋   | 165/247 [00:56<00:22,  3.61it/s][A

 67%|██████▋   | 166/247 [00:56<00:21,  3.79it/s][A

 68%|██████▊   | 167/247 [00:57<00:23,  3.37it/s][A

 68%|██████▊   | 168/247 [00:57<00:21,  3.60it/s][A

 68%|██████▊   | 169/247 [00:57<00:27,  2.83it/s][A

 69%|██████▉   | 170/247 [00:58<00:31,  2.45it/s][A

 69%|██████▉   | 171/247 [00:58<00:30,  2.52it/s][A

 70%|██████▉   | 172/247 [00:58<00:25,  2.94it/s][A

 70%|███████   | 173/247 [00:59<00:25,  2.86it/s][A

 70%|███████   | 174/247 [00:59<00:24,  2.99it/s][A

 71%|███████   | 175/247 [01:00<00:27,  2.65it/s][A

 71%|███████▏  | 176/247 [01:00<00:24,  2.88it/s][A

 72%|███████▏  | 177/247 [01:00<00:21,  3.29it/s][A

 72%|███████▏  | 178/247 [01:00<00:19,  3.48it/s][A

 72%|███████▏  | 179/247 [01:01<00:19,  3.40it/s][A

 73%|███████▎  | 180/247 [01:01<00:18,  3.62it/s][A

 73%|███████▎  | 181/247 [01:01<00:18,  3.59it/s][A

 74%|███████▎  | 182/247 [01:01<00:18,  3.58it/s][A

 74%|███████▍  | 183/247 [01:02<00:16,  3.83it/s][A

 74%|███████▍  | 184/247 [01:02<00:17,  3.59it/s][A

 75%|███████▍  | 185/247 [01:02<00:20,  3.04it/s][A

 75%|███████▌  | 186/247 [01:03<00:20,  2.96it/s][A

 76%|███████▌  | 187/247 [01:03<00:21,  2.75it/s][A

 76%|███████▌  | 188/247 [01:03<00:19,  3.07it/s][A

 77%|███████▋  | 189/247 [01:04<00:16,  3.43it/s][A

 77%|███████▋  | 190/247 [01:04<00:16,  3.50it/s][A

 77%|███████▋  | 191/247 [01:04<00:14,  3.76it/s][A

 78%|███████▊  | 192/247 [01:04<00:15,  3.64it/s][A

 78%|███████▊  | 193/247 [01:05<00:17,  3.09it/s][A

 79%|███████▊  | 194/247 [01:05<00:17,  2.98it/s][A

 79%|███████▉  | 195/247 [01:05<00:16,  3.19it/s][A

 79%|███████▉  | 196/247 [01:06<00:16,  3.11it/s][A

 80%|███████▉  | 197/247 [01:06<00:18,  2.68it/s][A

 80%|████████  | 198/247 [01:07<00:22,  2.20it/s][A

 81%|████████  | 199/247 [01:07<00:21,  2.24it/s][A

 81%|████████  | 200/247 [01:08<00:18,  2.58it/s][A

 81%|████████▏ | 201/247 [01:08<00:16,  2.81it/s][A

 82%|████████▏ | 202/247 [01:08<00:16,  2.73it/s][A

 82%|████████▏ | 203/247 [01:09<00:14,  2.99it/s][A

 83%|████████▎ | 204/247 [01:09<00:15,  2.86it/s][A

 83%|████████▎ | 205/247 [01:09<00:13,  3.06it/s][A

 83%|████████▎ | 206/247 [01:10<00:13,  3.04it/s][A

 84%|████████▍ | 207/247 [01:10<00:12,  3.17it/s][A

 84%|████████▍ | 208/247 [01:10<00:11,  3.27it/s][A

 85%|████████▍ | 209/247 [01:10<00:11,  3.37it/s][A

 85%|████████▌ | 210/247 [01:11<00:11,  3.29it/s][A

 85%|████████▌ | 211/247 [01:11<00:10,  3.32it/s][A

 86%|████████▌ | 212/247 [01:11<00:09,  3.64it/s][A

 86%|████████▌ | 213/247 [01:11<00:09,  3.75it/s][A

 87%|████████▋ | 214/247 [01:12<00:10,  3.08it/s][A

 87%|████████▋ | 215/247 [01:12<00:09,  3.45it/s][A

 87%|████████▋ | 216/247 [01:13<00:10,  3.04it/s][A

 88%|████████▊ | 217/247 [01:13<00:10,  2.77it/s][A

 88%|████████▊ | 218/247 [01:13<00:10,  2.68it/s][A

 89%|████████▊ | 219/247 [01:14<00:10,  2.63it/s][A

 89%|████████▉ | 220/247 [01:14<00:10,  2.67it/s][A

 89%|████████▉ | 221/247 [01:15<00:10,  2.55it/s][A

 90%|████████▉ | 222/247 [01:15<00:09,  2.69it/s][A

 90%|█████████ | 223/247 [01:15<00:08,  2.88it/s][A

 91%|█████████ | 224/247 [01:15<00:07,  3.02it/s][A

 91%|█████████ | 225/247 [01:16<00:06,  3.16it/s][A

 91%|█████████▏| 226/247 [01:16<00:06,  3.47it/s][A

 92%|█████████▏| 227/247 [01:16<00:05,  3.83it/s][A

 92%|█████████▏| 228/247 [01:16<00:04,  4.18it/s][A

 93%|█████████▎| 229/247 [01:17<00:05,  3.12it/s][A

 93%|█████████▎| 230/247 [01:17<00:05,  2.83it/s][A

 94%|█████████▎| 231/247 [01:18<00:05,  2.75it/s][A

 94%|█████████▍| 232/247 [01:18<00:05,  2.70it/s][A

 94%|█████████▍| 233/247 [01:18<00:04,  2.88it/s][A

 95%|█████████▍| 234/247 [01:19<00:04,  2.70it/s][A

 95%|█████████▌| 235/247 [01:19<00:05,  2.36it/s][A

 96%|█████████▌| 236/247 [01:20<00:04,  2.57it/s][A

 96%|█████████▌| 237/247 [01:20<00:03,  2.99it/s][A

 96%|█████████▋| 238/247 [01:20<00:02,  3.07it/s][A

 97%|█████████▋| 239/247 [01:20<00:02,  3.17it/s][A

 97%|█████████▋| 240/247 [01:21<00:02,  3.01it/s][A

 98%|█████████▊| 241/247 [01:21<00:01,  3.07it/s][A

 98%|█████████▊| 242/247 [01:21<00:01,  3.47it/s][A

 98%|█████████▊| 243/247 [01:22<00:01,  3.64it/s][A

 99%|█████████▉| 244/247 [01:22<00:00,  3.75it/s][A

 99%|█████████▉| 245/247 [01:22<00:00,  3.40it/s][A

100%|█████████▉| 246/247 [01:23<00:00,  2.00it/s][A

100%|██████████| 247/247 [01:23<00:00,  2.42it/s][A
                                                   


                                                 
[A
100%|██████████| 622/622 [1:46:10<00:00,  9.45s/it]

100%|██████████| 247/247 [01:23<00:00,  2.42it/s][A

                                                 [A{'eval_loss': '0.3926', 'eval_wer': '0.6105', 'eval_cer': '0.1445', 'eval_runtime': '84.97', 'eval_samples_per_second': '5.802', 'eval_steps_per_second': '2.907', 'epoch': '2'}


Writing model shards:   0%|          | 0/1 [00:00<?, ?it/s][A

Writing model shards: 100%|██████████| 1/1 [00:02<00:00,  2.01s/it][A
Writing model shards: 100%|██████████| 1/1 [00:02<00:00,  2.02s/it]

                                                   

100%|██████████| 622/622 [1:46:18<00:00,  9.45s/it]
100%|██████████| 622/622 [1:46:21<00:00, 10.26s/it]
/Users/mulisamusehane/Documents/GitHub/MultilingualASR/.venv/lib/python3.12/site-packages/torch/utils/data/dataloader.py:759: UserWarning: 'pin_memory' argument is set as true but not supported on MPS now, device pinned memory won't be used.
  super().__init__(loader)
{'train_runtime': '6379', 'train_samples_per_second': '1.56', 'train_steps_per_second': '0.098', 'train_loss': '15.43', 'epoch': '2'}

  0%|          | 0/247 [00:00<?, ?it/s]
  1%|          | 2/247 [00:00<00:59,  4.13it/s]
  1%|          | 3/247 [00:00<00:59,  4.12it/s]
  2%|▏         | 4/247 [00:01<01:02,  3.92it/s]
  2%|▏         | 5/247 [00:01<01:19,  3.03it/s]
  2%|▏         | 6/247 [00:01<01:12,  3.34it/s]
  3%|▎         | 7/247 [00:02<01:13,  3.27it/s]
  3%|▎         | 8/247 [00:02<01:24,  2.83it/s]
  4%|▎         | 9/247 [00:02<01:22,  2.89it/s]
  4%|▍         | 10/247 [00:03<01:23,  2.82it/s]
  4%|▍         | 11/247 [00:03<01:17,  3.04it/s]
  5%|▍         | 12/247 [00:03<01:20,  2.90it/s]
  5%|▌         | 13/247 [00:04<01:20,  2.89it/s]
  6%|▌         | 14/247 [00:04<01:14,  3.11it/s]
  6%|▌         | 15/247 [00:04<01:14,  3.11it/s]
  6%|▋         | 16/247 [00:05<01:21,  2.82it/s]
  7%|▋         | 17/247 [00:05<01:16,  2.99it/s]
  7%|▋         | 18/247 [00:05<01:13,  3.11it/s]
  8%|▊         | 19/247 [00:06<01:15,  3.04it/s]
  8%|▊         | 20/247 [00:06<01:22,  2.75it/s]
  9%|▊         | 21/247 [00:06<01:18,  2.88it/s]
  9%|▉         | 22/247 [00:07<01:27,  2.57it/s]
  9%|▉         | 23/247 [00:07<01:21,  2.76it/s]
 10%|▉         | 24/247 [00:08<01:23,  2.66it/s]
 10%|█         | 25/247 [00:08<01:13,  3.00it/s]
 11%|█         | 26/247 [00:08<01:13,  3.02it/s]
 11%|█         | 27/247 [00:08<01:09,  3.16it/s]
 11%|█▏        | 28/247 [00:09<01:11,  3.04it/s]
 12%|█▏        | 29/247 [00:09<01:08,  3.19it/s]
 12%|█▏        | 30/247 [00:09<01:05,  3.34it/s]
 13%|█▎        | 31/247 [00:10<01:05,  3.32it/s]
 13%|█▎        | 32/247 [00:10<00:58,  3.67it/s]
 13%|█▎        | 33/247 [00:10<01:05,  3.26it/s]
 14%|█▍        | 34/247 [00:10<01:01,  3.48it/s]
 14%|█▍        | 35/247 [00:11<01:00,  3.53it/s]
 15%|█▍        | 36/247 [00:11<01:13,  2.88it/s]
 15%|█▍        | 37/247 [00:11<01:05,  3.23it/s]
 15%|█▌        | 38/247 [00:12<01:06,  3.15it/s]
 16%|█▌        | 39/247 [00:12<01:12,  2.87it/s]
 16%|█▌        | 40/247 [00:12<01:07,  3.06it/s]
 17%|█▋        | 41/247 [00:13<01:06,  3.12it/s]
 17%|█▋        | 42/247 [00:13<01:05,  3.12it/s]
 17%|█▋        | 43/247 [00:14<01:12,  2.80it/s]
 18%|█▊        | 44/247 [00:14<01:14,  2.71it/s]
 18%|█▊        | 45/247 [00:14<01:14,  2.69it/s]
 19%|█▊        | 46/247 [00:15<01:11,  2.80it/s]
 19%|█▉        | 47/247 [00:15<01:02,  3.20it/s]
 19%|█▉        | 48/247 [00:15<00:53,  3.72it/s]
 20%|█▉        | 49/247 [00:15<00:59,  3.31it/s]
 20%|██        | 50/247 [00:16<01:31,  2.15it/s]
 21%|██        | 51/247 [00:17<01:18,  2.49it/s]
 21%|██        | 52/247 [00:17<01:15,  2.57it/s]
 21%|██▏       | 53/247 [00:17<01:25,  2.27it/s]
 22%|██▏       | 54/247 [00:18<01:26,  2.24it/s]
 22%|██▏       | 55/247 [00:18<01:17,  2.46it/s]
 23%|██▎       | 56/247 [00:19<01:22,  2.31it/s]
 23%|██▎       | 57/247 [00:19<01:10,  2.69it/s]
 23%|██▎       | 58/247 [00:19<01:08,  2.74it/s]
 24%|██▍       | 59/247 [00:20<01:09,  2.70it/s]
 24%|██▍       | 60/247 [00:20<01:02,  2.97it/s]
 25%|██▍       | 61/247 [00:20<00:56,  3.31it/s]
 25%|██▌       | 62/247 [00:20<00:55,  3.36it/s]
 26%|██▌       | 63/247 [00:21<00:51,  3.58it/s]
 26%|██▌       | 64/247 [00:21<00:51,  3.52it/s]
 26%|██▋       | 65/247 [00:21<00:49,  3.67it/s]
 27%|██▋       | 66/247 [00:21<00:47,  3.85it/s]
 27%|██▋       | 67/247 [00:22<00:55,  3.23it/s]
 28%|██▊       | 68/247 [00:22<01:04,  2.76it/s]
 28%|██▊       | 69/247 [00:23<01:06,  2.70it/s]
 28%|██▊       | 70/247 [00:23<01:04,  2.75it/s]
 29%|██▊       | 71/247 [00:23<00:57,  3.07it/s]
 29%|██▉       | 72/247 [00:24<00:53,  3.29it/s]
 30%|██▉       | 73/247 [00:24<01:03,  2.75it/s]
 30%|██▉       | 74/247 [00:24<00:59,  2.91it/s]
 30%|███       | 75/247 [00:25<01:03,  2.72it/s]
 31%|███       | 76/247 [00:25<01:03,  2.69it/s]
 31%|███       | 77/247 [00:25<00:56,  3.00it/s]
 32%|███▏      | 78/247 [00:26<00:52,  3.25it/s]
 32%|███▏      | 79/247 [00:26<00:52,  3.17it/s]
 32%|███▏      | 80/247 [00:26<00:54,  3.06it/s]
 33%|███▎      | 81/247 [00:27<00:50,  3.32it/s]
 33%|███▎      | 82/247 [00:27<00:48,  3.38it/s]
 34%|███▎      | 83/247 [00:27<00:42,  3.88it/s]
 34%|███▍      | 84/247 [00:27<00:45,  3.56it/s]
 34%|███▍      | 85/247 [00:28<00:52,  3.06it/s]
 35%|███▍      | 86/247 [00:28<00:48,  3.30it/s]
 35%|███▌      | 87/247 [00:29<00:58,  2.75it/s]
 36%|███▌      | 88/247 [00:29<00:53,  2.95it/s]
 36%|███▌      | 89/247 [00:29<00:56,  2.81it/s]
 36%|███▋      | 90/247 [00:30<00:52,  3.01it/s]
 37%|███▋      | 91/247 [00:30<00:52,  2.96it/s]
 37%|███▋      | 92/247 [00:30<00:47,  3.26it/s]
 38%|███▊      | 93/247 [00:30<00:44,  3.43it/s]
 38%|███▊      | 94/247 [00:31<00:57,  2.65it/s]
 38%|███▊      | 95/247 [00:31<00:56,  2.68it/s]
 39%|███▉      | 96/247 [00:32<00:59,  2.54it/s]
 39%|███▉      | 97/247 [00:32<00:59,  2.53it/s]
 40%|███▉      | 98/247 [00:33<01:10,  2.10it/s]
 40%|████      | 99/247 [00:33<01:02,  2.36it/s]
 40%|████      | 100/247 [00:34<01:05,  2.23it/s]
 41%|████      | 101/247 [00:34<00:54,  2.69it/s]
 41%|████▏     | 102/247 [00:34<00:51,  2.84it/s]
 42%|████▏     | 103/247 [00:35<00:56,  2.57it/s]
 42%|████▏     | 104/247 [00:35<00:49,  2.86it/s]
 43%|████▎     | 105/247 [00:35<00:50,  2.82it/s]
 43%|████▎     | 106/247 [00:36<00:51,  2.74it/s]
 43%|████▎     | 107/247 [00:36<00:48,  2.90it/s]
 44%|████▎     | 108/247 [00:36<00:53,  2.61it/s]
 44%|████▍     | 109/247 [00:37<00:50,  2.74it/s]
 45%|████▍     | 110/247 [00:37<00:55,  2.46it/s]
 45%|████▍     | 111/247 [00:38<00:51,  2.65it/s]
 45%|████▌     | 112/247 [00:38<00:51,  2.61it/s]
 46%|████▌     | 113/247 [00:38<00:51,  2.63it/s]
 46%|████▌     | 114/247 [00:39<00:45,  2.91it/s]
 47%|████▋     | 115/247 [00:39<00:45,  2.89it/s]
 47%|████▋     | 116/247 [00:39<00:48,  2.72it/s]
 47%|████▋     | 117/247 [00:40<00:43,  3.00it/s]
 48%|████▊     | 118/247 [00:40<00:41,  3.11it/s]
 48%|████▊     | 119/247 [00:40<00:37,  3.42it/s]
 49%|████▊     | 120/247 [00:40<00:39,  3.18it/s]
 49%|████▉     | 121/247 [00:41<00:41,  3.05it/s]
 49%|████▉     | 122/247 [00:41<00:37,  3.32it/s]
 50%|████▉     | 123/247 [00:41<00:34,  3.62it/s]
 50%|█████     | 124/247 [00:42<00:37,  3.31it/s]
 51%|█████     | 125/247 [00:42<00:32,  3.71it/s]
 51%|█████     | 126/247 [00:42<00:30,  4.02it/s]
 51%|█████▏    | 127/247 [00:42<00:29,  4.11it/s]
 52%|█████▏    | 128/247 [00:42<00:27,  4.25it/s]
 52%|█████▏    | 129/247 [00:43<00:27,  4.23it/s]
 53%|█████▎    | 130/247 [00:43<00:31,  3.74it/s]
 53%|█████▎    | 131/247 [00:43<00:30,  3.79it/s]
 53%|█████▎    | 132/247 [00:44<00:36,  3.17it/s]
 54%|█████▍    | 133/247 [00:44<00:33,  3.38it/s]
 54%|█████▍    | 134/247 [00:45<00:42,  2.67it/s]
 55%|█████▍    | 135/247 [00:45<00:41,  2.70it/s]
 55%|█████▌    | 136/247 [00:45<00:41,  2.70it/s]
 55%|█████▌    | 137/247 [00:46<00:39,  2.80it/s]
 56%|█████▌    | 138/247 [00:46<00:35,  3.07it/s]
 56%|█████▋    | 139/247 [00:46<00:32,  3.33it/s]
 57%|█████▋    | 140/247 [00:46<00:34,  3.11it/s]
 57%|█████▋    | 141/247 [00:47<00:30,  3.44it/s]
 57%|█████▋    | 142/247 [00:47<00:36,  2.88it/s]
 58%|█████▊    | 143/247 [00:48<00:37,  2.80it/s]
 58%|█████▊    | 144/247 [00:48<00:35,  2.91it/s]
 59%|█████▊    | 145/247 [00:48<00:35,  2.88it/s]
 59%|█████▉    | 146/247 [00:49<00:37,  2.71it/s]
 60%|█████▉    | 147/247 [00:49<00:34,  2.86it/s]
 60%|█████▉    | 148/247 [00:49<00:29,  3.33it/s]
 60%|██████    | 149/247 [00:49<00:27,  3.55it/s]
 61%|██████    | 150/247 [00:50<00:30,  3.17it/s]
 61%|██████    | 151/247 [00:50<00:32,  2.93it/s]
 62%|██████▏   | 152/247 [00:50<00:30,  3.11it/s]
 62%|██████▏   | 153/247 [00:51<00:29,  3.16it/s]
 62%|██████▏   | 154/247 [00:51<00:26,  3.55it/s]
 63%|██████▎   | 155/247 [00:51<00:24,  3.76it/s]
 63%|██████▎   | 156/247 [00:52<00:28,  3.18it/s]
 64%|██████▎   | 157/247 [00:52<00:37,  2.42it/s]
 64%|██████▍   | 158/247 [00:52<00:30,  2.90it/s]
 64%|██████▍   | 159/247 [00:53<00:33,  2.62it/s]
 65%|██████▍   | 160/247 [00:53<00:29,  2.93it/s]
 65%|██████▌   | 161/247 [00:54<00:30,  2.86it/s]
 66%|██████▌   | 162/247 [00:54<00:28,  3.02it/s]
 66%|██████▌   | 163/247 [00:54<00:25,  3.29it/s]
 66%|██████▋   | 164/247 [00:54<00:25,  3.21it/s]
 67%|██████▋   | 165/247 [00:55<00:23,  3.51it/s]
 67%|██████▋   | 166/247 [00:55<00:21,  3.69it/s]
 68%|██████▊   | 167/247 [00:55<00:25,  3.19it/s]
 68%|██████▊   | 168/247 [00:55<00:22,  3.52it/s]
 68%|██████▊   | 169/247 [00:56<00:27,  2.86it/s]
 69%|██████▉   | 170/247 [00:56<00:30,  2.51it/s]
 69%|██████▉   | 171/247 [00:57<00:29,  2.59it/s]
 70%|██████▉   | 172/247 [00:57<00:24,  3.03it/s]
 70%|███████   | 173/247 [00:57<00:24,  2.97it/s]
 70%|███████   | 174/247 [00:58<00:23,  3.09it/s]
 71%|███████   | 175/247 [00:58<00:26,  2.72it/s]
 71%|███████▏  | 176/247 [00:58<00:24,  2.85it/s]
 72%|███████▏  | 177/247 [00:59<00:21,  3.24it/s]
 72%|███████▏  | 178/247 [00:59<00:19,  3.45it/s]
 72%|███████▏  | 179/247 [00:59<00:20,  3.34it/s]
 73%|███████▎  | 180/247 [00:59<00:19,  3.49it/s]
 73%|███████▎  | 181/247 [01:00<00:19,  3.30it/s]
 74%|███████▎  | 182/247 [01:00<00:19,  3.35it/s]
 74%|███████▍  | 183/247 [01:00<00:17,  3.68it/s]
 74%|███████▍  | 184/247 [01:01<00:17,  3.69it/s]
 75%|███████▍  | 185/247 [01:01<00:18,  3.28it/s]
 75%|███████▌  | 186/247 [01:01<00:20,  3.00it/s]
 76%|███████▌  | 187/247 [01:02<00:21,  2.77it/s]
 76%|███████▌  | 188/247 [01:02<00:19,  3.05it/s]
 77%|███████▋  | 189/247 [01:02<00:17,  3.41it/s]
 77%|███████▋  | 190/247 [01:03<00:16,  3.45it/s]
 77%|███████▋  | 191/247 [01:03<00:15,  3.73it/s]
 78%|███████▊  | 192/247 [01:03<00:14,  3.74it/s]
 78%|███████▊  | 193/247 [01:03<00:16,  3.22it/s]
 79%|███████▊  | 194/247 [01:04<00:17,  3.02it/s]
 79%|███████▉  | 195/247 [01:04<00:15,  3.31it/s]
 79%|███████▉  | 196/247 [01:04<00:15,  3.22it/s]
 80%|███████▉  | 197/247 [01:05<00:18,  2.71it/s]
 80%|████████  | 198/247 [01:06<00:22,  2.22it/s]
 81%|████████  | 199/247 [01:06<00:21,  2.26it/s]
 81%|████████  | 200/247 [01:06<00:18,  2.57it/s]
 81%|████████▏ | 201/247 [01:07<00:16,  2.75it/s]
 82%|████████▏ | 202/247 [01:07<00:16,  2.69it/s]
 82%|████████▏ | 203/247 [01:07<00:14,  2.95it/s]
 83%|████████▎ | 204/247 [01:08<00:15,  2.74it/s]
 83%|████████▎ | 205/247 [01:08<00:14,  2.93it/s]
 83%|████████▎ | 206/247 [01:08<00:14,  2.89it/s]
 84%|████████▍ | 207/247 [01:09<00:13,  2.99it/s]
 84%|████████▍ | 208/247 [01:09<00:12,  3.09it/s]
 85%|████████▍ | 209/247 [01:09<00:12,  3.17it/s]
 85%|████████▌ | 210/247 [01:09<00:11,  3.11it/s]
 85%|████████▌ | 211/247 [01:10<00:11,  3.11it/s]
 86%|████████▌ | 212/247 [01:10<00:09,  3.54it/s]
 86%|████████▌ | 213/247 [01:10<00:09,  3.68it/s]
 87%|████████▋ | 214/247 [01:11<00:10,  3.08it/s]
 87%|████████▋ | 215/247 [01:11<00:09,  3.38it/s]
 87%|████████▋ | 216/247 [01:11<00:10,  3.01it/s]
 88%|████████▊ | 217/247 [01:12<00:10,  2.83it/s]
 88%|████████▊ | 218/247 [01:12<00:10,  2.72it/s]
 89%|████████▊ | 219/247 [01:13<00:10,  2.69it/s]
 89%|████████▉ | 220/247 [01:13<00:09,  2.81it/s]
 89%|████████▉ | 221/247 [01:13<00:09,  2.75it/s]
 90%|████████▉ | 222/247 [01:14<00:08,  2.83it/s]
 90%|█████████ | 223/247 [01:14<00:08,  2.95it/s]
 91%|█████████ | 224/247 [01:14<00:07,  3.11it/s]
 91%|█████████ | 225/247 [01:14<00:06,  3.28it/s]
 91%|█████████▏| 226/247 [01:15<00:05,  3.54it/s]
 92%|█████████▏| 227/247 [01:15<00:05,  3.90it/s]
 92%|█████████▏| 228/247 [01:15<00:04,  4.23it/s]
 93%|█████████▎| 229/247 [01:15<00:05,  3.25it/s]
 93%|█████████▎| 230/247 [01:16<00:05,  2.98it/s]
 94%|█████████▎| 231/247 [01:16<00:05,  2.75it/s]
 94%|█████████▍| 232/247 [01:17<00:05,  2.68it/s]
 94%|█████████▍| 233/247 [01:17<00:04,  2.87it/s]
 95%|█████████▍| 234/247 [01:17<00:04,  2.74it/s]
 95%|█████████▌| 235/247 [01:18<00:04,  2.41it/s]
 96%|█████████▌| 236/247 [01:18<00:04,  2.64it/s]
 96%|█████████▌| 237/247 [01:18<00:03,  3.01it/s]
 96%|█████████▋| 238/247 [01:19<00:02,  3.07it/s]
 97%|█████████▋| 239/247 [01:19<00:02,  3.15it/s]
 97%|█████████▋| 240/247 [01:19<00:02,  3.01it/s]
 98%|█████████▊| 241/247 [01:20<00:01,  3.10it/s]
 98%|█████████▊| 242/247 [01:20<00:01,  3.49it/s]
 98%|█████████▊| 243/247 [01:20<00:01,  3.68it/s]
 99%|█████████▉| 244/247 [01:20<00:00,  3.83it/s]
 99%|█████████▉| 245/247 [01:21<00:00,  3.42it/s]
100%|█████████▉| 246/247 [01:22<00:00,  2.34it/s]
100%|██████████| 247/247 [01:22<00:00,  2.85it/s]
100%|██████████| 247/247 [01:22<00:00,  3.00it/s]

== UniSpeech pilot result ==
eval WER: 0.610 | eval CER: 0.144
(zero-shot Whisper Large v3 baseline on NCHLT test: WER 1.108, CER 0.763)
(Wav2Vec2 XLS-R-300M pilot v2 on NCHLT test: WER 0.332, CER 0.074)
(Whisper pilot v2 on NCHLT test: WER 0.182, CER 0.048)
(MMS, w2v-BERT, data2vec-audio: all collapse, WER ~0.95-0.97)

Writing model shards:   0%|          | 0/1 [00:00<?, ?it/s]
Writing model shards: 100%|██████████| 1/1 [00:01<00:00,  1.21s/it]
Writing model shards: 100%|██████████| 1/1 [00:01<00:00,  1.21s/it]
model saved -> /Users/mulisamusehane/Documents/GitHub/MultilingualASR/results/unispeech-ven-pilot/final
