w2v-BERT pilot fine-tune | device: mps | train clips: 5000 | eval clips: 500 | epochs: 2

Map:   0%|          | 0/5000 [00:00<?, ? examples/s]
Map:   0%|          | 1/5000 [00:00<23:47,  3.50 examples/s]
Map:   0%|          | 9/5000 [00:00<02:56, 28.21 examples/s]
Map:   0%|          | 17/5000 [00:00<01:53, 43.88 examples/s]
Map:   1%|          | 26/5000 [00:00<01:29, 55.79 examples/s]
Map:   1%|          | 34/5000 [00:00<01:22, 60.53 examples/s]
Map:   1%|          | 42/5000 [00:00<01:16, 64.75 examples/s]
Map:   1%|          | 50/5000 [00:00<01:13, 67.27 examples/s]
Map:   1%|          | 58/5000 [00:01<01:12, 67.80 examples/s]
Map:   1%|▏         | 66/5000 [00:01<01:11, 69.30 examples/s]
Map:   2%|▏         | 75/5000 [00:01<01:10, 70.14 examples/s]
Map:   2%|▏         | 86/5000 [00:01<01:12, 67.65 examples/s]
Map:   2%|▏         | 94/5000 [00:01<01:11, 68.55 examples/s]
Map:   2%|▏         | 103/5000 [00:01<01:08, 70.98 examples/s]
Map:   2%|▏         | 111/5000 [00:01<01:08, 71.16 examples/s]
Map:   2%|▏         | 119/5000 [00:01<01:09, 70.64 examples/s]
Map:   3%|▎         | 127/5000 [00:02<01:08, 71.36 examples/s]
Map:   3%|▎         | 135/5000 [00:02<01:10, 68.92 examples/s]
Map:   3%|▎         | 143/5000 [00:02<01:10, 68.79 examples/s]
Map:   3%|▎         | 152/5000 [00:02<01:08, 70.57 examples/s]
Map:   3%|▎         | 160/5000 [00:02<01:07, 71.18 examples/s]
Map:   3%|▎         | 168/5000 [00:02<01:07, 71.23 examples/s]
Map:   4%|▎         | 176/5000 [00:02<01:06, 72.13 examples/s]
Map:   4%|▎         | 184/5000 [00:02<01:07, 71.67 examples/s]
Map:   4%|▍         | 192/5000 [00:02<01:07, 70.94 examples/s]
Map:   4%|▍         | 200/5000 [00:03<01:07, 71.05 examples/s]
Map:   4%|▍         | 209/5000 [00:03<01:05, 73.15 examples/s]
Map:   4%|▍         | 217/5000 [00:03<01:05, 73.21 examples/s]
Map:   5%|▍         | 228/5000 [00:03<01:06, 71.49 examples/s]
Map:   5%|▍         | 237/5000 [00:03<01:05, 73.27 examples/s]
Map:   5%|▍         | 245/5000 [00:03<01:08, 69.02 examples/s]
Map:   5%|▌         | 254/5000 [00:03<01:06, 71.44 examples/s]
Map:   5%|▌         | 262/5000 [00:03<01:06, 71.23 examples/s]
Map:   5%|▌         | 271/5000 [00:04<01:05, 72.17 examples/s]
Map:   6%|▌         | 279/5000 [00:04<01:06, 70.69 examples/s]
Map:   6%|▌         | 287/5000 [00:04<01:07, 69.83 examples/s]
Map:   6%|▌         | 295/5000 [00:04<01:06, 70.27 examples/s]
Map:   6%|▌         | 303/5000 [00:04<01:08, 68.27 examples/s]
Map:   6%|▌         | 311/5000 [00:04<01:08, 68.41 examples/s]
Map:   6%|▋         | 319/5000 [00:04<01:10, 66.43 examples/s]
Map:   7%|▋         | 327/5000 [00:04<01:07, 68.82 examples/s]
Map:   7%|▋         | 335/5000 [00:04<01:06, 69.64 examples/s]
Map:   7%|▋         | 343/5000 [00:05<01:06, 69.81 examples/s]
Map:   7%|▋         | 351/5000 [00:05<01:05, 70.63 examples/s]
Map:   7%|▋         | 359/5000 [00:05<01:04, 71.44 examples/s]
Map:   7%|▋         | 367/5000 [00:05<01:05, 70.89 examples/s]
Map:   8%|▊         | 376/5000 [00:05<01:03, 72.37 examples/s]
Map:   8%|▊         | 384/5000 [00:05<01:04, 71.42 examples/s]
Map:   8%|▊         | 392/5000 [00:05<01:04, 71.54 examples/s]
Map:   8%|▊         | 400/5000 [00:05<01:04, 71.17 examples/s]
Map:   8%|▊         | 408/5000 [00:06<01:03, 71.76 examples/s]
Map:   8%|▊         | 417/5000 [00:06<01:02, 73.27 examples/s]
Map:   9%|▊         | 427/5000 [00:06<01:06, 68.89 examples/s]
Map:   9%|▊         | 435/5000 [00:06<01:05, 69.95 examples/s]
Map:   9%|▉         | 443/5000 [00:06<01:05, 69.70 examples/s]
Map:   9%|▉         | 451/5000 [00:06<01:04, 70.33 examples/s]
Map:   9%|▉         | 459/5000 [00:06<01:04, 70.74 examples/s]
Map:   9%|▉         | 471/5000 [00:06<01:03, 71.23 examples/s]
Map:  10%|▉         | 479/5000 [00:07<01:02, 71.82 examples/s]
Map:  10%|▉         | 487/5000 [00:07<01:03, 71.23 examples/s]
Map:  10%|▉         | 495/5000 [00:07<01:03, 70.71 examples/s]
Map:  10%|█         | 503/5000 [00:07<01:02, 72.23 examples/s]
Map:  10%|█         | 511/5000 [00:07<01:02, 72.08 examples/s]
Map:  10%|█         | 519/5000 [00:07<01:01, 73.27 examples/s]
Map:  11%|█         | 527/5000 [00:07<01:01, 73.12 examples/s]
Map:  11%|█         | 535/5000 [00:07<01:00, 73.39 examples/s]
Map:  11%|█         | 544/5000 [00:07<00:58, 75.61 examples/s]
Map:  11%|█         | 552/5000 [00:08<01:00, 74.07 examples/s]
Map:  11%|█         | 561/5000 [00:08<01:00, 73.43 examples/s]
Map:  11%|█▏        | 569/5000 [00:08<01:01, 72.47 examples/s]
Map:  12%|█▏        | 577/5000 [00:08<01:02, 71.03 examples/s]
Map:  12%|█▏        | 586/5000 [00:08<01:00, 73.25 examples/s]
Map:  12%|█▏        | 594/5000 [00:08<01:01, 72.14 examples/s]
Map:  12%|█▏        | 603/5000 [00:08<00:59, 73.83 examples/s]
Map:  12%|█▏        | 611/5000 [00:08<01:02, 70.68 examples/s]
Map:  12%|█▏        | 619/5000 [00:08<01:02, 70.35 examples/s]
Map:  13%|█▎        | 627/5000 [00:09<01:01, 70.55 examples/s]
Map:  13%|█▎        | 636/5000 [00:09<01:01, 71.27 examples/s]
Map:  13%|█▎        | 644/5000 [00:09<01:00, 71.64 examples/s]
Map:  13%|█▎        | 653/5000 [00:09<00:59, 72.52 examples/s]
Map:  13%|█▎        | 664/5000 [00:09<01:01, 70.82 examples/s]
Map:  14%|█▎        | 676/5000 [00:09<01:00, 71.43 examples/s]
Map:  14%|█▎        | 684/5000 [00:09<00:59, 72.24 examples/s]
Map:  14%|█▍        | 692/5000 [00:09<00:58, 73.11 examples/s]
Map:  14%|█▍        | 700/5000 [00:10<00:58, 73.42 examples/s]
Map:  14%|█▍        | 708/5000 [00:10<00:59, 72.02 examples/s]
Map:  14%|█▍        | 716/5000 [00:10<01:02, 68.61 examples/s]
Map:  14%|█▍        | 723/5000 [00:10<01:03, 66.98 examples/s]
Map:  15%|█▍        | 732/5000 [00:10<01:00, 70.31 examples/s]
Map:  15%|█▍        | 740/5000 [00:10<01:00, 69.99 examples/s]
Map:  15%|█▍        | 748/5000 [00:10<01:00, 69.75 examples/s]
Map:  15%|█▌        | 756/5000 [00:10<00:59, 71.58 examples/s]
Map:  15%|█▌        | 764/5000 [00:10<01:00, 69.92 examples/s]
Map:  15%|█▌        | 773/5000 [00:11<00:58, 72.18 examples/s]
Map:  16%|█▌        | 782/5000 [00:11<00:57, 73.58 examples/s]
Map:  16%|█▌        | 790/5000 [00:11<00:57, 73.77 examples/s]
Map:  16%|█▌        | 798/5000 [00:11<00:59, 70.57 examples/s]
Map:  16%|█▌        | 806/5000 [00:11<00:59, 70.17 examples/s]
Map:  16%|█▋        | 814/5000 [00:11<01:00, 69.04 examples/s]
Map:  16%|█▋        | 822/5000 [00:11<01:00, 69.13 examples/s]
Map:  17%|█▋        | 830/5000 [00:11<00:59, 70.26 examples/s]
Map:  17%|█▋        | 841/5000 [00:12<01:00, 68.50 examples/s]
Map:  17%|█▋        | 849/5000 [00:12<00:59, 70.06 examples/s]
Map:  17%|█▋        | 857/5000 [00:12<00:58, 71.33 examples/s]
Map:  17%|█▋        | 865/5000 [00:12<00:56, 72.55 examples/s]
Map:  17%|█▋        | 873/5000 [00:12<00:58, 71.04 examples/s]
Map:  18%|█▊        | 881/5000 [00:12<00:56, 72.31 examples/s]
Map:  18%|█▊        | 889/5000 [00:12<00:56, 72.50 examples/s]
Map:  18%|█▊        | 897/5000 [00:12<00:57, 70.74 examples/s]
Map:  18%|█▊        | 905/5000 [00:12<00:56, 72.16 examples/s]
Map:  18%|█▊        | 913/5000 [00:13<00:56, 72.92 examples/s]
Map:  18%|█▊        | 921/5000 [00:13<00:56, 72.46 examples/s]
Map:  19%|█▊        | 930/5000 [00:13<00:54, 74.53 examples/s]
Map:  19%|█▉        | 939/5000 [00:13<00:54, 74.95 examples/s]
Map:  19%|█▉        | 947/5000 [00:13<00:54, 74.31 examples/s]
Map:  19%|█▉        | 955/5000 [00:13<00:54, 74.26 examples/s]
Map:  19%|█▉        | 963/5000 [00:13<00:55, 73.06 examples/s]
Map:  19%|█▉        | 971/5000 [00:13<00:55, 73.15 examples/s]
Map:  20%|█▉        | 980/5000 [00:13<00:53, 75.14 examples/s]
Map:  20%|█▉        | 988/5000 [00:14<00:54, 74.21 examples/s]
Map:  20%|█▉        | 996/5000 [00:14<00:54, 74.04 examples/s]
Map:  20%|██        | 1006/5000 [00:14<01:10, 56.89 examples/s]
Map:  20%|██        | 1015/5000 [00:14<01:05, 61.04 examples/s]
Map:  20%|██        | 1024/5000 [00:14<01:01, 65.00 examples/s]
Map:  21%|██        | 1032/5000 [00:14<01:00, 65.32 examples/s]
Map:  21%|██        | 1040/5000 [00:14<00:58, 67.67 examples/s]
Map:  21%|██        | 1051/5000 [00:15<01:00, 64.88 examples/s]
Map:  21%|██        | 1059/5000 [00:15<00:59, 65.72 examples/s]
Map:  21%|██▏       | 1066/5000 [00:15<01:00, 64.70 examples/s]
Map:  21%|██▏       | 1074/5000 [00:15<00:59, 66.49 examples/s]
Map:  22%|██▏       | 1082/5000 [00:15<00:57, 67.60 examples/s]
Map:  22%|██▏       | 1090/5000 [00:15<00:56, 69.48 examples/s]
Map:  22%|██▏       | 1098/5000 [00:15<00:54, 71.37 examples/s]
Map:  22%|██▏       | 1106/5000 [00:15<00:53, 72.35 examples/s]
Map:  22%|██▏       | 1114/5000 [00:15<00:52, 73.35 examples/s]
Map:  22%|██▏       | 1122/5000 [00:16<00:52, 74.07 examples/s]
Map:  23%|██▎       | 1130/5000 [00:16<00:54, 70.83 examples/s]
Map:  23%|██▎       | 1138/5000 [00:16<00:55, 70.15 examples/s]
Map:  23%|██▎       | 1147/5000 [00:16<00:54, 70.49 examples/s]
Map:  23%|██▎       | 1155/5000 [00:16<00:53, 71.63 examples/s]
Map:  23%|██▎       | 1163/5000 [00:16<00:54, 70.74 examples/s]
Map:  23%|██▎       | 1171/5000 [00:16<00:55, 69.53 examples/s]
Map:  24%|██▎       | 1180/5000 [00:16<00:52, 72.29 examples/s]
Map:  24%|██▍       | 1188/5000 [00:17<00:54, 70.52 examples/s]
Map:  24%|██▍       | 1197/5000 [00:17<00:51, 73.96 examples/s]
Map:  24%|██▍       | 1205/5000 [00:17<00:51, 73.16 examples/s]
Map:  24%|██▍       | 1213/5000 [00:17<00:53, 70.66 examples/s]
Map:  24%|██▍       | 1222/5000 [00:17<00:51, 73.67 examples/s]
Map:  25%|██▍       | 1230/5000 [00:17<00:51, 72.53 examples/s]
Map:  25%|██▍       | 1238/5000 [00:17<00:51, 72.59 examples/s]
Map:  25%|██▍       | 1246/5000 [00:17<00:53, 69.67 examples/s]
Map:  25%|██▌       | 1255/5000 [00:17<00:52, 71.80 examples/s]
Map:  25%|██▌       | 1263/5000 [00:18<00:52, 70.90 examples/s]
Map:  25%|██▌       | 1271/5000 [00:18<00:53, 69.24 examples/s]
Map:  26%|██▌       | 1279/5000 [00:18<00:53, 69.01 examples/s]
Map:  26%|██▌       | 1287/5000 [00:18<00:52, 70.16 examples/s]
Map:  26%|██▌       | 1295/5000 [00:18<00:52, 70.74 examples/s]
Map:  26%|██▌       | 1304/5000 [00:18<00:50, 73.69 examples/s]
Map:  26%|██▌       | 1312/5000 [00:18<00:50, 73.54 examples/s]
Map:  26%|██▋       | 1320/5000 [00:18<00:51, 71.64 examples/s]
Map:  27%|██▋       | 1328/5000 [00:18<00:51, 71.25 examples/s]
Map:  27%|██▋       | 1339/5000 [00:19<00:52, 69.24 examples/s]
Map:  27%|██▋       | 1347/5000 [00:19<00:52, 69.87 examples/s]
Map:  27%|██▋       | 1355/5000 [00:19<00:51, 70.82 examples/s]
Map:  27%|██▋       | 1363/5000 [00:19<00:51, 70.69 examples/s]
Map:  27%|██▋       | 1372/5000 [00:19<00:50, 72.52 examples/s]
Map:  28%|██▊       | 1380/5000 [00:19<00:49, 72.72 examples/s]
Map:  28%|██▊       | 1388/5000 [00:19<00:50, 71.33 examples/s]
Map:  28%|██▊       | 1396/5000 [00:19<00:49, 73.29 examples/s]
Map:  28%|██▊       | 1405/5000 [00:20<00:48, 73.71 examples/s]
Map:  28%|██▊       | 1413/5000 [00:20<00:48, 74.08 examples/s]
Map:  28%|██▊       | 1423/5000 [00:20<00:48, 73.91 examples/s]
Map:  29%|██▊       | 1431/5000 [00:20<00:49, 72.50 examples/s]
Map:  29%|██▉       | 1439/5000 [00:20<00:48, 73.30 examples/s]
Map:  29%|██▉       | 1447/5000 [00:20<00:49, 71.32 examples/s]
Map:  29%|██▉       | 1457/5000 [00:20<00:48, 72.70 examples/s]
Map:  29%|██▉       | 1465/5000 [00:20<00:48, 72.99 examples/s]
Map:  29%|██▉       | 1473/5000 [00:20<00:48, 72.31 examples/s]
Map:  30%|██▉       | 1481/5000 [00:21<00:49, 71.65 examples/s]
Map:  30%|██▉       | 1490/5000 [00:21<00:47, 73.60 examples/s]
Map:  30%|███       | 1502/5000 [00:21<00:49, 70.87 examples/s]
Map:  30%|███       | 1510/5000 [00:21<00:48, 71.33 examples/s]
Map:  30%|███       | 1519/5000 [00:21<00:47, 73.27 examples/s]
Map:  31%|███       | 1528/5000 [00:21<00:48, 71.96 examples/s]
Map:  31%|███       | 1536/5000 [00:21<00:47, 72.57 examples/s]
Map:  31%|███       | 1545/5000 [00:21<00:46, 74.23 examples/s]
Map:  31%|███       | 1553/5000 [00:22<00:47, 72.57 examples/s]
Map:  31%|███       | 1562/5000 [00:22<00:47, 72.31 examples/s]
Map:  31%|███▏      | 1574/5000 [00:22<00:47, 72.06 examples/s]
Map:  32%|███▏      | 1585/5000 [00:22<00:48, 69.75 examples/s]
Map:  32%|███▏      | 1596/5000 [00:22<00:49, 68.37 examples/s]
Map:  32%|███▏      | 1605/5000 [00:22<00:49, 68.18 examples/s]
Map:  32%|███▏      | 1613/5000 [00:22<00:49, 68.73 examples/s]
Map:  32%|███▏      | 1621/5000 [00:23<00:50, 66.60 examples/s]
Map:  33%|███▎      | 1629/5000 [00:23<00:49, 67.80 examples/s]
Map:  33%|███▎      | 1638/5000 [00:23<00:47, 70.08 examples/s]
Map:  33%|███▎      | 1646/5000 [00:23<00:47, 70.42 examples/s]
Map:  33%|███▎      | 1654/5000 [00:23<00:47, 70.67 examples/s]
Map:  33%|███▎      | 1662/5000 [00:23<00:46, 72.17 examples/s]
Map:  33%|███▎      | 1670/5000 [00:23<00:45, 72.78 examples/s]
Map:  34%|███▎      | 1678/5000 [00:23<00:47, 70.08 examples/s]
Map:  34%|███▎      | 1686/5000 [00:23<00:46, 71.53 examples/s]
Map:  34%|███▍      | 1696/5000 [00:24<00:44, 73.44 examples/s]
Map:  34%|███▍      | 1704/5000 [00:24<00:44, 73.63 examples/s]
Map:  34%|███▍      | 1712/5000 [00:24<00:45, 72.87 examples/s]
Map:  34%|███▍      | 1721/5000 [00:24<00:43, 75.23 examples/s]
Map:  35%|███▍      | 1730/5000 [00:24<00:43, 74.56 examples/s]
Map:  35%|███▍      | 1738/5000 [00:24<00:44, 73.19 examples/s]
Map:  35%|███▍      | 1746/5000 [00:24<00:44, 73.28 examples/s]
Map:  35%|███▌      | 1757/5000 [00:24<00:45, 71.77 examples/s]
Map:  35%|███▌      | 1765/5000 [00:25<00:45, 70.43 examples/s]
Map:  35%|███▌      | 1773/5000 [00:25<00:45, 71.02 examples/s]
Map:  36%|███▌      | 1781/5000 [00:25<00:44, 72.36 examples/s]
Map:  36%|███▌      | 1789/5000 [00:25<00:44, 71.73 examples/s]
Map:  36%|███▌      | 1798/5000 [00:25<00:43, 73.64 examples/s]
Map:  36%|███▌      | 1807/5000 [00:25<00:42, 75.08 examples/s]
Map:  36%|███▋      | 1816/5000 [00:25<00:41, 76.34 examples/s]
Map:  36%|███▋      | 1824/5000 [00:25<00:42, 73.92 examples/s]
Map:  37%|███▋      | 1832/5000 [00:25<00:42, 73.94 examples/s]
Map:  37%|███▋      | 1841/5000 [00:26<00:41, 75.53 examples/s]
Map:  37%|███▋      | 1849/5000 [00:26<00:41, 75.18 examples/s]
Map:  37%|███▋      | 1858/5000 [00:26<00:41, 75.53 examples/s]
Map:  37%|███▋      | 1867/5000 [00:26<00:41, 75.11 examples/s]
Map:  38%|███▊      | 1875/5000 [00:26<00:42, 73.56 examples/s]
Map:  38%|███▊      | 1885/5000 [00:26<00:41, 75.61 examples/s]
Map:  38%|███▊      | 1893/5000 [00:26<00:41, 75.23 examples/s]
Map:  38%|███▊      | 1901/5000 [00:26<00:42, 73.46 examples/s]
Map:  38%|███▊      | 1911/5000 [00:27<00:40, 76.47 examples/s]
Map:  38%|███▊      | 1920/5000 [00:27<00:40, 76.78 examples/s]
Map:  39%|███▊      | 1928/5000 [00:27<00:41, 74.33 examples/s]
Map:  39%|███▊      | 1937/5000 [00:27<00:40, 75.52 examples/s]
Map:  39%|███▉      | 1946/5000 [00:27<00:40, 76.23 examples/s]
Map:  39%|███▉      | 1954/5000 [00:27<00:40, 75.50 examples/s]
Map:  39%|███▉      | 1962/5000 [00:27<00:40, 74.11 examples/s]
Map:  39%|███▉      | 1970/5000 [00:27<00:41, 72.44 examples/s]
Map:  40%|███▉      | 1978/5000 [00:27<00:40, 74.04 examples/s]
Map:  40%|███▉      | 1989/5000 [00:28<00:41, 72.96 examples/s]
Map:  40%|███▉      | 1997/5000 [00:28<00:41, 72.41 examples/s]
Map:  40%|████      | 2006/5000 [00:28<00:50, 58.87 examples/s]
Map:  40%|████      | 2014/5000 [00:28<00:47, 63.06 examples/s]
Map:  40%|████      | 2023/5000 [00:28<00:45, 65.24 examples/s]
Map:  41%|████      | 2031/5000 [00:28<00:44, 66.71 examples/s]
Map:  41%|████      | 2038/5000 [00:28<00:44, 66.12 examples/s]
Map:  41%|████      | 2046/5000 [00:28<00:43, 68.69 examples/s]
Map:  41%|████      | 2054/5000 [00:29<00:42, 69.06 examples/s]
Map:  41%|████      | 2062/5000 [00:29<00:42, 68.68 examples/s]
Map:  41%|████▏     | 2070/5000 [00:29<00:43, 67.43 examples/s]
Map:  42%|████▏     | 2079/5000 [00:29<00:41, 70.96 examples/s]
Map:  42%|████▏     | 2087/5000 [00:29<00:40, 71.93 examples/s]
Map:  42%|████▏     | 2096/5000 [00:29<00:39, 73.95 examples/s]
Map:  42%|████▏     | 2104/5000 [00:29<00:39, 72.60 examples/s]
Map:  42%|████▏     | 2113/5000 [00:29<00:39, 73.54 examples/s]
Map:  42%|████▏     | 2123/5000 [00:30<00:41, 69.29 examples/s]
Map:  43%|████▎     | 2131/5000 [00:30<00:41, 69.13 examples/s]
Map:  43%|████▎     | 2140/5000 [00:30<00:40, 71.02 examples/s]
Map:  43%|████▎     | 2152/5000 [00:30<00:40, 69.79 examples/s]
Map:  43%|████▎     | 2160/5000 [00:30<00:39, 71.03 examples/s]
Map:  43%|████▎     | 2168/5000 [00:30<00:39, 70.84 examples/s]
Map:  44%|████▎     | 2176/5000 [00:30<00:39, 71.03 examples/s]
Map:  44%|████▎     | 2184/5000 [00:30<00:39, 71.47 examples/s]
Map:  44%|████▍     | 2192/5000 [00:31<00:38, 72.47 examples/s]
Map:  44%|████▍     | 2204/5000 [00:31<00:39, 71.62 examples/s]
Map:  44%|████▍     | 2213/5000 [00:31<00:38, 72.75 examples/s]
Map:  44%|████▍     | 2221/5000 [00:31<00:37, 73.73 examples/s]
Map:  45%|████▍     | 2232/5000 [00:31<00:39, 70.02 examples/s]
Map:  45%|████▍     | 2240/5000 [00:31<00:39, 69.23 examples/s]
Map:  45%|████▍     | 2248/5000 [00:31<00:39, 69.53 examples/s]
Map:  45%|████▌     | 2257/5000 [00:31<00:39, 70.21 examples/s]
Map:  45%|████▌     | 2265/5000 [00:32<00:38, 71.91 examples/s]
Map:  45%|████▌     | 2274/5000 [00:32<00:38, 71.72 examples/s]
Map:  46%|████▌     | 2282/5000 [00:32<00:37, 71.80 examples/s]
Map:  46%|████▌     | 2290/5000 [00:32<00:38, 69.95 examples/s]
Map:  46%|████▌     | 2298/5000 [00:32<00:38, 70.18 examples/s]
Map:  46%|████▌     | 2307/5000 [00:32<00:37, 71.09 examples/s]
Map:  46%|████▋     | 2315/5000 [00:32<00:37, 71.39 examples/s]
Map:  46%|████▋     | 2324/5000 [00:32<00:36, 73.80 examples/s]
Map:  47%|████▋     | 2332/5000 [00:32<00:35, 74.44 examples/s]
Map:  47%|████▋     | 2341/5000 [00:33<00:35, 75.88 examples/s]
Map:  47%|████▋     | 2349/5000 [00:33<00:35, 73.74 examples/s]
Map:  47%|████▋     | 2357/5000 [00:33<00:36, 72.69 examples/s]
Map:  47%|████▋     | 2365/5000 [00:33<00:36, 71.33 examples/s]
Map:  47%|████▋     | 2373/5000 [00:33<00:36, 71.10 examples/s]
Map:  48%|████▊     | 2381/5000 [00:33<00:36, 71.93 examples/s]
Map:  48%|████▊     | 2392/5000 [00:33<00:37, 69.97 examples/s]
Map:  48%|████▊     | 2400/5000 [00:33<00:36, 70.64 examples/s]
Map:  48%|████▊     | 2410/5000 [00:34<00:35, 73.53 examples/s]
Map:  48%|████▊     | 2418/5000 [00:34<00:35, 72.15 examples/s]
Map:  49%|████▊     | 2426/5000 [00:34<00:35, 73.03 examples/s]
Map:  49%|████▊     | 2434/5000 [00:34<00:35, 72.61 examples/s]
Map:  49%|████▉     | 2442/5000 [00:34<00:35, 72.44 examples/s]
Map:  49%|████▉     | 2452/5000 [00:34<00:33, 76.04 examples/s]
Map:  49%|████▉     | 2461/5000 [00:34<00:33, 75.34 examples/s]
Map:  49%|████▉     | 2469/5000 [00:34<00:33, 75.62 examples/s]
Map:  50%|████▉     | 2478/5000 [00:34<00:32, 76.56 examples/s]
Map:  50%|████▉     | 2486/5000 [00:35<00:33, 74.73 examples/s]
Map:  50%|████▉     | 2494/5000 [00:35<00:34, 73.03 examples/s]
Map:  50%|█████     | 2503/5000 [00:35<00:33, 74.31 examples/s]
Map:  50%|█████     | 2512/5000 [00:35<00:32, 75.95 examples/s]
Map:  50%|█████     | 2520/5000 [00:35<00:32, 75.51 examples/s]
Map:  51%|█████     | 2528/5000 [00:35<00:32, 75.07 examples/s]
Map:  51%|█████     | 2538/5000 [00:35<00:32, 76.27 examples/s]
Map:  51%|█████     | 2546/5000 [00:35<00:33, 73.67 examples/s]
Map:  51%|█████     | 2554/5000 [00:35<00:33, 73.15 examples/s]
Map:  51%|█████     | 2562/5000 [00:36<00:33, 72.39 examples/s]
Map:  51%|█████▏    | 2570/5000 [00:36<00:33, 72.32 examples/s]
Map:  52%|█████▏    | 2578/5000 [00:36<00:33, 72.36 examples/s]
Map:  52%|█████▏    | 2586/5000 [00:36<00:34, 70.38 examples/s]
Map:  52%|█████▏    | 2594/5000 [00:36<00:34, 70.27 examples/s]
Map:  52%|█████▏    | 2603/5000 [00:36<00:32, 73.41 examples/s]
Map:  52%|█████▏    | 2611/5000 [00:36<00:32, 73.46 examples/s]
Map:  52%|█████▏    | 2620/5000 [00:36<00:31, 75.83 examples/s]
Map:  53%|█████▎    | 2628/5000 [00:37<00:32, 73.52 examples/s]
Map:  53%|█████▎    | 2638/5000 [00:37<00:31, 74.82 examples/s]
Map:  53%|█████▎    | 2646/5000 [00:37<00:32, 73.36 examples/s]
Map:  53%|█████▎    | 2655/5000 [00:37<00:31, 75.22 examples/s]
Map:  53%|█████▎    | 2664/5000 [00:37<00:30, 76.99 examples/s]
Map:  53%|█████▎    | 2673/5000 [00:37<00:30, 77.32 examples/s]
Map:  54%|█████▎    | 2681/5000 [00:37<00:31, 74.19 examples/s]
Map:  54%|█████▍    | 2690/5000 [00:37<00:31, 74.42 examples/s]
Map:  54%|█████▍    | 2698/5000 [00:37<00:31, 73.28 examples/s]
Map:  54%|█████▍    | 2706/5000 [00:38<00:31, 73.03 examples/s]
Map:  54%|█████▍    | 2715/5000 [00:38<00:30, 75.49 examples/s]
Map:  54%|█████▍    | 2724/5000 [00:38<00:29, 76.36 examples/s]
Map:  55%|█████▍    | 2735/5000 [00:38<00:32, 70.31 examples/s]
Map:  55%|█████▍    | 2744/5000 [00:38<00:31, 72.12 examples/s]
Map:  55%|█████▌    | 2753/5000 [00:38<00:30, 73.46 examples/s]
Map:  55%|█████▌    | 2761/5000 [00:38<00:30, 73.08 examples/s]
Map:  55%|█████▌    | 2770/5000 [00:38<00:30, 72.62 examples/s]
Map:  56%|█████▌    | 2778/5000 [00:39<00:30, 72.44 examples/s]
Map:  56%|█████▌    | 2786/5000 [00:39<00:30, 72.36 examples/s]
Map:  56%|█████▌    | 2794/5000 [00:39<00:30, 72.56 examples/s]
Map:  56%|█████▌    | 2805/5000 [00:39<00:30, 71.19 examples/s]
Map:  56%|█████▋    | 2814/5000 [00:39<00:30, 72.04 examples/s]
Map:  56%|█████▋    | 2823/5000 [00:39<00:30, 71.78 examples/s]
Map:  57%|█████▋    | 2832/5000 [00:39<00:29, 73.38 examples/s]
Map:  57%|█████▋    | 2840/5000 [00:39<00:29, 72.72 examples/s]
Map:  57%|█████▋    | 2848/5000 [00:40<00:29, 72.25 examples/s]
Map:  57%|█████▋    | 2857/5000 [00:40<00:28, 74.05 examples/s]
Map:  57%|█████▋    | 2866/5000 [00:40<00:28, 74.85 examples/s]
Map:  57%|█████▊    | 2875/5000 [00:40<00:28, 74.06 examples/s]
Map:  58%|█████▊    | 2887/5000 [00:40<00:28, 73.02 examples/s]
Map:  58%|█████▊    | 2895/5000 [00:40<00:28, 73.86 examples/s]
Map:  58%|█████▊    | 2903/5000 [00:40<00:28, 72.53 examples/s]
Map:  58%|█████▊    | 2911/5000 [00:40<00:29, 70.25 examples/s]
Map:  58%|█████▊    | 2922/5000 [00:41<00:30, 69.11 examples/s]
Map:  59%|█████▊    | 2930/5000 [00:41<00:29, 69.10 examples/s]
Map:  59%|█████▉    | 2939/5000 [00:41<00:29, 70.33 examples/s]
Map:  59%|█████▉    | 2947/5000 [00:41<00:28, 71.93 examples/s]
Map:  59%|█████▉    | 2955/5000 [00:41<00:27, 73.14 examples/s]
Map:  59%|█████▉    | 2965/5000 [00:41<00:26, 75.90 examples/s]
Map:  59%|█████▉    | 2973/5000 [00:41<00:27, 74.95 examples/s]
Map:  60%|█████▉    | 2981/5000 [00:41<00:27, 72.29 examples/s]
Map:  60%|█████▉    | 2989/5000 [00:41<00:28, 71.01 examples/s]
Map:  60%|█████▉    | 2998/5000 [00:42<00:27, 71.58 examples/s]
Map:  60%|██████    | 3008/5000 [00:42<00:35, 56.37 examples/s]
Map:  60%|██████    | 3015/5000 [00:42<00:33, 58.40 examples/s]
Map:  60%|██████    | 3022/5000 [00:42<00:33, 59.33 examples/s]
Map:  61%|██████    | 3030/5000 [00:42<00:31, 62.91 examples/s]
Map:  61%|██████    | 3039/5000 [00:42<00:29, 66.53 examples/s]
Map:  61%|██████    | 3049/5000 [00:42<00:29, 65.27 examples/s]
Map:  61%|██████    | 3057/5000 [00:43<00:29, 66.09 examples/s]
Map:  61%|██████▏   | 3065/5000 [00:43<00:28, 68.26 examples/s]
Map:  61%|██████▏   | 3073/5000 [00:43<00:28, 67.25 examples/s]
Map:  62%|██████▏   | 3083/5000 [00:43<00:27, 70.44 examples/s]
Map:  62%|██████▏   | 3091/5000 [00:43<00:27, 70.38 examples/s]
Map:  62%|██████▏   | 3099/5000 [00:43<00:27, 69.28 examples/s]
Map:  62%|██████▏   | 3108/5000 [00:43<00:26, 71.75 examples/s]
Map:  62%|██████▏   | 3117/5000 [00:43<00:25, 73.48 examples/s]
Map:  62%|██████▎   | 3125/5000 [00:44<00:26, 70.32 examples/s]
Map:  63%|██████▎   | 3133/5000 [00:44<00:26, 70.63 examples/s]
Map:  63%|██████▎   | 3141/5000 [00:44<00:26, 69.75 examples/s]
Map:  63%|██████▎   | 3149/5000 [00:44<00:26, 69.27 examples/s]
Map:  63%|██████▎   | 3157/5000 [00:44<00:27, 68.03 examples/s]
Map:  63%|██████▎   | 3166/5000 [00:44<00:25, 70.76 examples/s]
Map:  64%|██████▎   | 3175/5000 [00:44<00:25, 72.71 examples/s]
Map:  64%|██████▎   | 3184/5000 [00:44<00:24, 73.34 examples/s]
Map:  64%|██████▍   | 3192/5000 [00:44<00:25, 70.79 examples/s]
Map:  64%|██████▍   | 3201/5000 [00:45<00:24, 72.61 examples/s]
Map:  64%|██████▍   | 3209/5000 [00:45<00:24, 72.60 examples/s]
Map:  64%|██████▍   | 3217/5000 [00:45<00:24, 72.25 examples/s]
Map:  65%|██████▍   | 3226/5000 [00:45<00:24, 73.28 examples/s]
Map:  65%|██████▍   | 3234/5000 [00:45<00:23, 74.11 examples/s]
Map:  65%|██████▍   | 3242/5000 [00:45<00:23, 74.35 examples/s]
Map:  65%|██████▌   | 3250/5000 [00:45<00:23, 74.06 examples/s]
Map:  65%|██████▌   | 3258/5000 [00:45<00:23, 73.77 examples/s]
Map:  65%|██████▌   | 3267/5000 [00:45<00:23, 74.46 examples/s]
Map:  66%|██████▌   | 3275/5000 [00:46<00:23, 73.74 examples/s]
Map:  66%|██████▌   | 3283/5000 [00:46<00:23, 73.07 examples/s]
Map:  66%|██████▌   | 3291/5000 [00:46<00:24, 68.75 examples/s]
Map:  66%|██████▌   | 3299/5000 [00:46<00:24, 69.59 examples/s]
Map:  66%|██████▌   | 3308/5000 [00:46<00:23, 72.04 examples/s]
Map:  66%|██████▋   | 3319/5000 [00:46<00:24, 69.68 examples/s]
Map:  67%|██████▋   | 3327/5000 [00:46<00:23, 69.79 examples/s]
Map:  67%|██████▋   | 3335/5000 [00:46<00:23, 70.01 examples/s]
Map:  67%|██████▋   | 3343/5000 [00:47<00:23, 71.66 examples/s]
Map:  67%|██████▋   | 3352/5000 [00:47<00:22, 73.20 examples/s]
Map:  67%|██████▋   | 3360/5000 [00:47<00:22, 73.84 examples/s]
Map:  67%|██████▋   | 3368/5000 [00:47<00:22, 73.04 examples/s]
Map:  68%|██████▊   | 3376/5000 [00:47<00:22, 72.80 examples/s]
Map:  68%|██████▊   | 3384/5000 [00:47<00:21, 73.85 examples/s]
Map:  68%|██████▊   | 3395/5000 [00:47<00:22, 71.31 examples/s]
Map:  68%|██████▊   | 3403/5000 [00:47<00:22, 72.51 examples/s]
Map:  68%|██████▊   | 3411/5000 [00:47<00:22, 72.12 examples/s]
Map:  68%|██████▊   | 3419/5000 [00:48<00:21, 73.52 examples/s]
Map:  69%|██████▊   | 3428/5000 [00:48<00:21, 74.53 examples/s]
Map:  69%|██████▊   | 3436/5000 [00:48<00:21, 74.07 examples/s]
Map:  69%|██████▉   | 3447/5000 [00:48<00:21, 70.83 examples/s]
Map:  69%|██████▉   | 3455/5000 [00:48<00:22, 69.95 examples/s]
Map:  69%|██████▉   | 3463/5000 [00:48<00:22, 68.07 examples/s]
Map:  69%|██████▉   | 3472/5000 [00:48<00:21, 71.00 examples/s]
Map:  70%|██████▉   | 3481/5000 [00:48<00:21, 71.92 examples/s]
Map:  70%|██████▉   | 3489/5000 [00:49<00:20, 72.71 examples/s]
Map:  70%|██████▉   | 3497/5000 [00:49<00:21, 70.66 examples/s]
Map:  70%|███████   | 3506/5000 [00:49<00:20, 72.46 examples/s]
Map:  70%|███████   | 3514/5000 [00:49<00:20, 74.08 examples/s]
Map:  70%|███████   | 3522/5000 [00:49<00:19, 75.08 examples/s]
Map:  71%|███████   | 3530/5000 [00:49<00:19, 73.83 examples/s]
Map:  71%|███████   | 3538/5000 [00:49<00:20, 71.55 examples/s]
Map:  71%|███████   | 3547/5000 [00:49<00:20, 71.57 examples/s]
Map:  71%|███████   | 3555/5000 [00:49<00:20, 71.57 examples/s]
Map:  71%|███████▏  | 3564/5000 [00:50<00:19, 74.60 examples/s]
Map:  71%|███████▏  | 3572/5000 [00:50<00:19, 73.60 examples/s]
Map:  72%|███████▏  | 3580/5000 [00:50<00:19, 74.22 examples/s]
Map:  72%|███████▏  | 3588/5000 [00:50<00:18, 74.95 examples/s]
Map:  72%|███████▏  | 3597/5000 [00:50<00:18, 74.42 examples/s]
Map:  72%|███████▏  | 3605/5000 [00:50<00:19, 72.73 examples/s]
Map:  72%|███████▏  | 3613/5000 [00:50<00:19, 72.91 examples/s]
Map:  72%|███████▏  | 3622/5000 [00:50<00:18, 73.19 examples/s]
Map:  73%|███████▎  | 3630/5000 [00:50<00:18, 73.91 examples/s]
Map:  73%|███████▎  | 3639/5000 [00:51<00:17, 76.18 examples/s]
Map:  73%|███████▎  | 3647/5000 [00:51<00:18, 73.14 examples/s]
Map:  73%|███████▎  | 3656/5000 [00:51<00:18, 72.92 examples/s]
Map:  73%|███████▎  | 3664/5000 [00:51<00:18, 74.08 examples/s]
Map:  73%|███████▎  | 3673/5000 [00:51<00:17, 74.42 examples/s]
Map:  74%|███████▎  | 3682/5000 [00:51<00:17, 75.30 examples/s]
Map:  74%|███████▍  | 3690/5000 [00:51<00:17, 73.28 examples/s]
Map:  74%|███████▍  | 3698/5000 [00:51<00:18, 71.95 examples/s]
Map:  74%|███████▍  | 3707/5000 [00:52<00:18, 71.63 examples/s]
Map:  74%|███████▍  | 3716/5000 [00:52<00:17, 73.43 examples/s]
Map:  75%|███████▍  | 3726/5000 [00:52<00:16, 76.40 examples/s]
Map:  75%|███████▍  | 3735/5000 [00:52<00:16, 75.42 examples/s]
Map:  75%|███████▍  | 3743/5000 [00:52<00:16, 75.15 examples/s]
Map:  75%|███████▌  | 3751/5000 [00:52<00:16, 74.71 examples/s]
Map:  75%|███████▌  | 3759/5000 [00:52<00:16, 73.84 examples/s]
Map:  75%|███████▌  | 3767/5000 [00:52<00:16, 72.98 examples/s]
Map:  76%|███████▌  | 3775/5000 [00:52<00:16, 72.82 examples/s]
Map:  76%|███████▌  | 3783/5000 [00:53<00:16, 73.69 examples/s]
Map:  76%|███████▌  | 3791/5000 [00:53<00:16, 74.43 examples/s]
Map:  76%|███████▌  | 3802/5000 [00:53<00:16, 70.50 examples/s]
Map:  76%|███████▌  | 3810/5000 [00:53<00:17, 69.89 examples/s]
Map:  76%|███████▋  | 3819/5000 [00:53<00:16, 73.11 examples/s]
Map:  77%|███████▋  | 3828/5000 [00:53<00:15, 74.89 examples/s]
Map:  77%|███████▋  | 3836/5000 [00:53<00:16, 72.09 examples/s]
Map:  77%|███████▋  | 3844/5000 [00:53<00:16, 72.08 examples/s]
Map:  77%|███████▋  | 3854/5000 [00:54<00:15, 76.17 examples/s]
Map:  77%|███████▋  | 3862/5000 [00:54<00:15, 73.76 examples/s]
Map:  77%|███████▋  | 3870/5000 [00:54<00:15, 72.02 examples/s]
Map:  78%|███████▊  | 3878/5000 [00:54<00:15, 71.76 examples/s]
Map:  78%|███████▊  | 3887/5000 [00:54<00:15, 73.88 examples/s]
Map:  78%|███████▊  | 3895/5000 [00:54<00:15, 73.47 examples/s]
Map:  78%|███████▊  | 3903/5000 [00:54<00:14, 74.14 examples/s]
Map:  78%|███████▊  | 3911/5000 [00:54<00:14, 73.88 examples/s]
Map:  78%|███████▊  | 3919/5000 [00:54<00:14, 73.40 examples/s]
Map:  79%|███████▊  | 3927/5000 [00:55<00:14, 73.30 examples/s]
Map:  79%|███████▊  | 3935/5000 [00:55<00:15, 70.01 examples/s]
Map:  79%|███████▉  | 3943/5000 [00:55<00:15, 69.54 examples/s]
Map:  79%|███████▉  | 3951/5000 [00:55<00:14, 70.18 examples/s]
Map:  79%|███████▉  | 3959/5000 [00:55<00:15, 68.49 examples/s]
Map:  79%|███████▉  | 3967/5000 [00:55<00:15, 68.75 examples/s]
Map:  80%|███████▉  | 3976/5000 [00:55<00:14, 71.18 examples/s]
Map:  80%|███████▉  | 3984/5000 [00:55<00:14, 71.50 examples/s]
Map:  80%|███████▉  | 3992/5000 [00:55<00:14, 71.56 examples/s]
Map:  80%|████████  | 4000/5000 [00:56<00:16, 60.02 examples/s]
Map:  80%|████████  | 4008/5000 [00:56<00:15, 62.43 examples/s]
Map:  80%|████████  | 4015/5000 [00:56<00:15, 62.94 examples/s]
Map:  80%|████████  | 4023/5000 [00:56<00:14, 65.78 examples/s]
Map:  81%|████████  | 4031/5000 [00:56<00:14, 65.49 examples/s]
Map:  81%|████████  | 4040/5000 [00:56<00:14, 67.34 examples/s]
Map:  81%|████████  | 4049/5000 [00:56<00:13, 69.78 examples/s]
Map:  81%|████████  | 4057/5000 [00:56<00:13, 67.81 examples/s]
Map:  81%|████████▏ | 4064/5000 [00:57<00:14, 63.59 examples/s]
Map:  81%|████████▏ | 4071/5000 [00:57<00:14, 64.49 examples/s]
Map:  82%|████████▏ | 4080/5000 [00:57<00:13, 68.79 examples/s]
Map:  82%|████████▏ | 4088/5000 [00:57<00:12, 70.82 examples/s]
Map:  82%|████████▏ | 4096/5000 [00:57<00:12, 72.10 examples/s]
Map:  82%|████████▏ | 4105/5000 [00:57<00:12, 72.70 examples/s]
Map:  82%|████████▏ | 4113/5000 [00:57<00:12, 70.88 examples/s]
Map:  82%|████████▏ | 4122/5000 [00:57<00:12, 70.89 examples/s]
Map:  83%|████████▎ | 4131/5000 [00:58<00:11, 73.30 examples/s]
Map:  83%|████████▎ | 4140/5000 [00:58<00:11, 71.95 examples/s]
Map:  83%|████████▎ | 4148/5000 [00:58<00:12, 70.53 examples/s]
Map:  83%|████████▎ | 4157/5000 [00:58<00:11, 72.62 examples/s]
Map:  83%|████████▎ | 4168/5000 [00:58<00:12, 68.97 examples/s]
Map:  84%|████████▎ | 4176/5000 [00:58<00:12, 68.12 examples/s]
Map:  84%|████████▎ | 4185/5000 [00:58<00:11, 70.43 examples/s]
Map:  84%|████████▍ | 4193/5000 [00:58<00:11, 70.55 examples/s]
Map:  84%|████████▍ | 4201/5000 [00:59<00:11, 70.80 examples/s]
Map:  84%|████████▍ | 4209/5000 [00:59<00:11, 71.47 examples/s]
Map:  84%|████████▍ | 4217/5000 [00:59<00:10, 71.78 examples/s]
Map:  85%|████████▍ | 4228/5000 [00:59<00:10, 70.68 examples/s]
Map:  85%|████████▍ | 4237/5000 [00:59<00:10, 72.75 examples/s]
Map:  85%|████████▍ | 4245/5000 [00:59<00:10, 71.95 examples/s]
Map:  85%|████████▌ | 4253/5000 [00:59<00:10, 73.37 examples/s]
Map:  85%|████████▌ | 4261/5000 [00:59<00:10, 73.55 examples/s]
Map:  85%|████████▌ | 4269/5000 [00:59<00:10, 72.13 examples/s]
Map:  86%|████████▌ | 4278/5000 [01:00<00:09, 74.27 examples/s]
Map:  86%|████████▌ | 4286/5000 [01:00<00:09, 72.82 examples/s]
Map:  86%|████████▌ | 4294/5000 [01:00<00:09, 72.86 examples/s]
Map:  86%|████████▌ | 4302/5000 [01:00<00:09, 69.82 examples/s]
Map:  86%|████████▌ | 4311/5000 [01:00<00:09, 72.48 examples/s]
Map:  86%|████████▋ | 4320/5000 [01:00<00:09, 73.24 examples/s]
Map:  87%|████████▋ | 4329/5000 [01:00<00:09, 73.87 examples/s]
Map:  87%|████████▋ | 4337/5000 [01:00<00:08, 74.72 examples/s]
Map:  87%|████████▋ | 4346/5000 [01:00<00:08, 76.70 examples/s]
Map:  87%|████████▋ | 4354/5000 [01:01<00:09, 70.52 examples/s]
Map:  87%|████████▋ | 4362/5000 [01:01<00:08, 71.03 examples/s]
Map:  87%|████████▋ | 4372/5000 [01:01<00:08, 74.28 examples/s]
Map:  88%|████████▊ | 4380/5000 [01:01<00:08, 71.63 examples/s]
Map:  88%|████████▊ | 4391/5000 [01:01<00:08, 69.41 examples/s]
Map:  88%|████████▊ | 4399/5000 [01:01<00:08, 69.58 examples/s]
Map:  88%|████████▊ | 4407/5000 [01:01<00:08, 68.89 examples/s]
Map:  88%|████████▊ | 4416/5000 [01:01<00:08, 70.41 examples/s]
Map:  88%|████████▊ | 4425/5000 [01:02<00:07, 72.72 examples/s]
Map:  89%|████████▊ | 4434/5000 [01:02<00:07, 72.94 examples/s]
Map:  89%|████████▉ | 4444/5000 [01:02<00:08, 66.85 examples/s]
Map:  89%|████████▉ | 4452/5000 [01:02<00:07, 68.53 examples/s]
Map:  89%|████████▉ | 4460/5000 [01:02<00:07, 70.49 examples/s]
Map:  89%|████████▉ | 4468/5000 [01:02<00:07, 72.46 examples/s]
Map:  90%|████████▉ | 4476/5000 [01:02<00:07, 71.46 examples/s]
Map:  90%|████████▉ | 4485/5000 [01:02<00:06, 74.77 examples/s]
Map:  90%|████████▉ | 4493/5000 [01:03<00:06, 74.92 examples/s]
Map:  90%|█████████ | 4502/5000 [01:03<00:06, 75.05 examples/s]
Map:  90%|█████████ | 4510/5000 [01:03<00:06, 75.61 examples/s]
Map:  90%|█████████ | 4518/5000 [01:03<00:06, 74.90 examples/s]
Map:  91%|█████████ | 4526/5000 [01:03<00:06, 74.64 examples/s]
Map:  91%|█████████ | 4536/5000 [01:03<00:05, 78.44 examples/s]
Map:  91%|█████████ | 4545/5000 [01:03<00:05, 77.87 examples/s]
Map:  91%|█████████ | 4554/5000 [01:03<00:05, 80.20 examples/s]
Map:  91%|█████████▏| 4563/5000 [01:03<00:05, 77.13 examples/s]
Map:  91%|█████████▏| 4571/5000 [01:04<00:05, 76.56 examples/s]
Map:  92%|█████████▏| 4579/5000 [01:04<00:05, 74.32 examples/s]
Map:  92%|█████████▏| 4587/5000 [01:04<00:05, 73.29 examples/s]
Map:  92%|█████████▏| 4595/5000 [01:04<00:05, 72.97 examples/s]
Map:  92%|█████████▏| 4604/5000 [01:04<00:05, 75.22 examples/s]
Map:  92%|█████████▏| 4612/5000 [01:04<00:05, 72.49 examples/s]
Map:  92%|█████████▏| 4620/5000 [01:04<00:05, 73.79 examples/s]
Map:  93%|█████████▎| 4628/5000 [01:04<00:05, 72.79 examples/s]
Map:  93%|█████████▎| 4636/5000 [01:04<00:05, 72.28 examples/s]
Map:  93%|█████████▎| 4644/5000 [01:05<00:04, 71.37 examples/s]
Map:  93%|█████████▎| 4652/5000 [01:05<00:05, 68.19 examples/s]
Map:  93%|█████████▎| 4660/5000 [01:05<00:04, 68.11 examples/s]
Map:  93%|█████████▎| 4668/5000 [01:05<00:04, 69.41 examples/s]
Map:  94%|█████████▎| 4677/5000 [01:05<00:04, 69.60 examples/s]
Map:  94%|█████████▎| 4685/5000 [01:05<00:04, 69.35 examples/s]
Map:  94%|█████████▍| 4694/5000 [01:05<00:04, 70.83 examples/s]
Map:  94%|█████████▍| 4703/5000 [01:05<00:04, 71.89 examples/s]
Map:  94%|█████████▍| 4712/5000 [01:06<00:03, 74.29 examples/s]
Map:  94%|█████████▍| 4722/5000 [01:06<00:03, 70.46 examples/s]
Map:  95%|█████████▍| 4730/5000 [01:06<00:03, 71.72 examples/s]
Map:  95%|█████████▍| 4738/5000 [01:06<00:03, 71.28 examples/s]
Map:  95%|█████████▍| 4746/5000 [01:06<00:03, 72.18 examples/s]
Map:  95%|█████████▌| 4754/5000 [01:06<00:03, 72.45 examples/s]
Map:  95%|█████████▌| 4765/5000 [01:06<00:03, 69.86 examples/s]
Map:  96%|█████████▌| 4775/5000 [01:06<00:03, 64.38 examples/s]
Map:  96%|█████████▌| 4785/5000 [01:07<00:03, 63.26 examples/s]
Map:  96%|█████████▌| 4793/5000 [01:07<00:03, 63.90 examples/s]
Map:  96%|█████████▌| 4801/5000 [01:07<00:03, 65.54 examples/s]
Map:  96%|█████████▌| 4809/5000 [01:07<00:02, 65.36 examples/s]
Map:  96%|█████████▋| 4816/5000 [01:07<00:02, 65.75 examples/s]
Map:  96%|█████████▋| 4824/5000 [01:07<00:02, 67.29 examples/s]
Map:  97%|█████████▋| 4832/5000 [01:07<00:02, 67.44 examples/s]
Map:  97%|█████████▋| 4840/5000 [01:07<00:02, 66.38 examples/s]
Map:  97%|█████████▋| 4848/5000 [01:08<00:02, 66.79 examples/s]
Map:  97%|█████████▋| 4856/5000 [01:08<00:02, 67.52 examples/s]
Map:  97%|█████████▋| 4864/5000 [01:08<00:01, 68.41 examples/s]
Map:  97%|█████████▋| 4872/5000 [01:08<00:01, 68.62 examples/s]
Map:  98%|█████████▊| 4880/5000 [01:08<00:01, 69.58 examples/s]
Map:  98%|█████████▊| 4889/5000 [01:08<00:01, 71.29 examples/s]
Map:  98%|█████████▊| 4897/5000 [01:08<00:01, 71.24 examples/s]
Map:  98%|█████████▊| 4905/5000 [01:08<00:01, 72.77 examples/s]
Map:  98%|█████████▊| 4913/5000 [01:08<00:01, 73.07 examples/s]
Map:  98%|█████████▊| 4921/5000 [01:09<00:01, 73.17 examples/s]
Map:  99%|█████████▊| 4929/5000 [01:09<00:00, 73.17 examples/s]
Map:  99%|█████████▊| 4937/5000 [01:09<00:00, 72.25 examples/s]
Map:  99%|█████████▉| 4946/5000 [01:09<00:00, 73.17 examples/s]
Map:  99%|█████████▉| 4954/5000 [01:09<00:00, 73.28 examples/s]
Map:  99%|█████████▉| 4962/5000 [01:09<00:00, 71.48 examples/s]
Map:  99%|█████████▉| 4971/5000 [01:09<00:00, 71.97 examples/s]
Map: 100%|█████████▉| 4979/5000 [01:09<00:00, 71.27 examples/s]
Map: 100%|█████████▉| 4988/5000 [01:10<00:00, 74.06 examples/s]
Map: 100%|█████████▉| 4996/5000 [01:10<00:00, 74.04 examples/s]
Map: 100%|██████████| 5000/5000 [01:10<00:00, 71.14 examples/s]

Map:   0%|          | 0/500 [00:00<?, ? examples/s]
Map:   2%|▏         | 8/500 [00:00<00:07, 66.08 examples/s]
Map:   3%|▎         | 16/500 [00:00<00:06, 72.54 examples/s]
Map:   5%|▌         | 25/500 [00:00<00:06, 72.48 examples/s]
Map:   7%|▋         | 33/500 [00:00<00:06, 72.21 examples/s]
Map:   8%|▊         | 41/500 [00:00<00:06, 71.37 examples/s]
Map:  10%|▉         | 49/500 [00:00<00:06, 70.07 examples/s]
Map:  11%|█▏        | 57/500 [00:00<00:06, 72.34 examples/s]
Map:  13%|█▎        | 66/500 [00:00<00:05, 74.07 examples/s]
Map:  15%|█▍        | 74/500 [00:01<00:05, 74.44 examples/s]
Map:  16%|█▋        | 82/500 [00:01<00:05, 74.65 examples/s]
Map:  19%|█▊        | 93/500 [00:01<00:05, 70.26 examples/s]
Map:  20%|██        | 101/500 [00:01<00:05, 70.99 examples/s]
Map:  22%|██▏       | 112/500 [00:01<00:05, 67.67 examples/s]
Map:  24%|██▍       | 120/500 [00:01<00:05, 67.98 examples/s]
Map:  26%|██▌       | 129/500 [00:01<00:05, 70.65 examples/s]
Map:  27%|██▋       | 137/500 [00:01<00:05, 71.64 examples/s]
Map:  29%|██▉       | 145/500 [00:02<00:05, 70.88 examples/s]
Map:  31%|███       | 153/500 [00:02<00:04, 70.69 examples/s]
Map:  32%|███▏      | 162/500 [00:02<00:04, 73.21 examples/s]
Map:  34%|███▍      | 172/500 [00:02<00:04, 75.63 examples/s]
Map:  36%|███▌      | 180/500 [00:02<00:04, 73.06 examples/s]
Map:  38%|███▊      | 188/500 [00:02<00:04, 73.59 examples/s]
Map:  40%|███▉      | 199/500 [00:02<00:04, 68.69 examples/s]
Map:  42%|████▏     | 208/500 [00:02<00:04, 70.25 examples/s]
Map:  43%|████▎     | 216/500 [00:03<00:04, 69.14 examples/s]
Map:  45%|████▍     | 224/500 [00:03<00:03, 69.27 examples/s]
Map:  46%|████▋     | 232/500 [00:03<00:03, 70.87 examples/s]
Map:  49%|████▉     | 244/500 [00:03<00:03, 68.99 examples/s]
Map:  50%|█████     | 252/500 [00:03<00:03, 70.17 examples/s]
Map:  52%|█████▏    | 262/500 [00:03<00:03, 74.88 examples/s]
Map:  54%|█████▍    | 270/500 [00:03<00:03, 75.34 examples/s]
Map:  56%|█████▌    | 278/500 [00:03<00:03, 72.44 examples/s]
Map:  57%|█████▋    | 286/500 [00:03<00:02, 73.62 examples/s]
Map:  59%|█████▉    | 294/500 [00:04<00:02, 72.17 examples/s]
Map:  61%|██████    | 303/500 [00:04<00:02, 73.52 examples/s]
Map:  62%|██████▏   | 311/500 [00:04<00:02, 72.60 examples/s]
Map:  64%|██████▍   | 320/500 [00:04<00:02, 74.23 examples/s]
Map:  66%|██████▌   | 328/500 [00:04<00:02, 73.70 examples/s]
Map:  67%|██████▋   | 336/500 [00:04<00:02, 73.90 examples/s]
Map:  69%|██████▉   | 344/500 [00:04<00:02, 72.89 examples/s]
Map:  70%|███████   | 352/500 [00:04<00:02, 72.09 examples/s]
Map:  73%|███████▎  | 364/500 [00:05<00:01, 71.09 examples/s]
Map:  74%|███████▍  | 372/500 [00:05<00:01, 72.93 examples/s]
Map:  77%|███████▋  | 383/500 [00:05<00:01, 70.33 examples/s]
Map:  78%|███████▊  | 392/500 [00:05<00:01, 73.08 examples/s]
Map:  80%|████████  | 400/500 [00:05<00:01, 72.53 examples/s]
Map:  82%|████████▏ | 411/500 [00:05<00:01, 70.86 examples/s]
Map:  84%|████████▍ | 419/500 [00:05<00:01, 72.09 examples/s]
Map:  85%|████████▌ | 427/500 [00:05<00:00, 73.46 examples/s]
Map:  87%|████████▋ | 436/500 [00:06<00:00, 74.55 examples/s]
Map:  89%|████████▉ | 444/500 [00:06<00:00, 73.99 examples/s]
Map:  90%|█████████ | 452/500 [00:06<00:00, 72.79 examples/s]
Map:  92%|█████████▏| 461/500 [00:06<00:00, 75.48 examples/s]
Map:  94%|█████████▍| 469/500 [00:06<00:00, 74.72 examples/s]
Map:  95%|█████████▌| 477/500 [00:06<00:00, 71.91 examples/s]
Map:  97%|█████████▋| 485/500 [00:06<00:00, 73.12 examples/s]
Map:  99%|█████████▉| 494/500 [00:06<00:00, 74.00 examples/s]
Map: 100%|██████████| 500/500 [00:06<00:00, 71.77 examples/s]

Filter:   0%|          | 0/5000 [00:00<?, ? examples/s]
Filter:  20%|██        | 1000/5000 [00:08<00:34, 117.24 examples/s]
Filter:  40%|████      | 2000/5000 [00:17<00:26, 113.85 examples/s]
Filter:  60%|██████    | 3000/5000 [00:26<00:17, 115.41 examples/s]
Filter:  80%|████████  | 4000/5000 [00:34<00:08, 115.99 examples/s]
Filter: 100%|██████████| 5000/5000 [00:43<00:00, 115.70 examples/s]
Filter: 100%|██████████| 5000/5000 [00:43<00:00, 115.60 examples/s]

Filter:   0%|          | 0/500 [00:00<?, ? examples/s]
Filter: 100%|██████████| 500/500 [00:04<00:00, 112.28 examples/s]
Filter: 100%|██████████| 500/500 [00:04<00:00, 112.25 examples/s]
clip-length cap 10.0s: train 5000->4974, eval 500->493

Loading weights:   0%|          | 0/773 [00:00<?, ?it/s]
Loading weights:  94%|█████████▎| 724/773 [00:00<00:00, 7208.28it/s]
Loading weights: 100%|██████████| 773/773 [00:00<00:00, 7269.76it/s]
[transformers] [1mWav2Vec2BertForCTC LOAD REPORT[0m from: facebook/w2v-bert-2.0
Key            | Status  | 
---------------+---------+-
lm_head.bias   | MISSING | 
lm_head.weight | MISSING | 

Notes:
- MISSING:	those params were newly initialized because missing from the checkpoint. Consider training on your downstream task.
[transformers] warmup_ratio is deprecated and will be removed in v5.2. Use `warmup_steps` instead.

  0%|          | 0/622 [00:00<?, ?it/s]/Users/mulisamusehane/Documents/GitHub/MultilingualASR/.venv/lib/python3.12/site-packages/torch/utils/data/dataloader.py:759: UserWarning: 'pin_memory' argument is set as true but not supported on MPS now, device pinned memory won't be used.
  super().__init__(loader)
/Users/mulisamusehane/Documents/GitHub/MultilingualASR/.venv/lib/python3.12/site-packages/torch/nn/functional.py:3159: UserWarning: The operator 'aten::_ctc_loss' is not currently supported on the MPS backend and will fall back to run on the CPU. This may have performance implications. (Triggered internally at /Users/runner/work/pytorch/pytorch/aten/src/ATen/mps/MPSFallback.mm:34.)
  return torch.ctc_loss(

  0%|          | 1/622 [00:14<2:32:01, 14.69s/it]
  0%|          | 2/622 [00:29<2:33:44, 14.88s/it]
  0%|          | 3/622 [00:45<2:36:04, 15.13s/it]
  1%|          | 4/622 [00:59<2:31:47, 14.74s/it]
  1%|          | 5/622 [01:15<2:37:22, 15.30s/it]
  1%|          | 6/622 [01:36<2:55:53, 17.13s/it]
  1%|          | 7/622 [01:53<2:54:27, 17.02s/it]
  1%|▏         | 8/622 [02:09<2:52:41, 16.88s/it]
  1%|▏         | 9/622 [02:25<2:49:10, 16.56s/it]
  2%|▏         | 10/622 [02:43<2:52:17, 16.89s/it]
  2%|▏         | 11/622 [03:00<2:53:53, 17.08s/it]
  2%|▏         | 12/622 [03:18<2:54:56, 17.21s/it]
  2%|▏         | 13/622 [03:32<2:45:24, 16.30s/it]
  2%|▏         | 14/622 [03:47<2:40:58, 15.89s/it]
  2%|▏         | 15/622 [04:00<2:31:22, 14.96s/it]
  3%|▎         | 16/622 [04:17<2:38:48, 15.72s/it]
  3%|▎         | 17/622 [04:33<2:39:25, 15.81s/it]
  3%|▎         | 18/622 [04:51<2:46:18, 16.52s/it]
  3%|▎         | 19/622 [05:09<2:48:59, 16.82s/it]
  3%|▎         | 20/622 [05:23<2:39:31, 15.90s/it]
                                                  

  3%|▎         | 20/622 [05:24<2:39:31, 15.90s/it]
  3%|▎         | 21/622 [05:38<2:39:19, 15.91s/it]
  4%|▎         | 22/622 [05:57<2:46:55, 16.69s/it]
  4%|▎         | 23/622 [06:13<2:45:09, 16.54s/it]
  4%|▍         | 24/622 [06:28<2:39:32, 16.01s/it]
  4%|▍         | 25/622 [06:43<2:35:55, 15.67s/it]
  4%|▍         | 26/622 [07:01<2:42:35, 16.37s/it]
  4%|▍         | 27/622 [07:17<2:41:17, 16.27s/it]
  5%|▍         | 28/622 [07:32<2:39:10, 16.08s/it]
  5%|▍         | 29/622 [07:51<2:46:46, 16.87s/it]
  5%|▍         | 30/622 [08:11<2:54:14, 17.66s/it]
  5%|▍         | 31/622 [08:27<2:51:17, 17.39s/it]
  5%|▌         | 32/622 [08:48<2:58:54, 18.19s/it]
  5%|▌         | 33/622 [09:23<3:49:56, 23.42s/it]
  5%|▌         | 34/622 [09:44<3:43:06, 22.77s/it]
  6%|▌         | 35/622 [10:08<3:45:03, 23.00s/it]
  6%|▌         | 36/622 [10:27<3:32:24, 21.75s/it]
  6%|▌         | 37/622 [10:42<3:13:34, 19.85s/it]
  6%|▌         | 38/622 [10:59<3:05:49, 19.09s/it]
  6%|▋         | 39/622 [11:23<3:18:11, 20.40s/it]
  6%|▋         | 40/622 [11:42<3:13:27, 19.94s/it]
                                                  

  6%|▋         | 40/622 [11:43<3:13:27, 19.94s/it]
  7%|▋         | 41/622 [11:59<3:05:05, 19.11s/it]
  7%|▋         | 42/622 [12:18<3:05:29, 19.19s/it]
  7%|▋         | 43/622 [12:39<3:09:59, 19.69s/it]
  7%|▋         | 44/622 [12:59<3:11:12, 19.85s/it]
  7%|▋         | 45/622 [13:22<3:18:02, 20.59s/it]
  7%|▋         | 46/622 [13:43<3:20:44, 20.91s/it]
  8%|▊         | 47/622 [13:59<3:05:17, 19.33s/it]
  8%|▊         | 48/622 [14:21<3:11:28, 20.01s/it]
  8%|▊         | 49/622 [14:42<3:14:36, 20.38s/it]
  8%|▊         | 50/622 [14:59<3:06:05, 19.52s/it]
  8%|▊         | 51/622 [15:17<3:01:26, 19.07s/it]
  8%|▊         | 52/622 [15:37<3:01:59, 19.16s/it]
  9%|▊         | 53/622 [15:54<2:55:12, 18.48s/it]
  9%|▊         | 54/622 [16:25<3:31:28, 22.34s/it]
  9%|▉         | 55/622 [16:44<3:22:15, 21.40s/it]
  9%|▉         | 56/622 [17:05<3:21:12, 21.33s/it]
  9%|▉         | 57/622 [17:25<3:15:06, 20.72s/it]
  9%|▉         | 58/622 [17:44<3:09:47, 20.19s/it]
  9%|▉         | 59/622 [18:02<3:04:10, 19.63s/it]
 10%|▉         | 60/622 [18:23<3:08:47, 20.16s/it]
                                                  

 10%|▉         | 60/622 [18:25<3:08:47, 20.16s/it]
 10%|▉         | 61/622 [18:44<3:09:44, 20.29s/it]
 10%|▉         | 62/622 [19:01<3:01:20, 19.43s/it]
 10%|█         | 63/622 [19:24<3:10:32, 20.45s/it]
 10%|█         | 64/622 [19:43<3:06:44, 20.08s/it]
 10%|█         | 65/622 [20:04<3:06:31, 20.09s/it]
 11%|█         | 66/622 [20:23<3:04:33, 19.92s/it]
 11%|█         | 67/622 [20:42<3:00:33, 19.52s/it]
 11%|█         | 68/622 [21:01<2:59:04, 19.39s/it]
 11%|█         | 69/622 [21:20<2:57:59, 19.31s/it]
 11%|█▏        | 70/622 [21:39<2:57:21, 19.28s/it]
 11%|█▏        | 71/622 [21:58<2:55:18, 19.09s/it]
 12%|█▏        | 72/622 [22:16<2:52:13, 18.79s/it]
 12%|█▏        | 73/622 [22:30<2:39:55, 17.48s/it]
 12%|█▏        | 74/622 [22:49<2:43:43, 17.93s/it]
 12%|█▏        | 75/622 [23:07<2:43:30, 17.94s/it]
 12%|█▏        | 76/622 [23:26<2:45:54, 18.23s/it]
 12%|█▏        | 77/622 [23:43<2:41:24, 17.77s/it]
 13%|█▎        | 78/622 [23:58<2:33:48, 16.96s/it]
 13%|█▎        | 79/622 [24:19<2:43:28, 18.06s/it]
 13%|█▎        | 80/622 [24:35<2:38:03, 17.50s/it]
                                                  

 13%|█▎        | 80/622 [24:36<2:38:03, 17.50s/it]
 13%|█▎        | 81/622 [24:51<2:35:43, 17.27s/it]
 13%|█▎        | 82/622 [25:13<2:46:12, 18.47s/it]
 13%|█▎        | 83/622 [25:29<2:40:29, 17.87s/it]
 14%|█▎        | 84/622 [25:41<2:24:26, 16.11s/it]
 14%|█▎        | 85/622 [25:52<2:10:52, 14.62s/it]
 14%|█▍        | 86/622 [26:04<2:01:42, 13.62s/it]
 14%|█▍        | 87/622 [26:15<1:54:56, 12.89s/it]
 14%|█▍        | 88/622 [26:24<1:44:48, 11.78s/it]
 14%|█▍        | 89/622 [26:36<1:46:23, 11.98s/it]
 14%|█▍        | 90/622 [26:49<1:48:07, 12.19s/it]
 15%|█▍        | 91/622 [27:01<1:46:57, 12.09s/it]
 15%|█▍        | 92/622 [27:20<2:04:15, 14.07s/it]
 15%|█▍        | 93/622 [27:37<2:13:05, 15.09s/it]
 15%|█▌        | 94/622 [27:55<2:20:38, 15.98s/it]
 15%|█▌        | 95/622 [28:13<2:25:45, 16.59s/it]
 15%|█▌        | 96/622 [28:32<2:31:27, 17.28s/it]
 16%|█▌        | 97/622 [28:46<2:21:37, 16.19s/it]
 16%|█▌        | 98/622 [28:57<2:09:36, 14.84s/it]
 16%|█▌        | 99/622 [29:09<2:01:42, 13.96s/it]
 16%|█▌        | 100/622 [29:22<1:58:45, 13.65s/it]
                                                   

 16%|█▌        | 100/622 [29:23<1:58:45, 13.65s/it]
 16%|█▌        | 101/622 [29:35<1:57:24, 13.52s/it]
 16%|█▋        | 102/622 [29:48<1:54:25, 13.20s/it]
 17%|█▋        | 103/622 [30:03<2:00:01, 13.87s/it]
 17%|█▋        | 104/622 [30:15<1:54:06, 13.22s/it]
 17%|█▋        | 105/622 [30:27<1:50:02, 12.77s/it]
 17%|█▋        | 106/622 [30:38<1:46:48, 12.42s/it]
 17%|█▋        | 107/622 [30:52<1:49:51, 12.80s/it]
 17%|█▋        | 108/622 [31:07<1:54:52, 13.41s/it]
 18%|█▊        | 109/622 [31:21<1:55:24, 13.50s/it]
 18%|█▊        | 110/622 [31:33<1:53:01, 13.25s/it]
 18%|█▊        | 111/622 [31:46<1:50:24, 12.96s/it]
 18%|█▊        | 112/622 [31:59<1:50:42, 13.02s/it]
 18%|█▊        | 113/622 [32:11<1:48:08, 12.75s/it]
 18%|█▊        | 114/622 [32:22<1:43:52, 12.27s/it]
 18%|█▊        | 115/622 [32:36<1:49:21, 12.94s/it]
 19%|█▊        | 116/622 [32:48<1:45:42, 12.53s/it]
 19%|█▉        | 117/622 [32:59<1:42:37, 12.19s/it]
 19%|█▉        | 118/622 [33:14<1:48:44, 12.95s/it]
 19%|█▉        | 119/622 [33:28<1:50:55, 13.23s/it]
 19%|█▉        | 120/622 [33:40<1:47:10, 12.81s/it]
                                                   

 19%|█▉        | 120/622 [33:41<1:47:10, 12.81s/it]
 19%|█▉        | 121/622 [33:53<1:47:48, 12.91s/it]
 20%|█▉        | 122/622 [34:03<1:40:55, 12.11s/it]
 20%|█▉        | 123/622 [34:17<1:44:51, 12.61s/it]
 20%|█▉        | 124/622 [34:29<1:42:00, 12.29s/it]
 20%|██        | 125/622 [34:41<1:43:10, 12.45s/it]
 20%|██        | 126/622 [34:54<1:43:13, 12.49s/it]
 20%|██        | 127/622 [35:09<1:48:14, 13.12s/it]
 21%|██        | 128/622 [35:21<1:46:05, 12.89s/it]
 21%|██        | 129/622 [35:33<1:43:39, 12.61s/it]
 21%|██        | 130/622 [35:46<1:45:28, 12.86s/it]
 21%|██        | 131/622 [36:00<1:45:54, 12.94s/it]
 21%|██        | 132/622 [36:14<1:48:47, 13.32s/it]
 21%|██▏       | 133/622 [36:27<1:47:58, 13.25s/it]
 22%|██▏       | 134/622 [36:41<1:50:07, 13.54s/it]
 22%|██▏       | 135/622 [36:56<1:54:12, 14.07s/it]
 22%|██▏       | 136/622 [37:11<1:54:53, 14.18s/it]
 22%|██▏       | 137/622 [37:24<1:53:20, 14.02s/it]
 22%|██▏       | 138/622 [37:39<1:54:47, 14.23s/it]
 22%|██▏       | 139/622 [37:52<1:52:12, 13.94s/it]
 23%|██▎       | 140/622 [38:07<1:54:06, 14.20s/it]
                                                   

 23%|██▎       | 140/622 [38:08<1:54:06, 14.20s/it]
 23%|██▎       | 141/622 [38:23<1:57:24, 14.65s/it]
 23%|██▎       | 142/622 [38:37<1:56:14, 14.53s/it]
 23%|██▎       | 143/622 [38:51<1:54:38, 14.36s/it]
 23%|██▎       | 144/622 [39:06<1:55:46, 14.53s/it]
 23%|██▎       | 145/622 [39:19<1:52:21, 14.13s/it]
 23%|██▎       | 146/622 [39:33<1:50:20, 13.91s/it]
 24%|██▎       | 147/622 [39:48<1:54:10, 14.42s/it]
 24%|██▍       | 148/622 [40:01<1:51:05, 14.06s/it]
 24%|██▍       | 149/622 [40:16<1:51:25, 14.13s/it]
 24%|██▍       | 150/622 [40:30<1:52:08, 14.25s/it]
 24%|██▍       | 151/622 [40:44<1:49:26, 13.94s/it]
 24%|██▍       | 152/622 [40:59<1:53:42, 14.52s/it]
 25%|██▍       | 153/622 [41:14<1:54:08, 14.60s/it]
 25%|██▍       | 154/622 [41:29<1:55:08, 14.76s/it]
 25%|██▍       | 155/622 [41:42<1:49:17, 14.04s/it]
 25%|██▌       | 156/622 [41:55<1:47:54, 13.89s/it]
 25%|██▌       | 157/622 [42:08<1:44:00, 13.42s/it]
 25%|██▌       | 158/622 [42:21<1:44:48, 13.55s/it]
 26%|██▌       | 159/622 [42:35<1:45:04, 13.62s/it]
 26%|██▌       | 160/622 [42:47<1:40:12, 13.01s/it]
                                                   

 26%|██▌       | 160/622 [42:48<1:40:12, 13.01s/it]
 26%|██▌       | 161/622 [43:01<1:43:32, 13.48s/it]
 26%|██▌       | 162/622 [43:17<1:48:34, 14.16s/it]
 26%|██▌       | 163/622 [43:33<1:52:18, 14.68s/it]
 26%|██▋       | 164/622 [43:46<1:47:12, 14.04s/it]
 27%|██▋       | 165/622 [44:01<1:49:26, 14.37s/it]
 27%|██▋       | 166/622 [44:12<1:43:12, 13.58s/it]
 27%|██▋       | 167/622 [44:26<1:42:34, 13.53s/it]
 27%|██▋       | 168/622 [44:38<1:40:01, 13.22s/it]
 27%|██▋       | 169/622 [44:50<1:37:27, 12.91s/it]
 27%|██▋       | 170/622 [45:04<1:39:28, 13.20s/it]
 27%|██▋       | 171/622 [45:17<1:38:30, 13.10s/it]
 28%|██▊       | 172/622 [45:32<1:41:57, 13.59s/it]
 28%|██▊       | 173/622 [45:47<1:44:08, 13.92s/it]
 28%|██▊       | 174/622 [46:00<1:43:39, 13.88s/it]
 28%|██▊       | 175/622 [46:14<1:43:12, 13.85s/it]
 28%|██▊       | 176/622 [46:27<1:40:05, 13.47s/it]
 28%|██▊       | 177/622 [46:39<1:36:54, 13.07s/it]
 29%|██▊       | 178/622 [46:52<1:36:48, 13.08s/it]
 29%|██▉       | 179/622 [47:03<1:32:42, 12.56s/it]
 29%|██▉       | 180/622 [47:16<1:33:27, 12.69s/it]
                                                   

 29%|██▉       | 180/622 [47:18<1:33:27, 12.69s/it]
 29%|██▉       | 181/622 [47:30<1:34:29, 12.86s/it]
 29%|██▉       | 182/622 [47:45<1:40:03, 13.64s/it]
 29%|██▉       | 183/622 [47:58<1:37:36, 13.34s/it]
 30%|██▉       | 184/622 [48:12<1:38:47, 13.53s/it]
 30%|██▉       | 185/622 [48:24<1:35:16, 13.08s/it]
 30%|██▉       | 186/622 [48:37<1:34:54, 13.06s/it]
 30%|███       | 187/622 [48:51<1:36:17, 13.28s/it]
 30%|███       | 188/622 [49:03<1:33:31, 12.93s/it]
 30%|███       | 189/622 [49:14<1:29:17, 12.37s/it]
 31%|███       | 190/622 [49:25<1:26:20, 11.99s/it]
 31%|███       | 191/622 [49:38<1:29:04, 12.40s/it]
 31%|███       | 192/622 [49:50<1:27:53, 12.26s/it]
 31%|███       | 193/622 [50:01<1:25:29, 11.96s/it]
 31%|███       | 194/622 [50:14<1:25:40, 12.01s/it]
 31%|███▏      | 195/622 [50:29<1:33:42, 13.17s/it]
 32%|███▏      | 196/622 [50:41<1:29:18, 12.58s/it]
 32%|███▏      | 197/622 [50:54<1:31:23, 12.90s/it]
 32%|███▏      | 198/622 [51:06<1:29:33, 12.67s/it]
 32%|███▏      | 199/622 [51:18<1:27:11, 12.37s/it]
 32%|███▏      | 200/622 [51:32<1:29:16, 12.69s/it]
                                                   

 32%|███▏      | 200/622 [51:33<1:29:16, 12.69s/it]
 32%|███▏      | 201/622 [51:45<1:30:14, 12.86s/it]
 32%|███▏      | 202/622 [51:56<1:26:38, 12.38s/it]
 33%|███▎      | 203/622 [52:10<1:29:24, 12.80s/it]
 33%|███▎      | 204/622 [52:24<1:32:42, 13.31s/it]
 33%|███▎      | 205/622 [52:37<1:30:17, 12.99s/it]
 33%|███▎      | 206/622 [52:48<1:26:46, 12.52s/it]
 33%|███▎      | 207/622 [52:58<1:21:30, 11.78s/it]
 33%|███▎      | 208/622 [53:11<1:22:45, 11.99s/it]
 34%|███▎      | 209/622 [53:21<1:19:45, 11.59s/it]
 34%|███▍      | 210/622 [53:32<1:17:09, 11.24s/it]
 34%|███▍      | 211/622 [53:43<1:17:24, 11.30s/it]
 34%|███▍      | 212/622 [53:54<1:16:33, 11.20s/it]
 34%|███▍      | 213/622 [54:04<1:14:18, 10.90s/it]
 34%|███▍      | 214/622 [54:19<1:22:17, 12.10s/it]
 35%|███▍      | 215/622 [54:29<1:18:32, 11.58s/it]
 35%|███▍      | 216/622 [54:41<1:17:37, 11.47s/it]
 35%|███▍      | 217/622 [54:53<1:19:40, 11.80s/it]
 35%|███▌      | 218/622 [55:05<1:18:20, 11.64s/it]
 35%|███▌      | 219/622 [55:15<1:15:56, 11.31s/it]
 35%|███▌      | 220/622 [55:25<1:12:36, 10.84s/it]
                                                   

 35%|███▌      | 220/622 [55:26<1:12:36, 10.84s/it]
 36%|███▌      | 221/622 [55:37<1:14:54, 11.21s/it]
 36%|███▌      | 222/622 [55:47<1:13:05, 10.96s/it]
 36%|███▌      | 223/622 [55:59<1:14:59, 11.28s/it]
 36%|███▌      | 224/622 [56:12<1:18:21, 11.81s/it]
 36%|███▌      | 225/622 [56:29<1:28:43, 13.41s/it]
 36%|███▋      | 226/622 [56:47<1:37:10, 14.72s/it]
 36%|███▋      | 227/622 [57:03<1:38:36, 14.98s/it]
 37%|███▋      | 228/622 [57:20<1:41:51, 15.51s/it]
 37%|███▋      | 229/622 [57:38<1:47:31, 16.42s/it]
 37%|███▋      | 230/622 [58:06<2:10:17, 19.94s/it]
 37%|███▋      | 231/622 [58:25<2:06:59, 19.49s/it]
 37%|███▋      | 232/622 [58:39<1:56:28, 17.92s/it]
 37%|███▋      | 233/622 [58:49<1:41:43, 15.69s/it]
 38%|███▊      | 234/622 [59:01<1:34:15, 14.58s/it]
 38%|███▊      | 235/622 [59:15<1:32:57, 14.41s/it]
 38%|███▊      | 236/622 [59:27<1:27:19, 13.57s/it]
 38%|███▊      | 237/622 [59:40<1:26:36, 13.50s/it]
 38%|███▊      | 238/622 [59:52<1:22:09, 12.84s/it]
 38%|███▊      | 239/622 [1:00:02<1:17:48, 12.19s/it]
 39%|███▊      | 240/622 [1:00:14<1:17:10, 12.12s/it]
                                                     

 39%|███▊      | 240/622 [1:00:15<1:17:10, 12.12s/it]
 39%|███▊      | 241/622 [1:00:27<1:17:35, 12.22s/it]
 39%|███▉      | 242/622 [1:00:38<1:15:51, 11.98s/it]
 39%|███▉      | 243/622 [1:00:50<1:14:55, 11.86s/it]
 39%|███▉      | 244/622 [1:01:03<1:17:57, 12.37s/it]
 39%|███▉      | 245/622 [1:01:20<1:26:01, 13.69s/it]
 40%|███▉      | 246/622 [1:01:32<1:22:19, 13.14s/it]
 40%|███▉      | 247/622 [1:01:44<1:19:58, 12.80s/it]
 40%|███▉      | 248/622 [1:01:57<1:19:51, 12.81s/it]
 40%|████      | 249/622 [1:02:08<1:16:26, 12.30s/it]
 40%|████      | 250/622 [1:02:18<1:12:55, 11.76s/it]
 40%|████      | 251/622 [1:02:33<1:17:43, 12.57s/it]
 41%|████      | 252/622 [1:02:43<1:12:40, 11.78s/it]
 41%|████      | 253/622 [1:02:54<1:11:21, 11.60s/it]
 41%|████      | 254/622 [1:03:06<1:11:11, 11.61s/it]
 41%|████      | 255/622 [1:03:17<1:11:00, 11.61s/it]
 41%|████      | 256/622 [1:03:28<1:09:20, 11.37s/it]
 41%|████▏     | 257/622 [1:03:38<1:07:09, 11.04s/it]
 41%|████▏     | 258/622 [1:03:51<1:09:11, 11.41s/it]
 42%|████▏     | 259/622 [1:04:04<1:12:05, 11.92s/it]
 42%|████▏     | 260/622 [1:04:18<1:16:32, 12.69s/it]
                                                     

 42%|████▏     | 260/622 [1:04:19<1:16:32, 12.69s/it]
 42%|████▏     | 261/622 [1:04:30<1:14:55, 12.45s/it]
 42%|████▏     | 262/622 [1:04:40<1:10:40, 11.78s/it]
 42%|████▏     | 263/622 [1:04:52<1:10:30, 11.78s/it]
 42%|████▏     | 264/622 [1:05:04<1:10:59, 11.90s/it]
 43%|████▎     | 265/622 [1:05:16<1:10:10, 11.80s/it]
 43%|████▎     | 266/622 [1:05:29<1:13:00, 12.30s/it]
 43%|████▎     | 267/622 [1:05:43<1:15:46, 12.81s/it]
 43%|████▎     | 268/622 [1:05:54<1:11:45, 12.16s/it]
 43%|████▎     | 269/622 [1:06:06<1:11:03, 12.08s/it]
 43%|████▎     | 270/622 [1:06:19<1:12:42, 12.39s/it]
 44%|████▎     | 271/622 [1:06:32<1:13:28, 12.56s/it]
 44%|████▎     | 272/622 [1:06:44<1:12:54, 12.50s/it]
 44%|████▍     | 273/622 [1:06:58<1:14:36, 12.83s/it]
 44%|████▍     | 274/622 [1:07:08<1:10:01, 12.07s/it]
 44%|████▍     | 275/622 [1:07:20<1:09:21, 11.99s/it]
 44%|████▍     | 276/622 [1:07:31<1:07:50, 11.77s/it]
 45%|████▍     | 277/622 [1:07:43<1:07:01, 11.66s/it]
 45%|████▍     | 278/622 [1:07:52<1:02:22, 10.88s/it]
 45%|████▍     | 279/622 [1:08:02<1:00:44, 10.63s/it]
 45%|████▌     | 280/622 [1:08:14<1:03:15, 11.10s/it]
                                                     

 45%|████▌     | 280/622 [1:08:15<1:03:15, 11.10s/it]
 45%|████▌     | 281/622 [1:08:26<1:04:54, 11.42s/it]
 45%|████▌     | 282/622 [1:08:38<1:05:07, 11.49s/it]
 45%|████▌     | 283/622 [1:08:49<1:05:08, 11.53s/it]
 46%|████▌     | 284/622 [1:08:58<1:00:22, 10.72s/it]
 46%|████▌     | 285/622 [1:09:09<1:01:06, 10.88s/it]
 46%|████▌     | 286/622 [1:09:23<1:05:40, 11.73s/it]
 46%|████▌     | 287/622 [1:09:36<1:06:46, 11.96s/it]
 46%|████▋     | 288/622 [1:09:45<1:02:40, 11.26s/it]
 46%|████▋     | 289/622 [1:09:56<1:02:23, 11.24s/it]
 47%|████▋     | 290/622 [1:10:08<1:02:31, 11.30s/it]
 47%|████▋     | 291/622 [1:10:19<1:01:47, 11.20s/it]
 47%|████▋     | 292/622 [1:10:31<1:02:25, 11.35s/it]
 47%|████▋     | 293/622 [1:10:40<59:52, 10.92s/it]  
 47%|████▋     | 294/622 [1:10:51<59:50, 10.95s/it]
 47%|████▋     | 295/622 [1:11:03<1:00:02, 11.02s/it]
 48%|████▊     | 296/622 [1:11:14<1:00:47, 11.19s/it]
 48%|████▊     | 297/622 [1:11:27<1:02:34, 11.55s/it]
 48%|████▊     | 298/622 [1:11:39<1:04:12, 11.89s/it]
 48%|████▊     | 299/622 [1:11:53<1:06:57, 12.44s/it]
 48%|████▊     | 300/622 [1:12:04<1:04:14, 11.97s/it]
                                                     

 48%|████▊     | 300/622 [1:12:05<1:04:14, 11.97s/it]
 48%|████▊     | 301/622 [1:12:14<1:01:32, 11.50s/it]
 49%|████▊     | 302/622 [1:12:26<1:02:14, 11.67s/it]
 49%|████▊     | 303/622 [1:12:39<1:02:47, 11.81s/it]
 49%|████▉     | 304/622 [1:12:51<1:03:07, 11.91s/it]
 49%|████▉     | 305/622 [1:13:04<1:04:36, 12.23s/it]
 49%|████▉     | 306/622 [1:13:17<1:05:44, 12.48s/it]
 49%|████▉     | 307/622 [1:13:28<1:04:21, 12.26s/it]
 50%|████▉     | 308/622 [1:13:40<1:03:35, 12.15s/it]
 50%|████▉     | 309/622 [1:13:52<1:03:05, 12.09s/it]
 50%|████▉     | 310/622 [1:14:04<1:02:11, 11.96s/it]
 50%|█████     | 311/622 [1:14:17<1:04:06, 12.37s/it]{'loss': '176.5', 'grad_norm': '186.7', 'learning_rate': '3.016e-05', 'epoch': '0.06433'}
{'loss': '97.62', 'grad_norm': '183.6', 'learning_rate': '6.19e-05', 'epoch': '0.1287'}
{'loss': '80.21', 'grad_norm': '151.8', 'learning_rate': '9.365e-05', 'epoch': '0.193'}
{'loss': '64.68', 'grad_norm': '137.8', 'learning_rate': '9.714e-05', 'epoch': '0.2573'}
{'loss': '48.89', 'grad_norm': '74.54', 'learning_rate': '9.356e-05', 'epoch': '0.3217'}
{'loss': '38.71', 'grad_norm': '59.76', 'learning_rate': '8.998e-05', 'epoch': '0.386'}
{'loss': '31.11', 'grad_norm': '22.6', 'learning_rate': '8.64e-05', 'epoch': '0.4503'}
{'loss': '27.4', 'grad_norm': '9.952', 'learning_rate': '8.283e-05', 'epoch': '0.5147'}
{'loss': '26.45', 'grad_norm': '5.807', 'learning_rate': '7.925e-05', 'epoch': '0.579'}
{'loss': '25.14', 'grad_norm': '2.003', 'learning_rate': '7.567e-05', 'epoch': '0.6433'}
{'loss': '24.76', 'grad_norm': '2.403', 'learning_rate': '7.209e-05', 'epoch': '0.7077'}
{'loss': '24.99', 'grad_norm': '2.685', 'learning_rate': '6.852e-05', 'epoch': '0.772'}
{'loss': '24.52', 'grad_norm': '7.573', 'learning_rate': '6.494e-05', 'epoch': '0.8363'}
{'loss': '24.45', 'grad_norm': '8.692', 'learning_rate': '6.136e-05', 'epoch': '0.9007'}
{'loss': '24.37', 'grad_norm': '4.602', 'learning_rate': '5.778e-05', 'epoch': '0.965'}


  0%|          | 0/247 [00:00<?, ?it/s][A

  1%|          | 2/247 [00:00<00:42,  5.79it/s][A

  1%|          | 3/247 [00:00<00:48,  5.01it/s][A

  2%|▏         | 4/247 [00:00<00:57,  4.26it/s][A

  2%|▏         | 5/247 [00:01<01:06,  3.65it/s][A

  2%|▏         | 6/247 [00:01<01:01,  3.94it/s][A

  3%|▎         | 7/247 [00:01<01:08,  3.49it/s][A

  3%|▎         | 8/247 [00:02<01:18,  3.06it/s][A

  4%|▎         | 9/247 [00:02<01:20,  2.95it/s][A

  4%|▍         | 10/247 [00:02<01:24,  2.81it/s][A

  4%|▍         | 11/247 [00:03<01:17,  3.03it/s][A

  5%|▍         | 12/247 [00:03<01:21,  2.87it/s][A

  5%|▌         | 13/247 [00:03<01:21,  2.87it/s][A

  6%|▌         | 14/247 [00:04<01:18,  2.98it/s][A

  6%|▌         | 15/247 [00:04<01:24,  2.76it/s][A

  6%|▋         | 16/247 [00:05<01:33,  2.48it/s][A

  7%|▋         | 17/247 [00:05<01:24,  2.73it/s][A

  7%|▋         | 18/247 [00:05<01:21,  2.83it/s][A

  8%|▊         | 19/247 [00:06<01:22,  2.78it/s][A

  8%|▊         | 20/247 [00:06<01:30,  2.50it/s][A

  9%|▊         | 21/247 [00:06<01:25,  2.66it/s][A

  9%|▉         | 22/247 [00:07<01:38,  2.29it/s][A

  9%|▉         | 23/247 [00:07<01:33,  2.39it/s][A

 10%|▉         | 24/247 [00:08<01:30,  2.47it/s][A

 10%|█         | 25/247 [00:08<01:17,  2.87it/s][A

 11%|█         | 26/247 [00:08<01:22,  2.67it/s][A

 11%|█         | 27/247 [00:09<01:13,  2.98it/s][A

 11%|█▏        | 28/247 [00:09<01:14,  2.96it/s][A

 12%|█▏        | 29/247 [00:09<01:08,  3.16it/s][A

 12%|█▏        | 30/247 [00:10<01:04,  3.38it/s][A

 13%|█▎        | 31/247 [00:10<01:05,  3.31it/s][A

 13%|█▎        | 32/247 [00:10<01:00,  3.53it/s][A

 13%|█▎        | 33/247 [00:11<01:11,  3.01it/s][A

 14%|█▍        | 34/247 [00:11<01:07,  3.15it/s][A

 14%|█▍        | 35/247 [00:11<01:05,  3.25it/s][A

 15%|█▍        | 36/247 [00:12<01:18,  2.67it/s][A

 15%|█▍        | 37/247 [00:12<01:13,  2.87it/s][A

 15%|█▌        | 38/247 [00:12<01:14,  2.81it/s][A

 16%|█▌        | 39/247 [00:13<01:22,  2.53it/s][A

 16%|█▌        | 40/247 [00:13<01:15,  2.72it/s][A

 17%|█▋        | 41/247 [00:13<01:11,  2.89it/s][A

 17%|█▋        | 42/247 [00:14<01:10,  2.90it/s][A

 17%|█▋        | 43/247 [00:14<01:17,  2.65it/s][A

 18%|█▊        | 44/247 [00:15<01:18,  2.59it/s][A

 18%|█▊        | 45/247 [00:15<01:19,  2.54it/s][A

 19%|█▊        | 46/247 [00:15<01:15,  2.65it/s][A

 19%|█▉        | 47/247 [00:16<01:06,  2.99it/s][A

 19%|█▉        | 48/247 [00:16<01:00,  3.28it/s][A

 20%|█▉        | 49/247 [00:16<01:03,  3.14it/s][A

 20%|██        | 50/247 [00:17<01:29,  2.21it/s][A

 21%|██        | 51/247 [00:17<01:19,  2.48it/s][A

 21%|██        | 52/247 [00:18<01:15,  2.57it/s][A

 21%|██▏       | 53/247 [00:18<01:28,  2.20it/s][A

 22%|██▏       | 54/247 [00:19<01:42,  1.88it/s][A

 22%|██▏       | 55/247 [00:19<01:29,  2.15it/s][A

 23%|██▎       | 56/247 [00:20<01:32,  2.07it/s][A

 23%|██▎       | 57/247 [00:20<01:18,  2.42it/s][A

 23%|██▎       | 58/247 [00:20<01:14,  2.54it/s][A

 24%|██▍       | 59/247 [00:21<01:14,  2.52it/s][A

 24%|██▍       | 60/247 [00:21<01:10,  2.66it/s][A

 25%|██▍       | 61/247 [00:21<01:03,  2.94it/s][A

 25%|██▌       | 62/247 [00:22<00:59,  3.09it/s][A

 26%|██▌       | 63/247 [00:22<00:56,  3.25it/s][A

 26%|██▌       | 64/247 [00:22<00:55,  3.29it/s][A

 26%|██▋       | 65/247 [00:22<00:50,  3.58it/s][A

 27%|██▋       | 66/247 [00:23<00:49,  3.66it/s][A

 27%|██▋       | 67/247 [00:23<00:57,  3.11it/s][A

 28%|██▊       | 68/247 [00:24<01:09,  2.57it/s][A

 28%|██▊       | 69/247 [00:24<01:09,  2.56it/s][A

 28%|██▊       | 70/247 [00:24<01:07,  2.61it/s][A

 29%|██▊       | 71/247 [00:25<01:01,  2.87it/s][A

 29%|██▉       | 72/247 [00:25<01:04,  2.70it/s][A

 30%|██▉       | 73/247 [00:26<01:13,  2.35it/s][A

 30%|██▉       | 74/247 [00:26<01:09,  2.50it/s][A

 30%|███       | 75/247 [00:27<01:14,  2.31it/s][A

 31%|███       | 76/247 [00:27<01:13,  2.34it/s][A

 31%|███       | 77/247 [00:27<01:03,  2.67it/s][A

 32%|███▏      | 78/247 [00:27<00:57,  2.95it/s][A

 32%|███▏      | 79/247 [00:28<00:56,  2.98it/s][A

 32%|███▏      | 80/247 [00:28<00:55,  3.02it/s][A

 33%|███▎      | 81/247 [00:28<00:52,  3.16it/s][A

 33%|███▎      | 82/247 [00:29<00:50,  3.25it/s][A

 34%|███▎      | 83/247 [00:29<00:43,  3.74it/s][A

 34%|███▍      | 84/247 [00:29<00:46,  3.49it/s][A

 34%|███▍      | 85/247 [00:30<00:56,  2.89it/s][A

 35%|███▍      | 86/247 [00:30<00:51,  3.12it/s][A

 35%|███▌      | 87/247 [00:30<01:01,  2.60it/s][A

 36%|███▌      | 88/247 [00:31<00:57,  2.76it/s][A

 36%|███▌      | 89/247 [00:31<01:00,  2.61it/s][A

 36%|███▋      | 90/247 [00:32<00:56,  2.76it/s][A

 37%|███▋      | 91/247 [00:32<00:58,  2.65it/s][A

 37%|███▋      | 92/247 [00:32<00:54,  2.87it/s][A

 38%|███▊      | 93/247 [00:32<00:49,  3.09it/s][A

 38%|███▊      | 94/247 [00:33<01:06,  2.28it/s][A

 38%|███▊      | 95/247 [00:34<01:02,  2.45it/s][A

 39%|███▉      | 96/247 [00:34<01:12,  2.09it/s][A

 39%|███▉      | 97/247 [00:35<01:11,  2.10it/s][A

 40%|███▉      | 98/247 [00:35<01:25,  1.74it/s][A

 40%|████      | 99/247 [00:36<01:18,  1.88it/s][A

 40%|████      | 100/247 [00:37<01:27,  1.68it/s][A

 41%|████      | 101/247 [00:37<01:12,  2.00it/s][A

 41%|████▏     | 102/247 [00:37<01:06,  2.19it/s][A

 42%|████▏     | 103/247 [00:38<01:14,  1.93it/s][A

 42%|████▏     | 104/247 [00:38<01:09,  2.06it/s][A

 43%|████▎     | 105/247 [00:39<01:11,  2.00it/s][A

 43%|████▎     | 106/247 [00:39<01:07,  2.10it/s][A

 43%|████▎     | 107/247 [00:40<00:59,  2.35it/s][A

 44%|████▎     | 108/247 [00:40<01:10,  1.98it/s][A

 44%|████▍     | 109/247 [00:41<01:04,  2.13it/s][A

 45%|████▍     | 110/247 [00:41<01:14,  1.85it/s][A

 45%|████▍     | 111/247 [00:42<01:08,  1.98it/s][A

 45%|████▌     | 112/247 [00:42<01:11,  1.90it/s][A

 46%|████▌     | 113/247 [00:43<01:08,  1.96it/s][A

 46%|████▌     | 114/247 [00:43<00:59,  2.23it/s][A

 47%|████▋     | 115/247 [00:43<00:55,  2.37it/s][A

 47%|████▋     | 116/247 [00:44<00:59,  2.21it/s][A

 47%|████▋     | 117/247 [00:44<00:53,  2.44it/s][A

 48%|████▊     | 118/247 [00:45<00:49,  2.61it/s][A

 48%|████▊     | 119/247 [00:45<00:48,  2.64it/s][A

 49%|████▊     | 120/247 [00:45<00:47,  2.70it/s][A

 49%|████▉     | 121/247 [00:46<00:48,  2.59it/s][A

 49%|████▉     | 122/247 [00:46<00:47,  2.66it/s][A

 50%|████▉     | 123/247 [00:46<00:43,  2.84it/s][A

 50%|█████     | 124/247 [00:47<00:46,  2.64it/s][A

 51%|█████     | 125/247 [00:47<00:43,  2.80it/s][A

 51%|█████     | 126/247 [00:47<00:38,  3.15it/s][A

 51%|█████▏    | 127/247 [00:48<00:36,  3.28it/s][A

 52%|█████▏    | 128/247 [00:48<00:34,  3.42it/s][A

 52%|█████▏    | 129/247 [00:48<00:33,  3.52it/s][A

 53%|█████▎    | 130/247 [00:49<00:39,  2.93it/s][A

 53%|█████▎    | 131/247 [00:49<00:37,  3.13it/s][A

 53%|█████▎    | 132/247 [00:49<00:42,  2.67it/s][A

 54%|█████▍    | 133/247 [00:50<00:39,  2.89it/s][A

 54%|█████▍    | 134/247 [00:51<00:54,  2.09it/s][A

 55%|█████▍    | 135/247 [00:51<00:52,  2.15it/s][A

 55%|█████▌    | 136/247 [00:51<00:50,  2.19it/s][A

 55%|█████▌    | 137/247 [00:52<00:46,  2.37it/s][A

 56%|█████▌    | 138/247 [00:52<00:40,  2.67it/s][A

 56%|█████▋    | 139/247 [00:52<00:42,  2.53it/s][A

 57%|█████▋    | 140/247 [00:53<00:42,  2.53it/s][A

 57%|█████▋    | 141/247 [00:53<00:36,  2.92it/s][A

 57%|█████▋    | 142/247 [00:54<00:43,  2.42it/s][A

 58%|█████▊    | 143/247 [00:54<00:43,  2.40it/s][A

 58%|█████▊    | 144/247 [00:54<00:39,  2.60it/s][A

 59%|█████▊    | 145/247 [00:55<00:38,  2.63it/s][A

 59%|█████▉    | 146/247 [00:55<00:46,  2.16it/s][A

 60%|█████▉    | 147/247 [00:56<00:43,  2.32it/s][A

 60%|█████▉    | 148/247 [00:56<00:36,  2.70it/s][A

 60%|██████    | 149/247 [00:56<00:33,  2.92it/s][A

 61%|██████    | 150/247 [00:57<00:35,  2.75it/s][A

 61%|██████    | 151/247 [00:57<00:37,  2.58it/s][A

 62%|██████▏   | 152/247 [00:57<00:35,  2.67it/s][A

 62%|██████▏   | 153/247 [00:58<00:33,  2.77it/s][A

 62%|██████▏   | 154/247 [00:58<00:29,  3.12it/s][A

 63%|██████▎   | 155/247 [00:58<00:26,  3.43it/s][A

 63%|██████▎   | 156/247 [00:59<00:29,  3.08it/s][A

 64%|██████▎   | 157/247 [00:59<00:39,  2.26it/s][A

 64%|██████▍   | 158/247 [01:00<00:32,  2.73it/s][A

 64%|██████▍   | 159/247 [01:00<00:37,  2.37it/s][A

 65%|██████▍   | 160/247 [01:00<00:32,  2.66it/s][A

 65%|██████▌   | 161/247 [01:01<00:32,  2.64it/s][A

 66%|██████▌   | 162/247 [01:01<00:30,  2.80it/s][A

 66%|██████▌   | 163/247 [01:01<00:27,  3.04it/s][A

 66%|██████▋   | 164/247 [01:02<00:26,  3.13it/s][A

 67%|██████▋   | 165/247 [01:02<00:24,  3.33it/s][A

 67%|██████▋   | 166/247 [01:02<00:23,  3.50it/s][A

 68%|██████▊   | 167/247 [01:03<00:25,  3.10it/s][A

 68%|██████▊   | 168/247 [01:03<00:23,  3.32it/s][A

 68%|██████▊   | 169/247 [01:03<00:28,  2.77it/s][A

 69%|██████▉   | 170/247 [01:04<00:35,  2.20it/s][A

 69%|██████▉   | 171/247 [01:04<00:32,  2.35it/s][A

 70%|██████▉   | 172/247 [01:05<00:30,  2.46it/s][A

 70%|███████   | 173/247 [01:05<00:29,  2.53it/s][A

 70%|███████   | 174/247 [01:05<00:26,  2.71it/s][A

 71%|███████   | 175/247 [01:06<00:29,  2.41it/s][A

 71%|███████▏  | 176/247 [01:06<00:27,  2.57it/s][A

 72%|███████▏  | 177/247 [01:06<00:23,  2.92it/s][A

 72%|███████▏  | 178/247 [01:07<00:22,  3.12it/s][A

 72%|███████▏  | 179/247 [01:07<00:22,  3.08it/s][A

 73%|███████▎  | 180/247 [01:07<00:21,  3.11it/s][A

 73%|███████▎  | 181/247 [01:08<00:20,  3.16it/s][A

 74%|███████▎  | 182/247 [01:08<00:20,  3.17it/s][A

 74%|███████▍  | 183/247 [01:08<00:19,  3.36it/s][A

 74%|███████▍  | 184/247 [01:09<00:18,  3.40it/s][A

 75%|███████▍  | 185/247 [01:09<00:20,  3.06it/s][A

 75%|███████▌  | 186/247 [01:09<00:21,  2.86it/s][A

 76%|███████▌  | 187/247 [01:10<00:22,  2.61it/s][A

 76%|███████▌  | 188/247 [01:10<00:20,  2.84it/s][A

 77%|███████▋  | 189/247 [01:10<00:18,  3.20it/s][A

 77%|███████▋  | 190/247 [01:11<00:17,  3.26it/s][A

 77%|███████▋  | 191/247 [01:11<00:15,  3.56it/s][A

 78%|███████▊  | 192/247 [01:11<00:15,  3.48it/s][A

 78%|███████▊  | 193/247 [01:12<00:18,  2.91it/s][A

 79%|███████▊  | 194/247 [01:12<00:19,  2.75it/s][A

 79%|███████▉  | 195/247 [01:12<00:17,  2.98it/s][A

 79%|███████▉  | 196/247 [01:13<00:17,  2.93it/s][A

 80%|███████▉  | 197/247 [01:13<00:19,  2.54it/s][A

 80%|████████  | 198/247 [01:14<00:24,  2.02it/s][A

 81%|████████  | 199/247 [01:14<00:23,  2.06it/s][A

 81%|████████  | 200/247 [01:15<00:19,  2.36it/s][A

 81%|████████▏ | 201/247 [01:15<00:17,  2.59it/s][A

 82%|████████▏ | 202/247 [01:15<00:17,  2.53it/s][A

 82%|████████▏ | 203/247 [01:16<00:15,  2.77it/s][A

 83%|████████▎ | 204/247 [01:16<00:16,  2.58it/s][A

 83%|████████▎ | 205/247 [01:16<00:14,  2.80it/s][A

 83%|████████▎ | 206/247 [01:17<00:14,  2.79it/s][A

 84%|████████▍ | 207/247 [01:17<00:13,  2.93it/s][A

 84%|████████▍ | 208/247 [01:17<00:12,  3.03it/s][A

 85%|████████▍ | 209/247 [01:18<00:12,  3.11it/s][A

 85%|████████▌ | 210/247 [01:18<00:12,  3.06it/s][A

 85%|████████▌ | 211/247 [01:18<00:11,  3.00it/s][A

 86%|████████▌ | 212/247 [01:19<00:10,  3.30it/s][A

 86%|████████▌ | 213/247 [01:19<00:09,  3.42it/s][A

 87%|████████▋ | 214/247 [01:19<00:11,  2.85it/s][A

 87%|████████▋ | 215/247 [01:19<00:09,  3.21it/s][A

 87%|████████▋ | 216/247 [01:20<00:10,  2.98it/s][A

 88%|████████▊ | 217/247 [01:20<00:11,  2.69it/s][A

 88%|████████▊ | 218/247 [01:21<00:11,  2.57it/s][A

 89%|████████▊ | 219/247 [01:21<00:11,  2.49it/s][A

 89%|████████▉ | 220/247 [01:22<00:10,  2.58it/s][A

 89%|████████▉ | 221/247 [01:22<00:10,  2.53it/s][A

 90%|████████▉ | 222/247 [01:22<00:09,  2.60it/s][A

 90%|█████████ | 223/247 [01:23<00:08,  2.75it/s][A

 91%|█████████ | 224/247 [01:23<00:07,  2.89it/s][A

 91%|█████████ | 225/247 [01:23<00:07,  3.01it/s][A

 91%|█████████▏| 226/247 [01:24<00:07,  2.80it/s][A

 92%|█████████▏| 227/247 [01:24<00:06,  3.26it/s][A

 92%|█████████▏| 228/247 [01:24<00:05,  3.68it/s][A

 93%|█████████▎| 229/247 [01:25<00:07,  2.52it/s][A

 93%|█████████▎| 230/247 [01:25<00:07,  2.42it/s][A

 94%|█████████▎| 231/247 [01:26<00:06,  2.38it/s][A

 94%|█████████▍| 232/247 [01:26<00:06,  2.38it/s][A

 94%|█████████▍| 233/247 [01:26<00:05,  2.53it/s][A

 95%|█████████▍| 234/247 [01:27<00:05,  2.44it/s][A

 95%|█████████▌| 235/247 [01:27<00:05,  2.08it/s][A

 96%|█████████▌| 236/247 [01:28<00:04,  2.24it/s][A

 96%|█████████▌| 237/247 [01:28<00:04,  2.38it/s][A

 96%|█████████▋| 238/247 [01:28<00:03,  2.61it/s][A

 97%|█████████▋| 239/247 [01:29<00:02,  2.76it/s][A

 97%|█████████▋| 240/247 [01:29<00:02,  2.60it/s][A

 98%|█████████▊| 241/247 [01:30<00:02,  2.71it/s][A

 98%|█████████▊| 242/247 [01:30<00:01,  3.12it/s][A

 98%|█████████▊| 243/247 [01:30<00:01,  3.32it/s][A

 99%|█████████▉| 244/247 [01:30<00:00,  3.53it/s][A

 99%|█████████▉| 245/247 [01:31<00:00,  3.33it/s][A

100%|█████████▉| 246/247 [01:31<00:00,  2.24it/s][A

100%|██████████| 247/247 [01:32<00:00,  2.55it/s][A
                                                     


                                                 
[A
 50%|█████     | 311/622 [1:15:51<1:04:06, 12.37s/it]

100%|██████████| 247/247 [01:32<00:00,  2.55it/s][A

                                                 [A{'eval_loss': '3.014', 'eval_wer': '0.9535', 'eval_cer': '0.9329', 'eval_runtime': '93.71', 'eval_samples_per_second': '5.261', 'eval_steps_per_second': '2.636', 'epoch': '1'}


Writing model shards:   0%|          | 0/1 [00:00<?, ?it/s][A

Writing model shards: 100%|██████████| 1/1 [00:02<00:00,  2.63s/it][A
Writing model shards: 100%|██████████| 1/1 [00:02<00:00,  2.63s/it]
/Users/mulisamusehane/Documents/GitHub/MultilingualASR/.venv/lib/python3.12/site-packages/torch/utils/data/dataloader.py:759: UserWarning: 'pin_memory' argument is set as true but not supported on MPS now, device pinned memory won't be used.
  super().__init__(loader)

 50%|█████     | 312/622 [1:16:16<3:48:33, 44.24s/it]
 50%|█████     | 313/622 [1:16:29<2:59:30, 34.86s/it]
 50%|█████     | 314/622 [1:16:40<2:22:21, 27.73s/it]
 51%|█████     | 315/622 [1:16:50<1:55:09, 22.51s/it]
 51%|█████     | 316/622 [1:17:03<1:39:23, 19.49s/it]
 51%|█████     | 317/622 [1:17:15<1:28:34, 17.42s/it]
 51%|█████     | 318/622 [1:17:28<1:21:17, 16.04s/it]
 51%|█████▏    | 319/622 [1:17:39<1:12:41, 14.40s/it]
 51%|█████▏    | 320/622 [1:17:50<1:07:47, 13.47s/it]
                                                     

 51%|█████▏    | 320/622 [1:17:51<1:07:47, 13.47s/it]
 52%|█████▏    | 321/622 [1:18:02<1:05:26, 13.04s/it]
 52%|█████▏    | 322/622 [1:18:18<1:09:28, 13.90s/it]
 52%|█████▏    | 323/622 [1:18:29<1:05:38, 13.17s/it]
 52%|█████▏    | 324/622 [1:18:42<1:04:47, 13.04s/it]
 52%|█████▏    | 325/622 [1:18:56<1:06:01, 13.34s/it]
 52%|█████▏    | 326/622 [1:19:09<1:05:07, 13.20s/it]
 53%|█████▎    | 327/622 [1:19:26<1:10:14, 14.29s/it]
 53%|█████▎    | 328/622 [1:19:45<1:17:26, 15.80s/it]
 53%|█████▎    | 329/622 [1:20:08<1:27:04, 17.83s/it]
 53%|█████▎    | 330/622 [1:20:42<1:50:02, 22.61s/it]
 53%|█████▎    | 331/622 [1:21:14<2:03:18, 25.42s/it]
 53%|█████▎    | 332/622 [1:21:34<1:55:28, 23.89s/it]
 54%|█████▎    | 333/622 [1:21:47<1:38:58, 20.55s/it]
 54%|█████▎    | 334/622 [1:22:01<1:29:05, 18.56s/it]
 54%|█████▍    | 335/622 [1:22:13<1:19:22, 16.59s/it]
 54%|█████▍    | 336/622 [1:22:25<1:13:16, 15.37s/it]
 54%|█████▍    | 337/622 [1:22:40<1:12:16, 15.21s/it]
 54%|█████▍    | 338/622 [1:22:53<1:08:22, 14.44s/it]
 55%|█████▍    | 339/622 [1:23:07<1:07:55, 14.40s/it]
 55%|█████▍    | 340/622 [1:23:19<1:05:08, 13.86s/it]
                                                     

 55%|█████▍    | 340/622 [1:23:21<1:05:08, 13.86s/it]
 55%|█████▍    | 341/622 [1:23:32<1:03:36, 13.58s/it]
 55%|█████▍    | 342/622 [1:23:45<1:01:57, 13.28s/it]
 55%|█████▌    | 343/622 [1:23:58<1:01:47, 13.29s/it]
 55%|█████▌    | 344/622 [1:24:10<59:55, 12.93s/it]  
 55%|█████▌    | 345/622 [1:24:23<58:58, 12.78s/it]
 56%|█████▌    | 346/622 [1:24:33<55:54, 12.15s/it]
 56%|█████▌    | 347/622 [1:24:45<55:14, 12.05s/it]
 56%|█████▌    | 348/622 [1:24:58<55:27, 12.14s/it]
 56%|█████▌    | 349/622 [1:25:10<55:08, 12.12s/it]
 56%|█████▋    | 350/622 [1:25:21<54:18, 11.98s/it]
 56%|█████▋    | 351/622 [1:25:33<53:28, 11.84s/it]
 57%|█████▋    | 352/622 [1:25:48<57:06, 12.69s/it]
 57%|█████▋    | 353/622 [1:25:59<54:53, 12.24s/it]
 57%|█████▋    | 354/622 [1:26:11<54:47, 12.27s/it]
 57%|█████▋    | 355/622 [1:26:23<54:34, 12.26s/it]
 57%|█████▋    | 356/622 [1:26:35<54:04, 12.20s/it]
 57%|█████▋    | 357/622 [1:26:48<53:57, 12.22s/it]
 58%|█████▊    | 358/622 [1:26:59<53:12, 12.09s/it]
 58%|█████▊    | 359/622 [1:27:11<52:29, 11.98s/it]
 58%|█████▊    | 360/622 [1:27:23<52:00, 11.91s/it]
                                                   

 58%|█████▊    | 360/622 [1:27:24<52:00, 11.91s/it]
 58%|█████▊    | 361/622 [1:27:35<52:22, 12.04s/it]
 58%|█████▊    | 362/622 [1:27:48<52:41, 12.16s/it]
 58%|█████▊    | 363/622 [1:28:00<52:21, 12.13s/it]
 59%|█████▊    | 364/622 [1:28:13<53:58, 12.55s/it]
 59%|█████▊    | 365/622 [1:28:26<53:55, 12.59s/it]
 59%|█████▉    | 366/622 [1:28:38<52:32, 12.31s/it]
 59%|█████▉    | 367/622 [1:28:50<52:53, 12.44s/it]
 59%|█████▉    | 368/622 [1:29:03<53:28, 12.63s/it]
 59%|█████▉    | 369/622 [1:29:14<50:02, 11.87s/it]
 59%|█████▉    | 370/622 [1:29:25<49:26, 11.77s/it]
 60%|█████▉    | 371/622 [1:29:41<54:06, 12.93s/it]
 60%|█████▉    | 372/622 [1:29:55<56:01, 13.45s/it]
 60%|█████▉    | 373/622 [1:30:12<59:17, 14.29s/it]
 60%|██████    | 374/622 [1:30:26<59:06, 14.30s/it]
 60%|██████    | 375/622 [1:30:40<58:43, 14.27s/it]
 60%|██████    | 376/622 [1:30:54<58:00, 14.15s/it]
 61%|██████    | 377/622 [1:31:10<59:47, 14.64s/it]
 61%|██████    | 378/622 [1:31:25<59:48, 14.71s/it]
 61%|██████    | 379/622 [1:31:38<58:03, 14.34s/it]
 61%|██████    | 380/622 [1:31:51<55:27, 13.75s/it]
                                                   

 61%|██████    | 380/622 [1:31:52<55:27, 13.75s/it]
 61%|██████▏   | 381/622 [1:32:05<55:34, 13.84s/it]
 61%|██████▏   | 382/622 [1:32:17<54:06, 13.53s/it]
 62%|██████▏   | 383/622 [1:32:31<54:19, 13.64s/it]
 62%|██████▏   | 384/622 [1:32:45<53:56, 13.60s/it]
 62%|██████▏   | 385/622 [1:32:56<51:16, 12.98s/it]
 62%|██████▏   | 386/622 [1:33:07<48:48, 12.41s/it]
 62%|██████▏   | 387/622 [1:33:19<47:55, 12.24s/it]
 62%|██████▏   | 388/622 [1:33:30<45:29, 11.67s/it]
 63%|██████▎   | 389/622 [1:33:43<47:53, 12.33s/it]
 63%|██████▎   | 390/622 [1:33:53<44:41, 11.56s/it]
 63%|██████▎   | 391/622 [1:34:06<45:54, 11.92s/it]
 63%|██████▎   | 392/622 [1:34:19<46:52, 12.23s/it]
 63%|██████▎   | 393/622 [1:34:28<43:26, 11.38s/it]
 63%|██████▎   | 394/622 [1:34:40<43:37, 11.48s/it]
 64%|██████▎   | 395/622 [1:34:53<44:58, 11.89s/it]
 64%|██████▎   | 396/622 [1:35:04<43:21, 11.51s/it]
 64%|██████▍   | 397/622 [1:35:15<43:15, 11.54s/it]
 64%|██████▍   | 398/622 [1:35:25<40:53, 10.95s/it]
 64%|██████▍   | 399/622 [1:35:37<42:29, 11.43s/it]
 64%|██████▍   | 400/622 [1:35:48<42:01, 11.36s/it]
                                                   

 64%|██████▍   | 400/622 [1:35:50<42:01, 11.36s/it]
 64%|██████▍   | 401/622 [1:36:01<43:34, 11.83s/it]
 65%|██████▍   | 402/622 [1:36:12<41:51, 11.41s/it]
 65%|██████▍   | 403/622 [1:36:23<41:47, 11.45s/it]
 65%|██████▍   | 404/622 [1:36:38<44:48, 12.33s/it]
 65%|██████▌   | 405/622 [1:36:55<49:46, 13.76s/it]
 65%|██████▌   | 406/622 [1:37:17<58:23, 16.22s/it]
 65%|██████▌   | 407/622 [1:37:44<1:10:10, 19.58s/it]
 66%|██████▌   | 408/622 [1:38:12<1:18:04, 21.89s/it]
 66%|██████▌   | 409/622 [1:38:27<1:11:18, 20.09s/it]
 66%|██████▌   | 410/622 [1:38:42<1:05:37, 18.57s/it]
 66%|██████▌   | 411/622 [1:39:01<1:05:16, 18.56s/it]
 66%|██████▌   | 412/622 [1:39:20<1:04:57, 18.56s/it]
 66%|██████▋   | 413/622 [1:39:40<1:06:37, 19.13s/it]
 67%|██████▋   | 414/622 [1:39:58<1:04:39, 18.65s/it]
 67%|██████▋   | 415/622 [1:40:15<1:03:27, 18.39s/it]
 67%|██████▋   | 416/622 [1:40:33<1:01:58, 18.05s/it]
 67%|██████▋   | 417/622 [1:40:48<58:55, 17.25s/it]  
 67%|██████▋   | 418/622 [1:41:06<59:31, 17.51s/it]
 67%|██████▋   | 419/622 [1:41:23<58:28, 17.28s/it]
 68%|██████▊   | 420/622 [1:41:39<57:36, 17.11s/it]
                                                   

 68%|██████▊   | 420/622 [1:41:41<57:36, 17.11s/it]
 68%|██████▊   | 421/622 [1:41:55<55:55, 16.70s/it]
 68%|██████▊   | 422/622 [1:42:13<56:36, 16.98s/it]
 68%|██████▊   | 423/622 [1:42:27<53:44, 16.20s/it]
 68%|██████▊   | 424/622 [1:42:49<58:54, 17.85s/it]
 68%|██████▊   | 425/622 [1:43:03<55:13, 16.82s/it]
 68%|██████▊   | 426/622 [1:43:20<54:28, 16.67s/it]
 69%|██████▊   | 427/622 [1:43:38<55:19, 17.02s/it]
 69%|██████▉   | 428/622 [1:44:00<1:00:10, 18.61s/it]
 69%|██████▉   | 429/622 [1:44:15<56:08, 17.45s/it]  
 69%|██████▉   | 430/622 [1:44:28<51:49, 16.19s/it]
 69%|██████▉   | 431/622 [1:44:46<53:47, 16.90s/it]
 69%|██████▉   | 432/622 [1:45:00<50:37, 15.99s/it]
 70%|██████▉   | 433/622 [1:45:16<49:39, 15.77s/it]
 70%|██████▉   | 434/622 [1:45:33<51:26, 16.42s/it]
 70%|██████▉   | 435/622 [1:45:52<52:55, 16.98s/it]
 70%|███████   | 436/622 [1:46:09<52:56, 17.08s/it]
 70%|███████   | 437/622 [1:46:26<52:49, 17.13s/it]
 70%|███████   | 438/622 [1:46:45<54:11, 17.67s/it]
 71%|███████   | 439/622 [1:47:00<51:06, 16.76s/it]
 71%|███████   | 440/622 [1:47:15<49:16, 16.24s/it]
                                                   

 71%|███████   | 440/622 [1:47:16<49:16, 16.24s/it]
 71%|███████   | 441/622 [1:47:28<46:03, 15.27s/it]
 71%|███████   | 442/622 [1:47:43<45:54, 15.30s/it]
 71%|███████   | 443/622 [1:48:02<48:37, 16.30s/it]
 71%|███████▏  | 444/622 [1:48:17<47:31, 16.02s/it]
 72%|███████▏  | 445/622 [1:48:33<46:59, 15.93s/it]
 72%|███████▏  | 446/622 [1:48:48<45:44, 15.60s/it]
 72%|███████▏  | 447/622 [1:49:03<45:29, 15.60s/it]
 72%|███████▏  | 448/622 [1:49:21<47:12, 16.28s/it]
 72%|███████▏  | 449/622 [1:49:38<47:12, 16.37s/it]
 72%|███████▏  | 450/622 [1:49:53<46:00, 16.05s/it]
 73%|███████▎  | 451/622 [1:50:08<44:28, 15.61s/it]
 73%|███████▎  | 452/622 [1:50:26<46:24, 16.38s/it]
 73%|███████▎  | 453/622 [1:50:44<47:16, 16.78s/it]
 73%|███████▎  | 454/622 [1:51:00<46:16, 16.52s/it]
 73%|███████▎  | 455/622 [1:51:16<45:33, 16.37s/it]
 73%|███████▎  | 456/622 [1:51:31<44:11, 15.97s/it]
 73%|███████▎  | 457/622 [1:51:43<40:42, 14.80s/it]
 74%|███████▎  | 458/622 [1:52:01<43:14, 15.82s/it]
 74%|███████▍  | 459/622 [1:52:17<43:08, 15.88s/it]
 74%|███████▍  | 460/622 [1:52:32<42:26, 15.72s/it]
                                                   

 74%|███████▍  | 460/622 [1:52:33<42:26, 15.72s/it]
 74%|███████▍  | 461/622 [1:52:48<41:49, 15.59s/it]
 74%|███████▍  | 462/622 [1:53:02<40:58, 15.37s/it]
 74%|███████▍  | 463/622 [1:53:17<39:48, 15.02s/it]
 75%|███████▍  | 464/622 [1:53:37<43:30, 16.52s/it]
 75%|███████▍  | 465/622 [1:53:50<40:36, 15.52s/it]
 75%|███████▍  | 466/622 [1:54:05<39:46, 15.30s/it]
 75%|███████▌  | 467/622 [1:54:22<41:28, 16.06s/it]
 75%|███████▌  | 468/622 [1:54:41<43:20, 16.89s/it]
 75%|███████▌  | 469/622 [1:54:53<39:18, 15.42s/it]
 76%|███████▌  | 470/622 [1:55:10<40:13, 15.88s/it]
 76%|███████▌  | 471/622 [1:55:26<39:48, 15.82s/it]
 76%|███████▌  | 472/622 [1:55:43<40:47, 16.32s/it]
 76%|███████▌  | 473/622 [1:56:00<41:05, 16.54s/it]
 76%|███████▌  | 474/622 [1:56:20<43:24, 17.60s/it]
 76%|███████▋  | 475/622 [1:56:38<43:22, 17.71s/it]
 77%|███████▋  | 476/622 [1:57:00<46:07, 18.95s/it]
 77%|███████▋  | 477/622 [1:57:22<47:56, 19.84s/it]
 77%|███████▋  | 478/622 [1:57:41<46:45, 19.48s/it]
 77%|███████▋  | 479/622 [1:57:59<45:39, 19.16s/it]
 77%|███████▋  | 480/622 [1:58:18<45:14, 19.11s/it]
                                                   

 77%|███████▋  | 480/622 [1:58:19<45:14, 19.11s/it]
 77%|███████▋  | 481/622 [1:58:39<46:15, 19.68s/it]
 77%|███████▋  | 482/622 [1:58:57<44:31, 19.09s/it]
 78%|███████▊  | 483/622 [1:59:17<44:38, 19.27s/it]
 78%|███████▊  | 484/622 [1:59:34<42:48, 18.61s/it]
 78%|███████▊  | 485/622 [1:59:53<42:41, 18.70s/it]
 78%|███████▊  | 486/622 [2:00:12<42:51, 18.91s/it]
 78%|███████▊  | 487/622 [2:00:29<41:34, 18.47s/it]
 78%|███████▊  | 488/622 [2:00:47<40:45, 18.25s/it]
 79%|███████▊  | 489/622 [2:01:04<39:38, 17.88s/it]
 79%|███████▉  | 490/622 [2:01:21<38:27, 17.48s/it]
 79%|███████▉  | 491/622 [2:01:41<40:05, 18.36s/it]
 79%|███████▉  | 492/622 [2:01:58<38:58, 17.99s/it]
 79%|███████▉  | 493/622 [2:02:16<38:33, 17.94s/it]
 79%|███████▉  | 494/622 [2:02:34<38:03, 17.84s/it]
 80%|███████▉  | 495/622 [2:02:51<37:18, 17.62s/it]
 80%|███████▉  | 496/622 [2:03:07<35:54, 17.10s/it]
 80%|███████▉  | 497/622 [2:03:24<35:57, 17.26s/it]
 80%|████████  | 498/622 [2:03:46<38:31, 18.64s/it]
 80%|████████  | 499/622 [2:04:03<36:54, 18.00s/it]
 80%|████████  | 500/622 [2:04:23<37:57, 18.67s/it]
                                                   

 80%|████████  | 500/622 [2:04:24<37:57, 18.67s/it]
 81%|████████  | 501/622 [2:04:43<38:30, 19.09s/it]
 81%|████████  | 502/622 [2:04:59<36:10, 18.09s/it]
 81%|████████  | 503/622 [2:05:15<34:46, 17.53s/it]
 81%|████████  | 504/622 [2:05:34<35:20, 17.97s/it]
 81%|████████  | 505/622 [2:05:51<34:25, 17.66s/it]
 81%|████████▏ | 506/622 [2:06:11<35:15, 18.23s/it]
 82%|████████▏ | 507/622 [2:06:28<34:15, 17.88s/it]
 82%|████████▏ | 508/622 [2:06:45<33:44, 17.75s/it]
 82%|████████▏ | 509/622 [2:07:01<32:10, 17.08s/it]
 82%|████████▏ | 510/622 [2:07:20<33:00, 17.69s/it]
 82%|████████▏ | 511/622 [2:07:36<31:44, 17.16s/it]
 82%|████████▏ | 512/622 [2:07:56<33:23, 18.21s/it]
 82%|████████▏ | 513/622 [2:08:17<34:28, 18.98s/it]
 83%|████████▎ | 514/622 [2:08:37<34:43, 19.29s/it]
 83%|████████▎ | 515/622 [2:09:06<39:41, 22.26s/it]
 83%|████████▎ | 516/622 [2:09:26<38:10, 21.61s/it]
 83%|████████▎ | 517/622 [2:09:42<34:49, 19.90s/it]
 83%|████████▎ | 518/622 [2:10:06<36:28, 21.04s/it]
 83%|████████▎ | 519/622 [2:10:28<36:39, 21.35s/it]
 84%|████████▎ | 520/622 [2:10:51<37:20, 21.97s/it]
                                                   

 84%|████████▎ | 520/622 [2:10:53<37:20, 21.97s/it]
 84%|████████▍ | 521/622 [2:11:11<35:46, 21.25s/it]
 84%|████████▍ | 522/622 [2:11:27<32:47, 19.67s/it]
 84%|████████▍ | 523/622 [2:11:47<32:45, 19.86s/it]
 84%|████████▍ | 524/622 [2:12:05<31:09, 19.07s/it]
 84%|████████▍ | 525/622 [2:12:24<31:12, 19.30s/it]
 85%|████████▍ | 526/622 [2:12:42<30:11, 18.86s/it]
 85%|████████▍ | 527/622 [2:13:01<29:37, 18.71s/it]
 85%|████████▍ | 528/622 [2:13:20<29:29, 18.82s/it]
 85%|████████▌ | 529/622 [2:13:37<28:39, 18.49s/it]
 85%|████████▌ | 530/622 [2:13:57<28:46, 18.77s/it]
 85%|████████▌ | 531/622 [2:14:14<27:51, 18.37s/it]
 86%|████████▌ | 532/622 [2:14:31<26:54, 17.94s/it]
 86%|████████▌ | 533/622 [2:14:50<26:51, 18.11s/it]
 86%|████████▌ | 534/622 [2:15:07<26:17, 17.92s/it]
 86%|████████▌ | 535/622 [2:15:25<26:03, 17.97s/it]
 86%|████████▌ | 536/622 [2:15:43<25:42, 17.93s/it]
 86%|████████▋ | 537/622 [2:16:00<24:49, 17.53s/it]
 86%|████████▋ | 538/622 [2:16:16<24:05, 17.21s/it]
 87%|████████▋ | 539/622 [2:16:36<24:48, 17.94s/it]
 87%|████████▋ | 540/622 [2:16:55<25:04, 18.35s/it]
                                                   

 87%|████████▋ | 540/622 [2:16:56<25:04, 18.35s/it]
 87%|████████▋ | 541/622 [2:17:12<24:11, 17.92s/it]
 87%|████████▋ | 542/622 [2:17:29<23:33, 17.67s/it]
 87%|████████▋ | 543/622 [2:17:47<23:32, 17.88s/it]
 87%|████████▋ | 544/622 [2:18:07<23:54, 18.39s/it]
 88%|████████▊ | 545/622 [2:18:26<24:00, 18.70s/it]
 88%|████████▊ | 546/622 [2:18:44<23:06, 18.24s/it]
 88%|████████▊ | 547/622 [2:19:03<23:08, 18.52s/it]
 88%|████████▊ | 548/622 [2:19:22<23:08, 18.77s/it]
 88%|████████▊ | 549/622 [2:19:39<22:02, 18.12s/it]
 88%|████████▊ | 550/622 [2:19:56<21:25, 17.85s/it]
 89%|████████▊ | 551/622 [2:20:13<20:57, 17.71s/it]
 89%|████████▊ | 552/622 [2:20:32<21:01, 18.02s/it]
 89%|████████▉ | 553/622 [2:20:49<20:19, 17.68s/it]
 89%|████████▉ | 554/622 [2:21:05<19:35, 17.29s/it]
 89%|████████▉ | 555/622 [2:21:22<19:14, 17.23s/it]
 89%|████████▉ | 556/622 [2:21:38<18:16, 16.61s/it]
 90%|████████▉ | 557/622 [2:21:53<17:38, 16.29s/it]
 90%|████████▉ | 558/622 [2:22:13<18:36, 17.44s/it]
 90%|████████▉ | 559/622 [2:22:27<17:13, 16.40s/it]
 90%|█████████ | 560/622 [2:22:48<18:20, 17.75s/it]
                                                   

 90%|█████████ | 560/622 [2:22:49<18:20, 17.75s/it]
 90%|█████████ | 561/622 [2:23:04<17:36, 17.32s/it]
 90%|█████████ | 562/622 [2:23:23<17:46, 17.77s/it]
 91%|█████████ | 563/622 [2:23:39<16:55, 17.20s/it]
 91%|█████████ | 564/622 [2:23:57<16:56, 17.52s/it]
 91%|█████████ | 565/622 [2:24:16<16:53, 17.77s/it]
 91%|█████████ | 566/622 [2:24:34<16:43, 17.92s/it]
 91%|█████████ | 567/622 [2:24:49<15:38, 17.06s/it]
 91%|█████████▏| 568/622 [2:25:09<16:12, 18.00s/it]
 91%|█████████▏| 569/622 [2:25:32<17:05, 19.35s/it]
 92%|█████████▏| 570/622 [2:25:49<16:11, 18.69s/it]
 92%|█████████▏| 571/622 [2:26:13<17:08, 20.16s/it]
 92%|█████████▏| 572/622 [2:26:29<15:53, 19.08s/it]
 92%|█████████▏| 573/622 [2:26:46<15:07, 18.52s/it]
 92%|█████████▏| 574/622 [2:27:07<15:25, 19.29s/it]
 92%|█████████▏| 575/622 [2:27:27<15:09, 19.34s/it]
 93%|█████████▎| 576/622 [2:27:46<14:41, 19.17s/it]
 93%|█████████▎| 577/622 [2:28:02<13:48, 18.41s/it]
 93%|█████████▎| 578/622 [2:28:19<13:07, 17.89s/it]
 93%|█████████▎| 579/622 [2:28:38<13:03, 18.21s/it]
 93%|█████████▎| 580/622 [2:28:58<13:02, 18.63s/it]
                                                   

 93%|█████████▎| 580/622 [2:28:59<13:02, 18.63s/it]
 93%|█████████▎| 581/622 [2:29:15<12:29, 18.27s/it]
 94%|█████████▎| 582/622 [2:29:35<12:34, 18.85s/it]
 94%|█████████▎| 583/622 [2:29:53<12:04, 18.58s/it]
 94%|█████████▍| 584/622 [2:30:11<11:43, 18.52s/it]
 94%|█████████▍| 585/622 [2:30:26<10:40, 17.32s/it]
 94%|█████████▍| 586/622 [2:30:46<10:52, 18.12s/it]
 94%|█████████▍| 587/622 [2:31:01<10:05, 17.30s/it]
 95%|█████████▍| 588/622 [2:31:20<09:58, 17.60s/it]
 95%|█████████▍| 589/622 [2:31:39<10:00, 18.20s/it]
 95%|█████████▍| 590/622 [2:31:57<09:35, 17.98s/it]
 95%|█████████▌| 591/622 [2:32:15<09:21, 18.12s/it]
 95%|█████████▌| 592/622 [2:32:34<09:10, 18.34s/it]
 95%|█████████▌| 593/622 [2:32:51<08:40, 17.96s/it]
 95%|█████████▌| 594/622 [2:33:08<08:10, 17.51s/it]
 96%|█████████▌| 595/622 [2:33:26<07:57, 17.68s/it]
 96%|█████████▌| 596/622 [2:33:44<07:47, 17.99s/it]
 96%|█████████▌| 597/622 [2:33:58<07:00, 16.82s/it]
 96%|█████████▌| 598/622 [2:34:17<06:53, 17.23s/it]
 96%|█████████▋| 599/622 [2:34:36<06:50, 17.83s/it]
 96%|█████████▋| 600/622 [2:34:51<06:13, 16.99s/it]
                                                   

 96%|█████████▋| 600/622 [2:34:52<06:13, 16.99s/it]
 97%|█████████▋| 601/622 [2:35:05<05:41, 16.25s/it]
 97%|█████████▋| 602/622 [2:35:24<05:41, 17.07s/it]
 97%|█████████▋| 603/622 [2:35:41<05:23, 17.04s/it]
 97%|█████████▋| 604/622 [2:35:54<04:45, 15.86s/it]
 97%|█████████▋| 605/622 [2:36:09<04:23, 15.49s/it]
 97%|█████████▋| 606/622 [2:36:26<04:15, 15.99s/it]
 98%|█████████▊| 607/622 [2:36:42<04:00, 16.03s/it]
 98%|█████████▊| 608/622 [2:36:59<03:44, 16.05s/it]
 98%|█████████▊| 609/622 [2:37:15<03:28, 16.04s/it]
 98%|█████████▊| 610/622 [2:37:30<03:08, 15.73s/it]
 98%|█████████▊| 611/622 [2:37:45<02:52, 15.71s/it]
 98%|█████████▊| 612/622 [2:38:03<02:42, 16.20s/it]
 99%|█████████▊| 613/622 [2:38:24<02:39, 17.67s/it]
 99%|█████████▊| 614/622 [2:38:48<02:36, 19.57s/it]
 99%|█████████▉| 615/622 [2:39:11<02:25, 20.83s/it]
 99%|█████████▉| 616/622 [2:39:27<01:56, 19.34s/it]
 99%|█████████▉| 617/622 [2:39:44<01:32, 18.44s/it]
 99%|█████████▉| 618/622 [2:39:59<01:09, 17.39s/it]
100%|█████████▉| 619/622 [2:40:12<00:48, 16.29s/it]
100%|█████████▉| 620/622 [2:40:30<00:33, 16.75s/it]
                                                   

100%|█████████▉| 620/622 [2:40:31<00:33, 16.75s/it]
100%|█████████▉| 621/622 [2:40:46<00:16, 16.40s/it]
100%|██████████| 622/622 [2:40:58<00:00, 15.14s/it]{'loss': '24.03', 'grad_norm': '9.172', 'learning_rate': '5.42e-05', 'epoch': '1.029'}
{'loss': '24.03', 'grad_norm': '3.332', 'learning_rate': '5.063e-05', 'epoch': '1.093'}
{'loss': '24.44', 'grad_norm': '34.75', 'learning_rate': '4.705e-05', 'epoch': '1.158'}
{'loss': '24.35', 'grad_norm': '57.11', 'learning_rate': '4.347e-05', 'epoch': '1.222'}
{'loss': '23.98', 'grad_norm': '2.483', 'learning_rate': '3.989e-05', 'epoch': '1.286'}
{'loss': '24.25', 'grad_norm': '7.136', 'learning_rate': '3.631e-05', 'epoch': '1.351'}
{'loss': '24.12', 'grad_norm': '8.159', 'learning_rate': '3.274e-05', 'epoch': '1.415'}
{'loss': '23.93', 'grad_norm': '5.992', 'learning_rate': '2.916e-05', 'epoch': '1.479'}
{'loss': '23.85', 'grad_norm': '10.85', 'learning_rate': '2.558e-05', 'epoch': '1.544'}
{'loss': '23.98', 'grad_norm': '15.2', 'learning_rate': '2.2e-05', 'epoch': '1.608'}
{'loss': '24', 'grad_norm': '15.95', 'learning_rate': '1.843e-05', 'epoch': '1.672'}
{'loss': '24.02', 'grad_norm': '7.593', 'learning_rate': '1.485e-05', 'epoch': '1.737'}
{'loss': '23.79', 'grad_norm': '10.4', 'learning_rate': '1.127e-05', 'epoch': '1.801'}
{'loss': '23.52', 'grad_norm': '3.8', 'learning_rate': '7.692e-06', 'epoch': '1.865'}
{'loss': '23.75', 'grad_norm': '3.801', 'learning_rate': '4.114e-06', 'epoch': '1.93'}
{'loss': '23.83', 'grad_norm': '5.197', 'learning_rate': '5.367e-07', 'epoch': '1.994'}


  0%|          | 0/247 [00:00<?, ?it/s][A

  1%|          | 2/247 [00:00<00:58,  4.19it/s][A

  1%|          | 3/247 [00:00<01:09,  3.53it/s][A

  2%|▏         | 4/247 [00:01<01:20,  3.02it/s][A

  2%|▏         | 5/247 [00:02<02:16,  1.78it/s][A

  2%|▏         | 6/247 [00:03<02:44,  1.47it/s][A

  3%|▎         | 7/247 [00:03<02:40,  1.49it/s][A

  3%|▎         | 8/247 [00:04<02:37,  1.52it/s][A

  4%|▎         | 9/247 [00:04<02:24,  1.64it/s][A

  4%|▍         | 10/247 [00:05<02:22,  1.66it/s][A

  4%|▍         | 11/247 [00:06<02:15,  1.75it/s][A

  5%|▍         | 12/247 [00:06<02:13,  1.76it/s][A

  5%|▌         | 13/247 [00:07<02:08,  1.82it/s][A

  6%|▌         | 14/247 [00:07<01:58,  1.97it/s][A

  6%|▌         | 15/247 [00:07<01:52,  2.06it/s][A

  6%|▋         | 16/247 [00:08<02:06,  1.82it/s][A

  7%|▋         | 17/247 [00:08<01:53,  2.03it/s][A

  7%|▋         | 18/247 [00:09<01:51,  2.05it/s][A

  8%|▊         | 19/247 [00:09<01:49,  2.08it/s][A

  8%|▊         | 20/247 [00:10<02:00,  1.89it/s][A

  9%|▊         | 21/247 [00:10<01:52,  2.01it/s][A

  9%|▉         | 22/247 [00:11<02:10,  1.73it/s][A

  9%|▉         | 23/247 [00:12<02:01,  1.84it/s][A

 10%|▉         | 24/247 [00:12<02:00,  1.85it/s][A

 10%|█         | 25/247 [00:13<01:44,  2.13it/s][A

 11%|█         | 26/247 [00:13<01:55,  1.92it/s][A

 11%|█         | 27/247 [00:14<01:43,  2.12it/s][A

 11%|█▏        | 28/247 [00:14<01:49,  1.99it/s][A

 12%|█▏        | 29/247 [00:14<01:40,  2.18it/s][A

 12%|█▏        | 30/247 [00:15<01:32,  2.35it/s][A

 13%|█▎        | 31/247 [00:15<01:31,  2.36it/s][A

 13%|█▎        | 32/247 [00:16<01:24,  2.55it/s][A

 13%|█▎        | 33/247 [00:16<01:33,  2.30it/s][A

 14%|█▍        | 34/247 [00:16<01:27,  2.43it/s][A

 14%|█▍        | 35/247 [00:17<01:23,  2.54it/s][A

 15%|█▍        | 36/247 [00:18<01:42,  2.05it/s][A

 15%|█▍        | 37/247 [00:18<01:33,  2.24it/s][A

 15%|█▌        | 38/247 [00:18<01:37,  2.14it/s][A

 16%|█▌        | 39/247 [00:19<01:53,  1.84it/s][A

 16%|█▌        | 40/247 [00:20<01:44,  1.98it/s][A

 17%|█▋        | 41/247 [00:20<01:38,  2.09it/s][A

 17%|█▋        | 42/247 [00:20<01:38,  2.09it/s][A

 17%|█▋        | 43/247 [00:21<01:47,  1.90it/s][A

 18%|█▊        | 44/247 [00:22<01:49,  1.86it/s][A

 18%|█▊        | 45/247 [00:22<01:50,  1.83it/s][A

 19%|█▊        | 46/247 [00:23<01:46,  1.89it/s][A

 19%|█▉        | 47/247 [00:23<01:31,  2.18it/s][A

 19%|█▉        | 48/247 [00:23<01:20,  2.46it/s][A

 20%|█▉        | 49/247 [00:24<01:27,  2.26it/s][A

 20%|██        | 50/247 [00:25<02:07,  1.54it/s][A

 21%|██        | 51/247 [00:25<01:50,  1.77it/s][A

 21%|██        | 52/247 [00:26<01:46,  1.83it/s][A

 21%|██▏       | 53/247 [00:27<02:04,  1.55it/s][A

 22%|██▏       | 54/247 [00:28<02:19,  1.39it/s][A

 22%|██▏       | 55/247 [00:28<02:02,  1.57it/s][A

 23%|██▎       | 56/247 [00:29<02:12,  1.44it/s][A

 23%|██▎       | 57/247 [00:29<01:52,  1.68it/s][A

 23%|██▎       | 58/247 [00:30<01:49,  1.72it/s][A

 24%|██▍       | 59/247 [00:30<01:46,  1.77it/s][A

 24%|██▍       | 60/247 [00:31<01:36,  1.93it/s][A

 25%|██▍       | 61/247 [00:31<01:26,  2.15it/s][A

 25%|██▌       | 62/247 [00:31<01:22,  2.24it/s][A

 26%|██▌       | 63/247 [00:32<01:18,  2.35it/s][A

 26%|██▌       | 64/247 [00:32<01:17,  2.37it/s][A

 26%|██▋       | 65/247 [00:33<01:11,  2.56it/s][A

 27%|██▋       | 66/247 [00:33<01:08,  2.64it/s][A

 27%|██▋       | 67/247 [00:34<01:23,  2.16it/s][A

 28%|██▊       | 68/247 [00:34<01:38,  1.81it/s][A

 28%|██▊       | 69/247 [00:35<01:40,  1.76it/s][A

 28%|██▊       | 70/247 [00:35<01:36,  1.83it/s][A

 29%|██▊       | 71/247 [00:36<01:25,  2.05it/s][A

 29%|██▉       | 72/247 [00:36<01:20,  2.18it/s][A

 30%|██▉       | 73/247 [00:37<01:36,  1.80it/s][A

 30%|██▉       | 74/247 [00:37<01:29,  1.93it/s][A

 30%|███       | 75/247 [00:38<01:35,  1.80it/s][A

 31%|███       | 76/247 [00:39<01:36,  1.78it/s][A

 31%|███       | 77/247 [00:39<01:25,  1.99it/s][A

 32%|███▏      | 78/247 [00:39<01:17,  2.18it/s][A

 32%|███▏      | 79/247 [00:40<01:20,  2.09it/s][A

 32%|███▏      | 80/247 [00:40<01:18,  2.13it/s][A

 33%|███▎      | 81/247 [00:41<01:12,  2.28it/s][A

 33%|███▎      | 82/247 [00:41<01:10,  2.34it/s][A

 34%|███▎      | 83/247 [00:41<01:01,  2.66it/s][A

 34%|███▍      | 84/247 [00:42<01:06,  2.46it/s][A

 34%|███▍      | 85/247 [00:42<01:20,  2.02it/s][A

 35%|███▍      | 86/247 [00:43<01:12,  2.22it/s][A

 35%|███▌      | 87/247 [00:44<01:30,  1.76it/s][A

 36%|███▌      | 88/247 [00:44<01:25,  1.86it/s][A

 36%|███▌      | 89/247 [00:45<01:26,  1.82it/s][A

 36%|███▋      | 90/247 [00:45<01:22,  1.89it/s][A

 37%|███▋      | 91/247 [00:46<01:25,  1.83it/s][A

 37%|███▋      | 92/247 [00:46<01:17,  2.00it/s][A

 38%|███▊      | 93/247 [00:47<01:11,  2.16it/s][A

 38%|███▊      | 94/247 [00:47<01:28,  1.72it/s][A

 38%|███▊      | 95/247 [00:48<01:23,  1.82it/s][A

 39%|███▉      | 96/247 [00:49<01:31,  1.66it/s][A

 39%|███▉      | 97/247 [00:49<01:31,  1.65it/s][A

 40%|███▉      | 98/247 [00:50<01:53,  1.31it/s][A

 40%|████      | 99/247 [00:51<01:37,  1.52it/s][A

 40%|████      | 100/247 [00:52<01:46,  1.37it/s][A

 41%|████      | 101/247 [00:52<01:25,  1.70it/s][A

 41%|████▏     | 102/247 [00:52<01:19,  1.83it/s][A

 42%|████▏     | 103/247 [00:53<01:30,  1.59it/s][A

 42%|████▏     | 104/247 [00:54<01:27,  1.64it/s][A

 43%|████▎     | 105/247 [00:55<01:34,  1.50it/s][A

 43%|████▎     | 106/247 [00:55<01:30,  1.56it/s][A

 43%|████▎     | 107/247 [00:56<01:21,  1.73it/s][A

 44%|████▎     | 108/247 [00:56<01:30,  1.53it/s][A

 44%|████▍     | 109/247 [00:57<01:24,  1.63it/s][A

 45%|████▍     | 110/247 [00:58<01:30,  1.52it/s][A

 45%|████▍     | 111/247 [00:58<01:22,  1.66it/s][A

 45%|████▌     | 112/247 [00:59<01:21,  1.66it/s][A

 46%|████▌     | 113/247 [00:59<01:18,  1.70it/s][A

 46%|████▌     | 114/247 [01:00<01:09,  1.91it/s][A

 47%|████▋     | 115/247 [01:00<01:06,  1.98it/s][A

 47%|████▋     | 116/247 [01:01<01:12,  1.80it/s][A

 47%|████▋     | 117/247 [01:01<01:08,  1.91it/s][A

 48%|████▊     | 118/247 [01:02<01:09,  1.85it/s][A

 48%|████▊     | 119/247 [01:02<01:10,  1.81it/s][A

 49%|████▊     | 120/247 [01:03<01:06,  1.91it/s][A

 49%|████▉     | 121/247 [01:03<01:05,  1.93it/s][A

 49%|████▉     | 122/247 [01:04<00:59,  2.11it/s][A

 50%|████▉     | 123/247 [01:04<00:51,  2.43it/s][A

 50%|█████     | 124/247 [01:05<00:55,  2.20it/s][A

 51%|█████     | 125/247 [01:05<00:50,  2.44it/s][A

 51%|█████     | 126/247 [01:05<00:52,  2.32it/s][A

 51%|█████▏    | 127/247 [01:06<00:54,  2.19it/s][A

 52%|█████▏    | 128/247 [01:06<00:51,  2.31it/s][A

 52%|█████▏    | 129/247 [01:07<00:48,  2.46it/s][A

 53%|█████▎    | 130/247 [01:07<00:52,  2.21it/s][A

 53%|█████▎    | 131/247 [01:08<00:49,  2.36it/s][A

 53%|█████▎    | 132/247 [01:08<00:58,  1.97it/s][A

 54%|█████▍    | 133/247 [01:09<00:52,  2.18it/s][A

 54%|█████▍    | 134/247 [01:10<01:09,  1.64it/s][A

 55%|█████▍    | 135/247 [01:10<01:05,  1.72it/s][A

 55%|█████▌    | 136/247 [01:11<01:03,  1.74it/s][A

 55%|█████▌    | 137/247 [01:11<01:01,  1.78it/s][A

 56%|█████▌    | 138/247 [01:11<00:53,  2.02it/s][A

 56%|█████▋    | 139/247 [01:12<00:55,  1.96it/s][A

 57%|█████▋    | 140/247 [01:13<00:56,  1.89it/s][A

 57%|█████▋    | 141/247 [01:13<00:48,  2.17it/s][A

 57%|█████▋    | 142/247 [01:14<00:59,  1.76it/s][A

 58%|█████▊    | 143/247 [01:14<00:59,  1.74it/s][A

 58%|█████▊    | 144/247 [01:15<00:54,  1.88it/s][A

 59%|█████▊    | 145/247 [01:15<00:52,  1.93it/s][A

 59%|█████▉    | 146/247 [01:16<00:56,  1.79it/s][A

 60%|█████▉    | 147/247 [01:16<00:54,  1.83it/s][A

 60%|█████▉    | 148/247 [01:17<00:46,  2.13it/s][A

 60%|██████    | 149/247 [01:17<00:42,  2.31it/s][A

 61%|██████    | 150/247 [01:18<00:45,  2.13it/s][A

 61%|██████    | 151/247 [01:18<00:48,  1.99it/s][A

 62%|██████▏   | 152/247 [01:19<00:45,  2.07it/s][A

 62%|██████▏   | 153/247 [01:19<00:44,  2.09it/s][A

 62%|██████▏   | 154/247 [01:19<00:39,  2.36it/s][A

 63%|██████▎   | 155/247 [01:20<00:35,  2.58it/s][A

 63%|██████▎   | 156/247 [01:20<00:39,  2.28it/s][A

 64%|██████▎   | 157/247 [01:21<00:56,  1.60it/s][A

 64%|██████▍   | 158/247 [01:22<00:45,  1.96it/s][A

 64%|██████▍   | 159/247 [01:22<00:51,  1.70it/s][A

 65%|██████▍   | 160/247 [01:23<00:45,  1.92it/s][A

 65%|██████▌   | 161/247 [01:23<00:44,  1.92it/s][A

 66%|██████▌   | 162/247 [01:24<00:42,  2.02it/s][A

 66%|██████▌   | 163/247 [01:24<00:38,  2.17it/s][A

 66%|██████▋   | 164/247 [01:24<00:35,  2.31it/s][A

 67%|██████▋   | 165/247 [01:25<00:33,  2.46it/s][A

 67%|██████▋   | 166/247 [01:25<00:31,  2.58it/s][A

 68%|██████▊   | 167/247 [01:26<00:35,  2.28it/s][A

 68%|██████▊   | 168/247 [01:26<00:31,  2.51it/s][A

 68%|██████▊   | 169/247 [01:27<00:39,  1.97it/s][A

 69%|██████▉   | 170/247 [01:28<00:48,  1.60it/s][A

 69%|██████▉   | 171/247 [01:28<00:44,  1.70it/s][A

 70%|██████▉   | 172/247 [01:28<00:38,  1.95it/s][A

 70%|███████   | 173/247 [01:29<00:39,  1.87it/s][A

 70%|███████   | 174/247 [01:29<00:36,  2.00it/s][A

 71%|███████   | 175/247 [01:30<00:41,  1.74it/s][A

 71%|███████▏  | 176/247 [01:31<00:37,  1.88it/s][A

 72%|███████▏  | 177/247 [01:31<00:32,  2.15it/s][A

 72%|███████▏  | 178/247 [01:31<00:30,  2.28it/s][A

 72%|███████▏  | 179/247 [01:32<00:31,  2.14it/s][A

 73%|███████▎  | 180/247 [01:32<00:29,  2.31it/s][A

 73%|███████▎  | 181/247 [01:33<00:28,  2.31it/s][A

 74%|███████▎  | 182/247 [01:33<00:27,  2.33it/s][A

 74%|███████▍  | 183/247 [01:33<00:25,  2.53it/s][A

 74%|███████▍  | 184/247 [01:34<00:25,  2.45it/s][A

 75%|███████▍  | 185/247 [01:34<00:28,  2.19it/s][A

 75%|███████▌  | 186/247 [01:35<00:29,  2.07it/s][A

 76%|███████▌  | 187/247 [01:36<00:31,  1.89it/s][A

 76%|███████▌  | 188/247 [01:36<00:28,  2.08it/s][A

 77%|███████▋  | 189/247 [01:36<00:25,  2.31it/s][A

 77%|███████▋  | 190/247 [01:37<00:24,  2.36it/s][A

 77%|███████▋  | 191/247 [01:37<00:22,  2.52it/s][A

 78%|███████▊  | 192/247 [01:37<00:22,  2.49it/s][A

 78%|███████▊  | 193/247 [01:38<00:25,  2.09it/s][A

 79%|███████▊  | 194/247 [01:39<00:26,  1.97it/s][A

 79%|███████▉  | 195/247 [01:39<00:24,  2.12it/s][A

 79%|███████▉  | 196/247 [01:39<00:24,  2.11it/s][A

 80%|███████▉  | 197/247 [01:40<00:27,  1.85it/s][A

 80%|████████  | 198/247 [01:41<00:32,  1.51it/s][A

 81%|████████  | 199/247 [01:42<00:31,  1.53it/s][A

 81%|████████  | 200/247 [01:42<00:27,  1.72it/s][A

 81%|████████▏ | 201/247 [01:43<00:24,  1.90it/s][A

 82%|████████▏ | 202/247 [01:43<00:24,  1.85it/s][A

 82%|████████▏ | 203/247 [01:44<00:21,  2.03it/s][A

 83%|████████▎ | 204/247 [01:44<00:22,  1.90it/s][A

 83%|████████▎ | 205/247 [01:44<00:20,  2.08it/s][A

 83%|████████▎ | 206/247 [01:45<00:19,  2.06it/s][A

 84%|████████▍ | 207/247 [01:45<00:18,  2.16it/s][A

 84%|████████▍ | 208/247 [01:46<00:17,  2.24it/s][A

 85%|████████▍ | 209/247 [01:46<00:16,  2.26it/s][A

 85%|████████▌ | 210/247 [01:47<00:16,  2.18it/s][A

 85%|████████▌ | 211/247 [01:47<00:17,  2.09it/s][A

 86%|████████▌ | 212/247 [01:48<00:14,  2.36it/s][A

 86%|████████▌ | 213/247 [01:48<00:13,  2.48it/s][A

 87%|████████▋ | 214/247 [01:49<00:16,  2.01it/s][A

 87%|████████▋ | 215/247 [01:49<00:14,  2.24it/s][A

 87%|████████▋ | 216/247 [01:49<00:14,  2.11it/s][A

 88%|████████▊ | 217/247 [01:50<00:15,  1.93it/s][A

 88%|████████▊ | 218/247 [01:51<00:15,  1.87it/s][A

 89%|████████▊ | 219/247 [01:51<00:15,  1.82it/s][A

 89%|████████▉ | 220/247 [01:52<00:14,  1.87it/s][A

 89%|████████▉ | 221/247 [01:52<00:14,  1.77it/s][A

 90%|████████▉ | 222/247 [01:53<00:13,  1.87it/s][A

 90%|█████████ | 223/247 [01:53<00:12,  1.96it/s][A

 91%|█████████ | 224/247 [01:54<00:11,  2.05it/s][A

 91%|█████████ | 225/247 [01:54<00:10,  2.14it/s][A

 91%|█████████▏| 226/247 [01:55<00:10,  2.03it/s][A

 92%|█████████▏| 227/247 [01:55<00:08,  2.35it/s][A

 92%|█████████▏| 228/247 [01:55<00:07,  2.71it/s][A

 93%|█████████▎| 229/247 [01:56<00:09,  1.91it/s][A

 93%|█████████▎| 230/247 [01:57<00:09,  1.85it/s][A

 94%|█████████▎| 231/247 [01:57<00:08,  1.78it/s][A

 94%|█████████▍| 232/247 [01:58<00:08,  1.76it/s][A

 94%|█████████▍| 233/247 [01:58<00:07,  1.89it/s][A

 95%|█████████▍| 234/247 [01:59<00:07,  1.80it/s][A

 95%|█████████▌| 235/247 [02:00<00:07,  1.55it/s][A

 96%|█████████▌| 236/247 [02:00<00:06,  1.72it/s][A

 96%|█████████▌| 237/247 [02:01<00:05,  1.97it/s][A

 96%|█████████▋| 238/247 [02:01<00:04,  2.00it/s][A

 97%|█████████▋| 239/247 [02:02<00:03,  2.03it/s][A

 97%|█████████▋| 240/247 [02:02<00:03,  1.93it/s][A

 98%|█████████▊| 241/247 [02:03<00:03,  1.98it/s][A

 98%|█████████▊| 242/247 [02:03<00:02,  2.21it/s][A

 98%|█████████▊| 243/247 [02:03<00:01,  2.31it/s][A

 99%|█████████▉| 244/247 [02:04<00:01,  2.44it/s][A

 99%|█████████▉| 245/247 [02:04<00:00,  2.27it/s][A

100%|█████████▉| 246/247 [02:05<00:00,  1.44it/s][A

100%|██████████| 247/247 [02:06<00:00,  1.65it/s][A
                                                   


                                                 
[A
100%|██████████| 622/622 [2:43:06<00:00, 15.14s/it]

100%|██████████| 247/247 [02:06<00:00,  1.65it/s][A

                                                 [A{'eval_loss': '2.977', 'eval_wer': '0.9535', 'eval_cer': '0.9329', 'eval_runtime': '127.9', 'eval_samples_per_second': '3.854', 'eval_steps_per_second': '1.931', 'epoch': '2'}


Writing model shards:   0%|          | 0/1 [00:00<?, ?it/s][A

Writing model shards: 100%|██████████| 1/1 [00:03<00:00,  3.32s/it][A
Writing model shards: 100%|██████████| 1/1 [00:03<00:00,  3.32s/it]

                                                   

100%|██████████| 622/622 [2:43:19<00:00, 15.14s/it]
100%|██████████| 622/622 [2:43:25<00:00, 15.76s/it]
/Users/mulisamusehane/Documents/GitHub/MultilingualASR/.venv/lib/python3.12/site-packages/torch/utils/data/dataloader.py:759: UserWarning: 'pin_memory' argument is set as true but not supported on MPS now, device pinned memory won't be used.
  super().__init__(loader)
{'train_runtime': '9800', 'train_samples_per_second': '1.015', 'train_steps_per_second': '0.063', 'train_loss': '36.2', 'epoch': '2'}

  0%|          | 0/247 [00:00<?, ?it/s]
  1%|          | 2/247 [00:00<01:32,  2.64it/s]
  1%|          | 3/247 [00:01<01:42,  2.37it/s]
  2%|▏         | 4/247 [00:01<01:42,  2.37it/s]
  2%|▏         | 5/247 [00:02<01:48,  2.23it/s]
  2%|▏         | 6/247 [00:02<01:36,  2.49it/s]
  3%|▎         | 7/247 [00:03<01:47,  2.23it/s]
  3%|▎         | 8/247 [00:03<01:57,  2.04it/s]
  4%|▎         | 9/247 [00:04<01:56,  2.04it/s]
  4%|▍         | 10/247 [00:04<02:00,  1.97it/s]
  4%|▍         | 11/247 [00:05<01:51,  2.11it/s]
  5%|▍         | 12/247 [00:05<01:57,  2.01it/s]
  5%|▌         | 13/247 [00:06<01:58,  1.98it/s]
  6%|▌         | 14/247 [00:06<01:52,  2.08it/s]
  6%|▌         | 15/247 [00:06<01:47,  2.15it/s]
  6%|▋         | 16/247 [00:07<02:04,  1.85it/s]
  7%|▋         | 17/247 [00:08<01:51,  2.06it/s]
  7%|▋         | 18/247 [00:08<01:51,  2.06it/s]
  8%|▊         | 19/247 [00:08<01:50,  2.07it/s]
  8%|▊         | 20/247 [00:09<02:01,  1.86it/s]
  9%|▊         | 21/247 [00:10<01:53,  1.99it/s]
  9%|▉         | 22/247 [00:10<02:12,  1.70it/s]
  9%|▉         | 23/247 [00:11<02:00,  1.85it/s]
 10%|▉         | 24/247 [00:11<02:00,  1.85it/s]
 10%|█         | 25/247 [00:12<01:43,  2.14it/s]
 11%|█         | 26/247 [00:12<01:41,  2.17it/s]
 11%|█         | 27/247 [00:12<01:34,  2.32it/s]
 11%|█▏        | 28/247 [00:13<01:45,  2.08it/s]
 12%|█▏        | 29/247 [00:13<01:36,  2.25it/s]
 12%|█▏        | 30/247 [00:14<01:29,  2.42it/s]
 13%|█▎        | 31/247 [00:14<01:29,  2.40it/s]
 13%|█▎        | 32/247 [00:14<01:23,  2.57it/s]
 13%|█▎        | 33/247 [00:15<01:32,  2.30it/s]
 14%|█▍        | 34/247 [00:15<01:27,  2.45it/s]
 14%|█▍        | 35/247 [00:16<01:23,  2.53it/s]
 15%|█▍        | 36/247 [00:16<01:42,  2.06it/s]
 15%|█▍        | 37/247 [00:17<01:33,  2.24it/s]
 15%|█▌        | 38/247 [00:17<01:37,  2.15it/s]
 16%|█▌        | 39/247 [00:18<01:51,  1.87it/s]
 16%|█▌        | 40/247 [00:18<01:44,  1.98it/s]
 17%|█▋        | 41/247 [00:19<01:38,  2.09it/s]
 17%|█▋        | 42/247 [00:19<01:38,  2.09it/s]
 17%|█▋        | 43/247 [00:20<01:47,  1.90it/s]
 18%|█▊        | 44/247 [00:21<01:49,  1.86it/s]
 18%|█▊        | 45/247 [00:21<01:50,  1.83it/s]
 19%|█▊        | 46/247 [00:22<01:45,  1.91it/s]
 19%|█▉        | 47/247 [00:22<01:31,  2.19it/s]
 19%|█▉        | 48/247 [00:22<01:19,  2.50it/s]
 20%|█▉        | 49/247 [00:23<01:25,  2.31it/s]
 20%|██        | 50/247 [00:24<02:06,  1.55it/s]
 21%|██        | 51/247 [00:24<01:54,  1.72it/s]
 21%|██        | 52/247 [00:25<01:48,  1.80it/s]
 21%|██▏       | 53/247 [00:26<02:04,  1.55it/s]
 22%|██▏       | 54/247 [00:26<02:16,  1.42it/s]
 22%|██▏       | 55/247 [00:27<02:05,  1.54it/s]
 23%|██▎       | 56/247 [00:28<02:12,  1.44it/s]
 23%|██▎       | 57/247 [00:28<01:53,  1.67it/s]
 23%|██▎       | 58/247 [00:29<01:50,  1.71it/s]
 24%|██▍       | 59/247 [00:29<01:45,  1.78it/s]
 24%|██▍       | 60/247 [00:30<01:36,  1.94it/s]
 25%|██▍       | 61/247 [00:30<01:27,  2.12it/s]
 25%|██▌       | 62/247 [00:30<01:23,  2.21it/s]
 26%|██▌       | 63/247 [00:31<01:19,  2.32it/s]
 26%|██▌       | 64/247 [00:31<01:20,  2.29it/s]
 26%|██▋       | 65/247 [00:31<01:12,  2.50it/s]
 27%|██▋       | 66/247 [00:32<01:09,  2.62it/s]
 27%|██▋       | 67/247 [00:32<01:23,  2.16it/s]
 28%|██▊       | 68/247 [00:33<01:38,  1.81it/s]
 28%|██▊       | 69/247 [00:34<01:41,  1.76it/s]
 28%|██▊       | 70/247 [00:34<01:36,  1.84it/s]
 29%|██▊       | 71/247 [00:35<01:25,  2.05it/s]
 29%|██▉       | 72/247 [00:35<01:21,  2.14it/s]
 30%|██▉       | 73/247 [00:36<01:38,  1.76it/s]
 30%|██▉       | 74/247 [00:36<01:30,  1.90it/s]
 30%|███       | 75/247 [00:37<01:36,  1.78it/s]
 31%|███       | 76/247 [00:38<01:36,  1.77it/s]
 31%|███       | 77/247 [00:38<01:26,  1.98it/s]
 32%|███▏      | 78/247 [00:38<01:18,  2.16it/s]
 32%|███▏      | 79/247 [00:39<01:19,  2.10it/s]
 32%|███▏      | 80/247 [00:39<01:23,  2.00it/s]
 33%|███▎      | 81/247 [00:40<01:16,  2.17it/s]
 33%|███▎      | 82/247 [00:40<01:14,  2.23it/s]
 34%|███▎      | 83/247 [00:40<01:03,  2.57it/s]
 34%|███▍      | 84/247 [00:41<01:08,  2.40it/s]
 34%|███▍      | 85/247 [00:42<01:22,  1.96it/s]
 35%|███▍      | 86/247 [00:42<01:15,  2.13it/s]
 35%|███▌      | 87/247 [00:43<01:35,  1.67it/s]
 36%|███▌      | 88/247 [00:43<01:28,  1.80it/s]
 36%|███▌      | 89/247 [00:44<01:28,  1.78it/s]
 36%|███▋      | 90/247 [00:44<01:22,  1.91it/s]
 37%|███▋      | 91/247 [00:45<01:23,  1.86it/s]
 37%|███▋      | 92/247 [00:45<01:15,  2.05it/s]
 38%|███▊      | 93/247 [00:46<01:10,  2.19it/s]
 38%|███▊      | 94/247 [00:47<01:28,  1.73it/s]
 38%|███▊      | 95/247 [00:47<01:23,  1.82it/s]
 39%|███▉      | 96/247 [00:48<01:31,  1.65it/s]
 39%|███▉      | 97/247 [00:48<01:29,  1.68it/s]
 40%|███▉      | 98/247 [00:49<01:49,  1.36it/s]
 40%|████      | 99/247 [00:50<01:35,  1.56it/s]
 40%|████      | 100/247 [00:51<01:43,  1.42it/s]
 41%|████      | 101/247 [00:51<01:23,  1.74it/s]
 41%|████▏     | 102/247 [00:51<01:17,  1.87it/s]
 42%|████▏     | 103/247 [00:52<01:29,  1.62it/s]
 42%|████▏     | 104/247 [00:53<01:17,  1.84it/s]
 43%|████▎     | 105/247 [00:53<01:19,  1.78it/s]
 43%|████▎     | 106/247 [00:54<01:19,  1.77it/s]
 43%|████▎     | 107/247 [00:54<01:12,  1.92it/s]
 44%|████▎     | 108/247 [00:55<01:20,  1.74it/s]
 44%|████▍     | 109/247 [00:55<01:16,  1.80it/s]
 45%|████▍     | 110/247 [00:56<01:25,  1.60it/s]
 45%|████▍     | 111/247 [00:57<01:18,  1.73it/s]
 45%|████▌     | 112/247 [00:57<01:18,  1.73it/s]
 46%|████▌     | 113/247 [00:58<01:17,  1.73it/s]
 46%|████▌     | 114/247 [00:58<01:08,  1.93it/s]
 47%|████▋     | 115/247 [00:59<01:06,  1.99it/s]
 47%|████▋     | 116/247 [00:59<01:10,  1.86it/s]
 47%|████▋     | 117/247 [01:00<01:03,  2.05it/s]
 48%|████▊     | 118/247 [01:00<01:00,  2.13it/s]
 48%|████▊     | 119/247 [01:00<00:54,  2.36it/s]
 49%|████▊     | 120/247 [01:01<00:56,  2.26it/s]
 49%|████▉     | 121/247 [01:01<00:56,  2.22it/s]
 49%|████▉     | 122/247 [01:02<00:52,  2.38it/s]
 50%|████▉     | 123/247 [01:02<00:45,  2.71it/s]
 50%|█████     | 124/247 [01:02<00:52,  2.36it/s]
 51%|█████     | 125/247 [01:03<00:47,  2.54it/s]
 51%|█████     | 126/247 [01:03<00:43,  2.76it/s]
 51%|█████▏    | 127/247 [01:03<00:43,  2.78it/s]
 52%|█████▏    | 128/247 [01:04<00:42,  2.83it/s]
 52%|█████▏    | 129/247 [01:04<00:41,  2.86it/s]
 53%|█████▎    | 130/247 [01:05<00:46,  2.54it/s]
 53%|█████▎    | 131/247 [01:05<00:44,  2.60it/s]
 53%|█████▎    | 132/247 [01:06<00:54,  2.10it/s]
 54%|█████▍    | 133/247 [01:06<00:50,  2.27it/s]
 54%|█████▍    | 134/247 [01:07<01:06,  1.70it/s]
 55%|█████▍    | 135/247 [01:07<01:03,  1.75it/s]
 55%|█████▌    | 136/247 [01:08<01:04,  1.73it/s]
 55%|█████▌    | 137/247 [01:09<01:00,  1.82it/s]
 56%|█████▌    | 138/247 [01:09<00:53,  2.04it/s]
 56%|█████▋    | 139/247 [01:09<00:49,  2.20it/s]
 57%|█████▋    | 140/247 [01:10<00:52,  2.06it/s]
 57%|█████▋    | 141/247 [01:10<00:45,  2.31it/s]
 57%|█████▋    | 142/247 [01:11<00:56,  1.85it/s]
 58%|█████▊    | 143/247 [01:11<00:56,  1.83it/s]
 58%|█████▊    | 144/247 [01:12<00:52,  1.95it/s]
 59%|█████▊    | 145/247 [01:12<00:52,  1.96it/s]
 59%|█████▉    | 146/247 [01:13<00:57,  1.77it/s]
 60%|█████▉    | 147/247 [01:14<00:53,  1.86it/s]
 60%|█████▉    | 148/247 [01:14<00:46,  2.15it/s]
 60%|██████    | 149/247 [01:14<00:42,  2.33it/s]
 61%|██████    | 150/247 [01:15<00:45,  2.14it/s]
 61%|██████    | 151/247 [01:15<00:48,  2.00it/s]
 62%|██████▏   | 152/247 [01:16<00:45,  2.07it/s]
 62%|██████▏   | 153/247 [01:16<00:44,  2.14it/s]
 62%|██████▏   | 154/247 [01:17<00:38,  2.39it/s]
 63%|██████▎   | 155/247 [01:17<00:35,  2.60it/s]
 63%|██████▎   | 156/247 [01:17<00:40,  2.25it/s]
 64%|██████▎   | 157/247 [01:19<01:01,  1.48it/s]
 64%|██████▍   | 158/247 [01:19<00:48,  1.82it/s]
 64%|██████▍   | 159/247 [01:20<00:54,  1.62it/s]
 65%|██████▍   | 160/247 [01:20<00:46,  1.85it/s]
 65%|██████▌   | 161/247 [01:21<00:45,  1.87it/s]
 66%|██████▌   | 162/247 [01:21<00:43,  1.94it/s]
 66%|██████▌   | 163/247 [01:21<00:39,  2.13it/s]
 66%|██████▋   | 164/247 [01:22<00:36,  2.27it/s]
 67%|██████▋   | 165/247 [01:22<00:34,  2.36it/s]
 67%|██████▋   | 166/247 [01:23<00:32,  2.48it/s]
 68%|██████▊   | 167/247 [01:23<00:37,  2.14it/s]
 68%|██████▊   | 168/247 [01:23<00:33,  2.38it/s]
 68%|██████▊   | 169/247 [01:24<00:39,  1.98it/s]
 69%|██████▉   | 170/247 [01:25<00:47,  1.63it/s]
 69%|██████▉   | 171/247 [01:26<00:43,  1.73it/s]
 70%|██████▉   | 172/247 [01:26<00:37,  1.99it/s]
 70%|███████   | 173/247 [01:26<00:40,  1.85it/s]
 70%|███████   | 174/247 [01:27<00:36,  1.99it/s]
 71%|███████   | 175/247 [01:28<00:42,  1.71it/s]
 71%|███████▏  | 176/247 [01:28<00:38,  1.84it/s]
 72%|███████▏  | 177/247 [01:28<00:33,  2.12it/s]
 72%|███████▏  | 178/247 [01:29<00:30,  2.25it/s]
 72%|███████▏  | 179/247 [01:29<00:30,  2.21it/s]
 73%|███████▎  | 180/247 [01:30<00:28,  2.34it/s]
 73%|███████▎  | 181/247 [01:30<00:28,  2.32it/s]
 74%|███████▎  | 182/247 [01:30<00:27,  2.35it/s]
 74%|███████▍  | 183/247 [01:31<00:24,  2.57it/s]
 74%|███████▍  | 184/247 [01:31<00:25,  2.50it/s]
 75%|███████▍  | 185/247 [01:32<00:27,  2.22it/s]
 75%|███████▌  | 186/247 [01:32<00:29,  2.05it/s]
 76%|███████▌  | 187/247 [01:33<00:32,  1.83it/s]
 76%|███████▌  | 188/247 [01:33<00:29,  2.03it/s]
 77%|███████▋  | 189/247 [01:34<00:25,  2.27it/s]
 77%|███████▋  | 190/247 [01:34<00:24,  2.33it/s]
 77%|███████▋  | 191/247 [01:34<00:21,  2.58it/s]
 78%|███████▊  | 192/247 [01:35<00:22,  2.46it/s]
 78%|███████▊  | 193/247 [01:36<00:26,  2.02it/s]
 79%|███████▊  | 194/247 [01:36<00:27,  1.93it/s]
 79%|███████▉  | 195/247 [01:37<00:24,  2.08it/s]
 79%|███████▉  | 196/247 [01:37<00:26,  1.93it/s]
 80%|███████▉  | 197/247 [01:38<00:30,  1.65it/s]
 80%|████████  | 198/247 [01:39<00:37,  1.31it/s]
 81%|████████  | 199/247 [01:40<00:35,  1.34it/s]
 81%|████████  | 200/247 [01:40<00:33,  1.40it/s]
 81%|████████▏ | 201/247 [01:41<00:29,  1.57it/s]
 82%|████████▏ | 202/247 [01:42<00:28,  1.55it/s]
 82%|████████▏ | 203/247 [01:42<00:25,  1.74it/s]
 83%|████████▎ | 204/247 [01:43<00:25,  1.66it/s]
 83%|████████▎ | 205/247 [01:43<00:22,  1.85it/s]
 83%|████████▎ | 206/247 [01:44<00:21,  1.91it/s]
 84%|████████▍ | 207/247 [01:44<00:19,  2.04it/s]
 84%|████████▍ | 208/247 [01:44<00:18,  2.15it/s]
 85%|████████▍ | 209/247 [01:45<00:17,  2.18it/s]
 85%|████████▌ | 210/247 [01:45<00:17,  2.15it/s]
 85%|████████▌ | 211/247 [01:46<00:16,  2.14it/s]
 86%|████████▌ | 212/247 [01:46<00:14,  2.40it/s]
 86%|████████▌ | 213/247 [01:46<00:13,  2.49it/s]
 87%|████████▋ | 214/247 [01:47<00:16,  2.04it/s]
 87%|████████▋ | 215/247 [01:47<00:14,  2.26it/s]
 87%|████████▋ | 216/247 [01:48<00:15,  2.06it/s]
 88%|████████▊ | 217/247 [01:49<00:16,  1.85it/s]
 88%|████████▊ | 218/247 [01:49<00:16,  1.77it/s]
 89%|████████▊ | 219/247 [01:50<00:16,  1.75it/s]
 89%|████████▉ | 220/247 [01:50<00:14,  1.81it/s]
 89%|████████▉ | 221/247 [01:51<00:14,  1.79it/s]
 90%|████████▉ | 222/247 [01:51<00:13,  1.87it/s]
 90%|█████████ | 223/247 [01:52<00:12,  1.98it/s]
 91%|█████████ | 224/247 [01:52<00:11,  2.06it/s]
 91%|█████████ | 225/247 [01:53<00:10,  2.14it/s]
 91%|█████████▏| 226/247 [01:53<00:10,  2.10it/s]
 92%|█████████▏| 227/247 [01:53<00:08,  2.46it/s]
 92%|█████████▏| 228/247 [01:54<00:06,  2.79it/s]
 93%|█████████▎| 229/247 [01:55<00:09,  1.88it/s]
 93%|█████████▎| 230/247 [01:55<00:09,  1.84it/s]
 94%|█████████▎| 231/247 [01:56<00:09,  1.77it/s]
 94%|█████████▍| 232/247 [01:56<00:08,  1.79it/s]
 94%|█████████▍| 233/247 [01:57<00:07,  1.93it/s]
 95%|█████████▍| 234/247 [01:57<00:07,  1.81it/s]
 95%|█████████▌| 235/247 [01:58<00:07,  1.51it/s]
 96%|█████████▌| 236/247 [01:59<00:06,  1.68it/s]
 96%|█████████▌| 237/247 [01:59<00:05,  1.95it/s]
 96%|█████████▋| 238/247 [02:00<00:04,  2.06it/s]
 97%|█████████▋| 239/247 [02:00<00:03,  2.15it/s]
 97%|█████████▋| 240/247 [02:01<00:03,  2.02it/s]
 98%|█████████▊| 241/247 [02:01<00:02,  2.09it/s]
 98%|█████████▊| 242/247 [02:01<00:02,  2.37it/s]
 98%|█████████▊| 243/247 [02:02<00:01,  2.47it/s]
 99%|█████████▉| 244/247 [02:02<00:01,  2.59it/s]
 99%|█████████▉| 245/247 [02:02<00:00,  2.38it/s]
100%|█████████▉| 246/247 [02:04<00:00,  1.57it/s]
100%|██████████| 247/247 [02:04<00:00,  1.88it/s]
100%|██████████| 247/247 [02:04<00:00,  1.98it/s]

== w2v-BERT pilot result ==
eval WER: 0.953 | eval CER: 0.933
(zero-shot Whisper Large v3 baseline on NCHLT test: WER 1.108, CER 0.763)
(Wav2Vec2 XLS-R-300M pilot v2 on NCHLT test: WER 0.332, CER 0.074)
(Whisper pilot v2 on NCHLT test: WER 0.182, CER 0.048)
(MMS pilot v1: total blank collapse, WER 0.971/CER 0.961)

Writing model shards:   0%|          | 0/1 [00:00<?, ?it/s]
Writing model shards: 100%|██████████| 1/1 [00:03<00:00,  3.90s/it]
Writing model shards: 100%|██████████| 1/1 [00:03<00:00,  3.90s/it]
model saved -> /Users/mulisamusehane/Documents/GitHub/MultilingualASR/results/w2vbert-ven-pilot/final
