audio_path,stem,transcript
/Users/khensanichabalala/DSFSI/MultilingualASR/MultilingualASR/experiments/sepedi-asr-eda/dataset/nchlt_nso/audio/502/nchlt_nso_502m_0499.wav,nchlt_nso_502m_0499,
/Users/khensanichabalala/DSFSI/MultilingualASR/MultilingualASR/experiments/sepedi-asr-eda/dataset/nchlt_nso/audio/502/nchlt_nso_502m_0300.wav,nchlt_nso_502m_0300,
/Users/khensanichabalala/DSFSI/MultilingualASR/MultilingualASR/experiments/sepedi-asr-eda/dataset/nchlt_nso/audio/502/nchlt_nso_502m_0314.wav,nchlt_nso_502m_0314,
/Users/khensanichabalala/DSFSI/MultilingualASR/MultilingualASR/experiments/sepedi-asr-eda/dataset/nchlt_nso/audio/502/nchlt_nso_502m_0328.wav,nchlt_nso_502m_0328,
/Users/khensanichabalala/DSFSI/MultilingualASR/MultilingualASR/experiments/sepedi-asr-eda/dataset/nchlt_nso/audio/502/nchlt_nso_502m_0102.wav,nchlt_nso_502m_0102,
/Users/khensanichabalala/DSFSI/MultilingualASR/MultilingualASR/experiments/sepedi-asr-eda/dataset/nchlt_nso/audio/502/nchlt_nso_502m_0089.wav,nchlt_nso_502m_0089,
/Users/khensanichabalala/DSFSI/MultilingualASR/MultilingualASR/experiments/sepedi-asr-eda/dataset/nchlt_nso/audio/502/nchlt_nso_502m_0076.wav,nchlt_nso_502m_0076,
/Users/khensanichabalala/DSFSI/MultilingualASR/MultilingualASR/experiments/sepedi-asr-eda/dataset/nchlt_nso/audio/502/nchlt_nso_502m_0062.wav,nchlt_nso_502m_0062,
/Users/khensanichabalala/DSFSI/MultilingualASR/MultilingualASR/experiments/sepedi-asr-eda/dataset/nchlt_nso/audio/502/nchlt_nso_502m_0512.wav,nchlt_nso_502m_0512,
/Users/khensanichabalala/DSFSI/MultilingualASR/MultilingualASR/experiments/sepedi-asr-eda/dataset/nchlt_nso/audio/502/nchlt_nso_502m_0274.wav,nchlt_nso_502m_0274,
/Users/khensanichabalala/DSFSI/MultilingualASR/MultilingualASR/experiments/sepedi-asr-eda/dataset/nchlt_nso/audio/502/nchlt_nso_502m_0260.wav,nchlt_nso_502m_0260,
/Users/khensanichabalala/DSFSI/MultilingualASR/MultilingualASR/experiments/sepedi-asr-eda/dataset/nchlt_nso/audio/502/nchlt_nso_502m_0506.wav,nchlt_nso_502m_0506,
/Users/khensanichabalala/DSFSI/MultilingualASR/MultilingualASR/experiments/sepedi-asr-eda/dataset/nchlt_nso/audio/502/nchlt_nso_502m_0248.wav,nchlt_nso_502m_0248,
/Users/khensanichabalala/DSFSI/MultilingualASR/MultilingualASR/experiments/sepedi-asr-eda/dataset/nchlt_nso/audio/502/nchlt_nso_502m_0507.wav,nchlt_nso_502m_0507,
/Users/khensanichabalala/DSFSI/MultilingualASR/MultilingualASR/experiments/sepedi-asr-eda/dataset/nchlt_nso/audio/502/nchlt_nso_502m_0513.wav,nchlt_nso_502m_0513,
/Users/khensanichabalala/DSFSI/MultilingualASR/MultilingualASR/experiments/sepedi-asr-eda/dataset/nchlt_nso/audio/502/nchlt_nso_502m_0275.wav,nchlt_nso_502m_0275,
/Users/khensanichabalala/DSFSI/MultilingualASR/MultilingualASR/experiments/sepedi-asr-eda/dataset/nchlt_nso/audio/502/nchlt_nso_502m_0063.wav,nchlt_nso_502m_0063,
/Users/khensanichabalala/DSFSI/MultilingualASR/MultilingualASR/experiments/sepedi-asr-eda/dataset/nchlt_nso/audio/502/nchlt_nso_502m_0117.wav,nchlt_nso_502m_0117,
/Users/khensanichabalala/DSFSI/MultilingualASR/MultilingualASR/experiments/sepedi-asr-eda/dataset/nchlt_nso/audio/502/nchlt_nso_502m_0103.wav,nchlt_nso_502m_0103,
/Users/khensanichabalala/DSFSI/MultilingualASR/MultilingualASR/experiments/sepedi-asr-eda/dataset/nchlt_nso/audio/502/nchlt_nso_502m_0329.wav,nchlt_nso_502m_0329,
/Users/khensanichabalala/DSFSI/MultilingualASR/MultilingualASR/experiments/sepedi-asr-eda/dataset/nchlt_nso/audio/502/nchlt_nso_502m_0315.wav,nchlt_nso_502m_0315,
/Users/khensanichabalala/DSFSI/MultilingualASR/MultilingualASR/experiments/sepedi-asr-eda/dataset/nchlt_nso/audio/502/nchlt_nso_502m_0498.wav,nchlt_nso_502m_0498,
/Users/khensanichabalala/DSFSI/MultilingualASR/MultilingualASR/experiments/sepedi-asr-eda/dataset/nchlt_nso/audio/502/nchlt_nso_502m_0471.wav,nchlt_nso_502m_0471,
/Users/khensanichabalala/DSFSI/MultilingualASR/MultilingualASR/experiments/sepedi-asr-eda/dataset/nchlt_nso/audio/502/nchlt_nso_502m_0317.wav,nchlt_nso_502m_0317,
/Users/khensanichabalala/DSFSI/MultilingualASR/MultilingualASR/experiments/sepedi-asr-eda/dataset/nchlt_nso/audio/502/nchlt_nso_502m_0303.wav,nchlt_nso_502m_0303,
/Users/khensanichabalala/DSFSI/MultilingualASR/MultilingualASR/experiments/sepedi-asr-eda/dataset/nchlt_nso/audio/502/nchlt_nso_502m_0459.wav,nchlt_nso_502m_0459,
/Users/khensanichabalala/DSFSI/MultilingualASR/MultilingualASR/experiments/sepedi-asr-eda/dataset/nchlt_nso/audio/502/nchlt_nso_502m_0115.wav,nchlt_nso_502m_0115,
/Users/khensanichabalala/DSFSI/MultilingualASR/MultilingualASR/experiments/sepedi-asr-eda/dataset/nchlt_nso/audio/502/nchlt_nso_502m_0101.wav,nchlt_nso_502m_0101,
/Users/khensanichabalala/DSFSI/MultilingualASR/MultilingualASR/experiments/sepedi-asr-eda/dataset/nchlt_nso/audio/502/nchlt_nso_502m_0129.wav,nchlt_nso_502m_0129,
/Users/khensanichabalala/DSFSI/MultilingualASR/MultilingualASR/experiments/sepedi-asr-eda/dataset/nchlt_nso/audio/502/nchlt_nso_502m_0061.wav,nchlt_nso_502m_0061,
/Users/khensanichabalala/DSFSI/MultilingualASR/MultilingualASR/experiments/sepedi-asr-eda/dataset/nchlt_nso/audio/502/nchlt_nso_502m_0049.wav,nchlt_nso_502m_0049,
/Users/khensanichabalala/DSFSI/MultilingualASR/MultilingualASR/experiments/sepedi-asr-eda/dataset/nchlt_nso/audio/502/nchlt_nso_502m_0505.wav,nchlt_nso_502m_0505,
/Users/khensanichabalala/DSFSI/MultilingualASR/MultilingualASR/experiments/sepedi-asr-eda/dataset/nchlt_nso/audio/502/nchlt_nso_502m_0263.wav,nchlt_nso_502m_0263,
/Users/khensanichabalala/DSFSI/MultilingualASR/MultilingualASR/experiments/sepedi-asr-eda/dataset/nchlt_nso/audio/502/nchlt_nso_502m_0277.wav,nchlt_nso_502m_0277,
/Users/khensanichabalala/DSFSI/MultilingualASR/MultilingualASR/experiments/sepedi-asr-eda/dataset/nchlt_nso/audio/502/nchlt_nso_502m_0511.wav,nchlt_nso_502m_0511,
/Users/khensanichabalala/DSFSI/MultilingualASR/MultilingualASR/experiments/sepedi-asr-eda/dataset/nchlt_nso/audio/502/nchlt_nso_502m_0276.wav,nchlt_nso_502m_0276,
/Users/khensanichabalala/DSFSI/MultilingualASR/MultilingualASR/experiments/sepedi-asr-eda/dataset/nchlt_nso/audio/502/nchlt_nso_502m_0510.wav,nchlt_nso_502m_0510,
/Users/khensanichabalala/DSFSI/MultilingualASR/MultilingualASR/experiments/sepedi-asr-eda/dataset/nchlt_nso/audio/502/nchlt_nso_502m_0504.wav,nchlt_nso_502m_0504,
/Users/khensanichabalala/DSFSI/MultilingualASR/MultilingualASR/experiments/sepedi-asr-eda/dataset/nchlt_nso/audio/502/nchlt_nso_502m_0289.wav,nchlt_nso_502m_0289,
/Users/khensanichabalala/DSFSI/MultilingualASR/MultilingualASR/experiments/sepedi-asr-eda/dataset/nchlt_nso/audio/502/nchlt_nso_502m_0074.wav,nchlt_nso_502m_0074,
/Users/khensanichabalala/DSFSI/MultilingualASR/MultilingualASR/experiments/sepedi-asr-eda/dataset/nchlt_nso/audio/502/nchlt_nso_502m_0060.wav,nchlt_nso_502m_0060,
/Users/khensanichabalala/DSFSI/MultilingualASR/MultilingualASR/experiments/sepedi-asr-eda/dataset/nchlt_nso/audio/502/nchlt_nso_502m_0100.wav,nchlt_nso_502m_0100,
/Users/khensanichabalala/DSFSI/MultilingualASR/MultilingualASR/experiments/sepedi-asr-eda/dataset/nchlt_nso/audio/502/nchlt_nso_502m_0114.wav,nchlt_nso_502m_0114,
/Users/khensanichabalala/DSFSI/MultilingualASR/MultilingualASR/experiments/sepedi-asr-eda/dataset/nchlt_nso/audio/502/nchlt_nso_502m_0458.wav,nchlt_nso_502m_0458,
/Users/khensanichabalala/DSFSI/MultilingualASR/MultilingualASR/experiments/sepedi-asr-eda/dataset/nchlt_nso/audio/502/nchlt_nso_502m_0316.wav,nchlt_nso_502m_0316,
/Users/khensanichabalala/DSFSI/MultilingualASR/MultilingualASR/experiments/sepedi-asr-eda/dataset/nchlt_nso/audio/502/nchlt_nso_502m_0448.wav,nchlt_nso_502m_0448,
/Users/khensanichabalala/DSFSI/MultilingualASR/MultilingualASR/experiments/sepedi-asr-eda/dataset/nchlt_nso/audio/502/nchlt_nso_502m_0312.wav,nchlt_nso_502m_0312,
/Users/khensanichabalala/DSFSI/MultilingualASR/MultilingualASR/experiments/sepedi-asr-eda/dataset/nchlt_nso/audio/502/nchlt_nso_502m_0460.wav,nchlt_nso_502m_0460,
/Users/khensanichabalala/DSFSI/MultilingualASR/MultilingualASR/experiments/sepedi-asr-eda/dataset/nchlt_nso/audio/502/nchlt_nso_502m_0306.wav,nchlt_nso_502m_0306,
/Users/khensanichabalala/DSFSI/MultilingualASR/MultilingualASR/experiments/sepedi-asr-eda/dataset/nchlt_nso/audio/502/nchlt_nso_502m_0138.wav,nchlt_nso_502m_0138,
/Users/khensanichabalala/DSFSI/MultilingualASR/MultilingualASR/experiments/sepedi-asr-eda/dataset/nchlt_nso/audio/502/nchlt_nso_502m_0110.wav,nchlt_nso_502m_0110,
/Users/khensanichabalala/DSFSI/MultilingualASR/MultilingualASR/experiments/sepedi-asr-eda/dataset/nchlt_nso/audio/502/nchlt_nso_502m_0104.wav,nchlt_nso_502m_0104,
/Users/khensanichabalala/DSFSI/MultilingualASR/MultilingualASR/experiments/sepedi-asr-eda/dataset/nchlt_nso/audio/502/nchlt_nso_502m_0058.wav,nchlt_nso_502m_0058,
/Users/khensanichabalala/DSFSI/MultilingualASR/MultilingualASR/experiments/sepedi-asr-eda/dataset/nchlt_nso/audio/502/nchlt_nso_502m_0070.wav,nchlt_nso_502m_0070,
/Users/khensanichabalala/DSFSI/MultilingualASR/MultilingualASR/experiments/sepedi-asr-eda/dataset/nchlt_nso/audio/502/nchlt_nso_502m_0299.wav,nchlt_nso_502m_0299,
/Users/khensanichabalala/DSFSI/MultilingualASR/MultilingualASR/experiments/sepedi-asr-eda/dataset/nchlt_nso/audio/502/nchlt_nso_502m_0266.wav,nchlt_nso_502m_0266,
/Users/khensanichabalala/DSFSI/MultilingualASR/MultilingualASR/experiments/sepedi-asr-eda/dataset/nchlt_nso/audio/502/nchlt_nso_502m_0500.wav,nchlt_nso_502m_0500,
/Users/khensanichabalala/DSFSI/MultilingualASR/MultilingualASR/experiments/sepedi-asr-eda/dataset/nchlt_nso/audio/502/nchlt_nso_502m_0514.wav,nchlt_nso_502m_0514,
/Users/khensanichabalala/DSFSI/MultilingualASR/MultilingualASR/experiments/sepedi-asr-eda/dataset/nchlt_nso/audio/502/nchlt_nso_502m_0272.wav,nchlt_nso_502m_0272,
/Users/khensanichabalala/DSFSI/MultilingualASR/MultilingualASR/experiments/sepedi-asr-eda/dataset/nchlt_nso/audio/502/nchlt_nso_502m_0515.wav,nchlt_nso_502m_0515,
/Users/khensanichabalala/DSFSI/MultilingualASR/MultilingualASR/experiments/sepedi-asr-eda/dataset/nchlt_nso/audio/502/nchlt_nso_502m_0501.wav,nchlt_nso_502m_0501,
/Users/khensanichabalala/DSFSI/MultilingualASR/MultilingualASR/experiments/sepedi-asr-eda/dataset/nchlt_nso/audio/502/nchlt_nso_502m_0298.wav,nchlt_nso_502m_0298,
/Users/khensanichabalala/DSFSI/MultilingualASR/MultilingualASR/experiments/sepedi-asr-eda/dataset/nchlt_nso/audio/502/nchlt_nso_502m_0065.wav,nchlt_nso_502m_0065,
/Users/khensanichabalala/DSFSI/MultilingualASR/MultilingualASR/experiments/sepedi-asr-eda/dataset/nchlt_nso/audio/502/nchlt_nso_502m_0059.wav,nchlt_nso_502m_0059,
/Users/khensanichabalala/DSFSI/MultilingualASR/MultilingualASR/experiments/sepedi-asr-eda/dataset/nchlt_nso/audio/502/nchlt_nso_502m_0105.wav,nchlt_nso_502m_0105,
/Users/khensanichabalala/DSFSI/MultilingualASR/MultilingualASR/experiments/sepedi-asr-eda/dataset/nchlt_nso/audio/502/nchlt_nso_502m_0111.wav,nchlt_nso_502m_0111,
/Users/khensanichabalala/DSFSI/MultilingualASR/MultilingualASR/experiments/sepedi-asr-eda/dataset/nchlt_nso/audio/502/nchlt_nso_502m_0139.wav,nchlt_nso_502m_0139,
/Users/khensanichabalala/DSFSI/MultilingualASR/MultilingualASR/experiments/sepedi-asr-eda/dataset/nchlt_nso/audio/502/nchlt_nso_502m_0461.wav,nchlt_nso_502m_0461,
/Users/khensanichabalala/DSFSI/MultilingualASR/MultilingualASR/experiments/sepedi-asr-eda/dataset/nchlt_nso/audio/502/nchlt_nso_502m_0313.wav,nchlt_nso_502m_0313,
/Users/khensanichabalala/DSFSI/MultilingualASR/MultilingualASR/experiments/sepedi-asr-eda/dataset/nchlt_nso/audio/502/nchlt_nso_502m_0488.wav,nchlt_nso_502m_0488,
/Users/khensanichabalala/DSFSI/MultilingualASR/MultilingualASR/experiments/sepedi-asr-eda/dataset/nchlt_nso/audio/502/nchlt_nso_502m_0339.wav,nchlt_nso_502m_0339,
/Users/khensanichabalala/DSFSI/MultilingualASR/MultilingualASR/experiments/sepedi-asr-eda/dataset/nchlt_nso/audio/502/nchlt_nso_502m_0463.wav,nchlt_nso_502m_0463,
/Users/khensanichabalala/DSFSI/MultilingualASR/MultilingualASR/experiments/sepedi-asr-eda/dataset/nchlt_nso/audio/502/nchlt_nso_502m_0477.wav,nchlt_nso_502m_0477,
/Users/khensanichabalala/DSFSI/MultilingualASR/MultilingualASR/experiments/sepedi-asr-eda/dataset/nchlt_nso/audio/502/nchlt_nso_502m_0107.wav,nchlt_nso_502m_0107,
/Users/khensanichabalala/DSFSI/MultilingualASR/MultilingualASR/experiments/sepedi-asr-eda/dataset/nchlt_nso/audio/502/nchlt_nso_502m_0113.wav,nchlt_nso_502m_0113,
/Users/khensanichabalala/DSFSI/MultilingualASR/MultilingualASR/experiments/sepedi-asr-eda/dataset/nchlt_nso/audio/502/nchlt_nso_502m_0098.wav,nchlt_nso_502m_0098,
/Users/khensanichabalala/DSFSI/MultilingualASR/MultilingualASR/experiments/sepedi-asr-eda/dataset/nchlt_nso/audio/502/nchlt_nso_502m_0067.wav,nchlt_nso_502m_0067,
/Users/khensanichabalala/DSFSI/MultilingualASR/MultilingualASR/experiments/sepedi-asr-eda/dataset/nchlt_nso/audio/502/nchlt_nso_502m_0259.wav,nchlt_nso_502m_0259,
/Users/khensanichabalala/DSFSI/MultilingualASR/MultilingualASR/experiments/sepedi-asr-eda/dataset/nchlt_nso/audio/502/nchlt_nso_502m_0271.wav,nchlt_nso_502m_0271,
/Users/khensanichabalala/DSFSI/MultilingualASR/MultilingualASR/experiments/sepedi-asr-eda/dataset/nchlt_nso/audio/502/nchlt_nso_502m_0502.wav,nchlt_nso_502m_0502,
/Users/khensanichabalala/DSFSI/MultilingualASR/MultilingualASR/experiments/sepedi-asr-eda/dataset/nchlt_nso/audio/502/nchlt_nso_502m_0516.wav,nchlt_nso_502m_0516,
/Users/khensanichabalala/DSFSI/MultilingualASR/MultilingualASR/experiments/sepedi-asr-eda/dataset/nchlt_nso/audio/502/nchlt_nso_502m_0066.wav,nchlt_nso_502m_0066,
/Users/khensanichabalala/DSFSI/MultilingualASR/MultilingualASR/experiments/sepedi-asr-eda/dataset/nchlt_nso/audio/502/nchlt_nso_502m_0072.wav,nchlt_nso_502m_0072,
/Users/khensanichabalala/DSFSI/MultilingualASR/MultilingualASR/experiments/sepedi-asr-eda/dataset/nchlt_nso/audio/502/nchlt_nso_502m_0112.wav,nchlt_nso_502m_0112,
/Users/khensanichabalala/DSFSI/MultilingualASR/MultilingualASR/experiments/sepedi-asr-eda/dataset/nchlt_nso/audio/502/nchlt_nso_502m_0462.wav,nchlt_nso_502m_0462,
/Users/khensanichabalala/DSFSI/MultilingualASR/MultilingualASR/experiments/sepedi-asr-eda/dataset/nchlt_nso/audio/502/nchlt_nso_502m_0388.wav,nchlt_nso_502m_0388,
/Users/khensanichabalala/DSFSI/MultilingualASR/MultilingualASR/experiments/sepedi-asr-eda/dataset/nchlt_nso/audio/502/nchlt_nso_502m_0363.wav,nchlt_nso_502m_0363,
/Users/khensanichabalala/DSFSI/MultilingualASR/MultilingualASR/experiments/sepedi-asr-eda/dataset/nchlt_nso/audio/502/nchlt_nso_502m_0405.wav,nchlt_nso_502m_0405,
/Users/khensanichabalala/DSFSI/MultilingualASR/MultilingualASR/experiments/sepedi-asr-eda/dataset/nchlt_nso/audio/502/nchlt_nso_502m_0411.wav,nchlt_nso_502m_0411,
/Users/khensanichabalala/DSFSI/MultilingualASR/MultilingualASR/experiments/sepedi-asr-eda/dataset/nchlt_nso/audio/502/nchlt_nso_502m_0377.wav,nchlt_nso_502m_0377,
/Users/khensanichabalala/DSFSI/MultilingualASR/MultilingualASR/experiments/sepedi-asr-eda/dataset/nchlt_nso/audio/502/nchlt_nso_502m_0439.wav,nchlt_nso_502m_0439,
/Users/khensanichabalala/DSFSI/MultilingualASR/MultilingualASR/experiments/sepedi-asr-eda/dataset/nchlt_nso/audio/502/nchlt_nso_502m_0161.wav,nchlt_nso_502m_0161,
/Users/khensanichabalala/DSFSI/MultilingualASR/MultilingualASR/experiments/sepedi-asr-eda/dataset/nchlt_nso/audio/502/nchlt_nso_502m_0175.wav,nchlt_nso_502m_0175,
/Users/khensanichabalala/DSFSI/MultilingualASR/MultilingualASR/experiments/sepedi-asr-eda/dataset/nchlt_nso/audio/502/nchlt_nso_502m_0149.wav,nchlt_nso_502m_0149,
/Users/khensanichabalala/DSFSI/MultilingualASR/MultilingualASR/experiments/sepedi-asr-eda/dataset/nchlt_nso/audio/502/nchlt_nso_502m_0015.wav,nchlt_nso_502m_0015,
/Users/khensanichabalala/DSFSI/MultilingualASR/MultilingualASR/experiments/sepedi-asr-eda/dataset/nchlt_nso/audio/502/nchlt_nso_502m_0001.wav,nchlt_nso_502m_0001,
/Users/khensanichabalala/DSFSI/MultilingualASR/MultilingualASR/experiments/sepedi-asr-eda/dataset/nchlt_nso/audio/502/nchlt_nso_502m_0029.wav,nchlt_nso_502m_0029,
/Users/khensanichabalala/DSFSI/MultilingualASR/MultilingualASR/experiments/sepedi-asr-eda/dataset/nchlt_nso/audio/502/nchlt_nso_502m_0217.wav,nchlt_nso_502m_0217,
/Users/khensanichabalala/DSFSI/MultilingualASR/MultilingualASR/experiments/sepedi-asr-eda/dataset/nchlt_nso/audio/502/nchlt_nso_502m_0571.wav,nchlt_nso_502m_0571,
/Users/khensanichabalala/DSFSI/MultilingualASR/MultilingualASR/experiments/sepedi-asr-eda/dataset/nchlt_nso/audio/502/nchlt_nso_502m_0565.wav,nchlt_nso_502m_0565,
/Users/khensanichabalala/DSFSI/MultilingualASR/MultilingualASR/experiments/sepedi-asr-eda/dataset/nchlt_nso/audio/502/nchlt_nso_502m_0559.wav,nchlt_nso_502m_0559,
/Users/khensanichabalala/DSFSI/MultilingualASR/MultilingualASR/experiments/sepedi-asr-eda/dataset/nchlt_nso/audio/502/nchlt_nso_502m_0558.wav,nchlt_nso_502m_0558,
/Users/khensanichabalala/DSFSI/MultilingualASR/MultilingualASR/experiments/sepedi-asr-eda/dataset/nchlt_nso/audio/502/nchlt_nso_502m_0564.wav,nchlt_nso_502m_0564,
/Users/khensanichabalala/DSFSI/MultilingualASR/MultilingualASR/experiments/sepedi-asr-eda/dataset/nchlt_nso/audio/502/nchlt_nso_502m_0202.wav,nchlt_nso_502m_0202,
/Users/khensanichabalala/DSFSI/MultilingualASR/MultilingualASR/experiments/sepedi-asr-eda/dataset/nchlt_nso/audio/502/nchlt_nso_502m_0216.wav,nchlt_nso_502m_0216,
/Users/khensanichabalala/DSFSI/MultilingualASR/MultilingualASR/experiments/sepedi-asr-eda/dataset/nchlt_nso/audio/502/nchlt_nso_502m_0570.wav,nchlt_nso_502m_0570,
/Users/khensanichabalala/DSFSI/MultilingualASR/MultilingualASR/experiments/sepedi-asr-eda/dataset/nchlt_nso/audio/502/nchlt_nso_502m_0028.wav,nchlt_nso_502m_0028,
/Users/khensanichabalala/DSFSI/MultilingualASR/MultilingualASR/experiments/sepedi-asr-eda/dataset/nchlt_nso/audio/502/nchlt_nso_502m_0014.wav,nchlt_nso_502m_0014,
/Users/khensanichabalala/DSFSI/MultilingualASR/MultilingualASR/experiments/sepedi-asr-eda/dataset/nchlt_nso/audio/502/nchlt_nso_502m_0148.wav,nchlt_nso_502m_0148,
/Users/khensanichabalala/DSFSI/MultilingualASR/MultilingualASR/experiments/sepedi-asr-eda/dataset/nchlt_nso/audio/502/nchlt_nso_502m_0174.wav,nchlt_nso_502m_0174,
/Users/khensanichabalala/DSFSI/MultilingualASR/MultilingualASR/experiments/sepedi-asr-eda/dataset/nchlt_nso/audio/502/nchlt_nso_502m_0438.wav,nchlt_nso_502m_0438,
/Users/khensanichabalala/DSFSI/MultilingualASR/MultilingualASR/experiments/sepedi-asr-eda/dataset/nchlt_nso/audio/502/nchlt_nso_502m_0410.wav,nchlt_nso_502m_0410,
/Users/khensanichabalala/DSFSI/MultilingualASR/MultilingualASR/experiments/sepedi-asr-eda/dataset/nchlt_nso/audio/502/nchlt_nso_502m_0376.wav,nchlt_nso_502m_0376,
/Users/khensanichabalala/DSFSI/MultilingualASR/MultilingualASR/experiments/sepedi-asr-eda/dataset/nchlt_nso/audio/502/nchlt_nso_502m_0404.wav,nchlt_nso_502m_0404,
/Users/khensanichabalala/DSFSI/MultilingualASR/MultilingualASR/experiments/sepedi-asr-eda/dataset/nchlt_nso/audio/502/nchlt_nso_502m_0374.wav,nchlt_nso_502m_0374,
/Users/khensanichabalala/DSFSI/MultilingualASR/MultilingualASR/experiments/sepedi-asr-eda/dataset/nchlt_nso/audio/502/nchlt_nso_502m_0412.wav,nchlt_nso_502m_0412,
/Users/khensanichabalala/DSFSI/MultilingualASR/MultilingualASR/experiments/sepedi-asr-eda/dataset/nchlt_nso/audio/502/nchlt_nso_502m_0348.wav,nchlt_nso_502m_0348,
/Users/khensanichabalala/DSFSI/MultilingualASR/MultilingualASR/experiments/sepedi-asr-eda/dataset/nchlt_nso/audio/502/nchlt_nso_502m_0189.wav,nchlt_nso_502m_0189,
/Users/khensanichabalala/DSFSI/MultilingualASR/MultilingualASR/experiments/sepedi-asr-eda/dataset/nchlt_nso/audio/502/nchlt_nso_502m_0176.wav,nchlt_nso_502m_0176,
/Users/khensanichabalala/DSFSI/MultilingualASR/MultilingualASR/experiments/sepedi-asr-eda/dataset/nchlt_nso/audio/502/nchlt_nso_502m_0162.wav,nchlt_nso_502m_0162,
/Users/khensanichabalala/DSFSI/MultilingualASR/MultilingualASR/experiments/sepedi-asr-eda/dataset/nchlt_nso/audio/502/nchlt_nso_502m_0002.wav,nchlt_nso_502m_0002,
/Users/khensanichabalala/DSFSI/MultilingualASR/MultilingualASR/experiments/sepedi-asr-eda/dataset/nchlt_nso/audio/502/nchlt_nso_502m_0016.wav,nchlt_nso_502m_0016,
/Users/khensanichabalala/DSFSI/MultilingualASR/MultilingualASR/experiments/sepedi-asr-eda/dataset/nchlt_nso/audio/502/nchlt_nso_502m_0200.wav,nchlt_nso_502m_0200,
/Users/khensanichabalala/DSFSI/MultilingualASR/MultilingualASR/experiments/sepedi-asr-eda/dataset/nchlt_nso/audio/502/nchlt_nso_502m_0572.wav,nchlt_nso_502m_0572,
/Users/khensanichabalala/DSFSI/MultilingualASR/MultilingualASR/experiments/sepedi-asr-eda/dataset/nchlt_nso/audio/502/nchlt_nso_502m_0228.wav,nchlt_nso_502m_0228,
/Users/khensanichabalala/DSFSI/MultilingualASR/MultilingualASR/experiments/sepedi-asr-eda/dataset/nchlt_nso/audio/502/nchlt_nso_502m_0229.wav,nchlt_nso_502m_0229,
/Users/khensanichabalala/DSFSI/MultilingualASR/MultilingualASR/experiments/sepedi-asr-eda/dataset/nchlt_nso/audio/502/nchlt_nso_502m_0573.wav,nchlt_nso_502m_0573,
/Users/khensanichabalala/DSFSI/MultilingualASR/MultilingualASR/experiments/sepedi-asr-eda/dataset/nchlt_nso/audio/502/nchlt_nso_502m_0215.wav,nchlt_nso_502m_0215,
/Users/khensanichabalala/DSFSI/MultilingualASR/MultilingualASR/experiments/sepedi-asr-eda/dataset/nchlt_nso/audio/502/nchlt_nso_502m_0201.wav,nchlt_nso_502m_0201,
/Users/khensanichabalala/DSFSI/MultilingualASR/MultilingualASR/experiments/sepedi-asr-eda/dataset/nchlt_nso/audio/502/nchlt_nso_502m_0017.wav,nchlt_nso_502m_0017,
/Users/khensanichabalala/DSFSI/MultilingualASR/MultilingualASR/experiments/sepedi-asr-eda/dataset/nchlt_nso/audio/502/nchlt_nso_502m_0163.wav,nchlt_nso_502m_0163,
/Users/khensanichabalala/DSFSI/MultilingualASR/MultilingualASR/experiments/sepedi-asr-eda/dataset/nchlt_nso/audio/502/nchlt_nso_502m_0349.wav,nchlt_nso_502m_0349,
/Users/khensanichabalala/DSFSI/MultilingualASR/MultilingualASR/experiments/sepedi-asr-eda/dataset/nchlt_nso/audio/502/nchlt_nso_502m_0407.wav,nchlt_nso_502m_0407,
/Users/khensanichabalala/DSFSI/MultilingualASR/MultilingualASR/experiments/sepedi-asr-eda/dataset/nchlt_nso/audio/502/nchlt_nso_502m_0361.wav,nchlt_nso_502m_0361,
/Users/khensanichabalala/DSFSI/MultilingualASR/MultilingualASR/experiments/sepedi-asr-eda/dataset/nchlt_nso/audio/502/nchlt_nso_502m_0375.wav,nchlt_nso_502m_0375,
/Users/khensanichabalala/DSFSI/MultilingualASR/MultilingualASR/experiments/sepedi-asr-eda/dataset/nchlt_nso/audio/502/nchlt_nso_502m_0413.wav,nchlt_nso_502m_0413,
/Users/khensanichabalala/DSFSI/MultilingualASR/MultilingualASR/experiments/sepedi-asr-eda/dataset/nchlt_nso/audio/502/nchlt_nso_502m_0359.wav,nchlt_nso_502m_0359,
/Users/khensanichabalala/DSFSI/MultilingualASR/MultilingualASR/experiments/sepedi-asr-eda/dataset/nchlt_nso/audio/502/nchlt_nso_502m_0417.wav,nchlt_nso_502m_0417,
/Users/khensanichabalala/DSFSI/MultilingualASR/MultilingualASR/experiments/sepedi-asr-eda/dataset/nchlt_nso/audio/502/nchlt_nso_502m_0371.wav,nchlt_nso_502m_0371,
/Users/khensanichabalala/DSFSI/MultilingualASR/MultilingualASR/experiments/sepedi-asr-eda/dataset/nchlt_nso/audio/502/nchlt_nso_502m_0365.wav,nchlt_nso_502m_0365,
/Users/khensanichabalala/DSFSI/MultilingualASR/MultilingualASR/experiments/sepedi-asr-eda/dataset/nchlt_nso/audio/502/nchlt_nso_502m_0173.wav,nchlt_nso_502m_0173,
/Users/khensanichabalala/DSFSI/MultilingualASR/MultilingualASR/experiments/sepedi-asr-eda/dataset/nchlt_nso/audio/502/nchlt_nso_502m_0167.wav,nchlt_nso_502m_0167,
/Users/khensanichabalala/DSFSI/MultilingualASR/MultilingualASR/experiments/sepedi-asr-eda/dataset/nchlt_nso/audio/502/nchlt_nso_502m_0007.wav,nchlt_nso_502m_0007,
/Users/khensanichabalala/DSFSI/MultilingualASR/MultilingualASR/experiments/sepedi-asr-eda/dataset/nchlt_nso/audio/502/nchlt_nso_502m_0563.wav,nchlt_nso_502m_0563,
/Users/khensanichabalala/DSFSI/MultilingualASR/MultilingualASR/experiments/sepedi-asr-eda/dataset/nchlt_nso/audio/502/nchlt_nso_502m_0205.wav,nchlt_nso_502m_0205,
/Users/khensanichabalala/DSFSI/MultilingualASR/MultilingualASR/experiments/sepedi-asr-eda/dataset/nchlt_nso/audio/502/nchlt_nso_502m_0211.wav,nchlt_nso_502m_0211,
/Users/khensanichabalala/DSFSI/MultilingualASR/MultilingualASR/experiments/sepedi-asr-eda/dataset/nchlt_nso/audio/502/nchlt_nso_502m_0210.wav,nchlt_nso_502m_0210,
/Users/khensanichabalala/DSFSI/MultilingualASR/MultilingualASR/experiments/sepedi-asr-eda/dataset/nchlt_nso/audio/502/nchlt_nso_502m_0576.wav,nchlt_nso_502m_0576,
/Users/khensanichabalala/DSFSI/MultilingualASR/MultilingualASR/experiments/sepedi-asr-eda/dataset/nchlt_nso/audio/502/nchlt_nso_502m_0562.wav,nchlt_nso_502m_0562,
/Users/khensanichabalala/DSFSI/MultilingualASR/MultilingualASR/experiments/sepedi-asr-eda/dataset/nchlt_nso/audio/502/nchlt_nso_502m_0204.wav,nchlt_nso_502m_0204,
/Users/khensanichabalala/DSFSI/MultilingualASR/MultilingualASR/experiments/sepedi-asr-eda/dataset/nchlt_nso/audio/502/nchlt_nso_502m_0012.wav,nchlt_nso_502m_0012,
/Users/khensanichabalala/DSFSI/MultilingualASR/MultilingualASR/experiments/sepedi-asr-eda/dataset/nchlt_nso/audio/502/nchlt_nso_502m_0006.wav,nchlt_nso_502m_0006,
/Users/khensanichabalala/DSFSI/MultilingualASR/MultilingualASR/experiments/sepedi-asr-eda/dataset/nchlt_nso/audio/502/nchlt_nso_502m_0166.wav,nchlt_nso_502m_0166,
/Users/khensanichabalala/DSFSI/MultilingualASR/MultilingualASR/experiments/sepedi-asr-eda/dataset/nchlt_nso/audio/502/nchlt_nso_502m_0172.wav,nchlt_nso_502m_0172,
/Users/khensanichabalala/DSFSI/MultilingualASR/MultilingualASR/experiments/sepedi-asr-eda/dataset/nchlt_nso/audio/502/nchlt_nso_502m_0199.wav,nchlt_nso_502m_0199,
/Users/khensanichabalala/DSFSI/MultilingualASR/MultilingualASR/experiments/sepedi-asr-eda/dataset/nchlt_nso/audio/502/nchlt_nso_502m_0364.wav,nchlt_nso_502m_0364,
/Users/khensanichabalala/DSFSI/MultilingualASR/MultilingualASR/experiments/sepedi-asr-eda/dataset/nchlt_nso/audio/502/nchlt_nso_502m_0402.wav,nchlt_nso_502m_0402,
/Users/khensanichabalala/DSFSI/MultilingualASR/MultilingualASR/experiments/sepedi-asr-eda/dataset/nchlt_nso/audio/502/nchlt_nso_502m_0416.wav,nchlt_nso_502m_0416,
/Users/khensanichabalala/DSFSI/MultilingualASR/MultilingualASR/experiments/sepedi-asr-eda/dataset/nchlt_nso/audio/502/nchlt_nso_502m_0370.wav,nchlt_nso_502m_0370,
/Users/khensanichabalala/DSFSI/MultilingualASR/MultilingualASR/experiments/sepedi-asr-eda/dataset/nchlt_nso/audio/502/nchlt_nso_502m_0399.wav,nchlt_nso_502m_0399,
/Users/khensanichabalala/DSFSI/MultilingualASR/MultilingualASR/experiments/sepedi-asr-eda/dataset/nchlt_nso/audio/502/nchlt_nso_502m_0428.wav,nchlt_nso_502m_0428,
/Users/khensanichabalala/DSFSI/MultilingualASR/MultilingualASR/experiments/sepedi-asr-eda/dataset/nchlt_nso/audio/502/nchlt_nso_502m_0400.wav,nchlt_nso_502m_0400,
/Users/khensanichabalala/DSFSI/MultilingualASR/MultilingualASR/experiments/sepedi-asr-eda/dataset/nchlt_nso/audio/502/nchlt_nso_502m_0366.wav,nchlt_nso_502m_0366,
/Users/khensanichabalala/DSFSI/MultilingualASR/MultilingualASR/experiments/sepedi-asr-eda/dataset/nchlt_nso/audio/502/nchlt_nso_502m_0414.wav,nchlt_nso_502m_0414,
/Users/khensanichabalala/DSFSI/MultilingualASR/MultilingualASR/experiments/sepedi-asr-eda/dataset/nchlt_nso/audio/502/nchlt_nso_502m_0158.wav,nchlt_nso_502m_0158,
/Users/khensanichabalala/DSFSI/MultilingualASR/MultilingualASR/experiments/sepedi-asr-eda/dataset/nchlt_nso/audio/502/nchlt_nso_502m_0164.wav,nchlt_nso_502m_0164,
/Users/khensanichabalala/DSFSI/MultilingualASR/MultilingualASR/experiments/sepedi-asr-eda/dataset/nchlt_nso/audio/502/nchlt_nso_502m_0038.wav,nchlt_nso_502m_0038,
/Users/khensanichabalala/DSFSI/MultilingualASR/MultilingualASR/experiments/sepedi-asr-eda/dataset/nchlt_nso/audio/502/nchlt_nso_502m_0010.wav,nchlt_nso_502m_0010,
/Users/khensanichabalala/DSFSI/MultilingualASR/MultilingualASR/experiments/sepedi-asr-eda/dataset/nchlt_nso/audio/502/nchlt_nso_502m_0548.wav,nchlt_nso_502m_0548,
/Users/khensanichabalala/DSFSI/MultilingualASR/MultilingualASR/experiments/sepedi-asr-eda/dataset/nchlt_nso/audio/502/nchlt_nso_502m_0574.wav,nchlt_nso_502m_0574,
/Users/khensanichabalala/DSFSI/MultilingualASR/MultilingualASR/experiments/sepedi-asr-eda/dataset/nchlt_nso/audio/502/nchlt_nso_502m_0206.wav,nchlt_nso_502m_0206,
/Users/khensanichabalala/DSFSI/MultilingualASR/MultilingualASR/experiments/sepedi-asr-eda/dataset/nchlt_nso/audio/502/nchlt_nso_502m_0560.wav,nchlt_nso_502m_0560,
/Users/khensanichabalala/DSFSI/MultilingualASR/MultilingualASR/experiments/sepedi-asr-eda/dataset/nchlt_nso/audio/502/nchlt_nso_502m_0207.wav,nchlt_nso_502m_0207,
/Users/khensanichabalala/DSFSI/MultilingualASR/MultilingualASR/experiments/sepedi-asr-eda/dataset/nchlt_nso/audio/502/nchlt_nso_502m_0561.wav,nchlt_nso_502m_0561,
/Users/khensanichabalala/DSFSI/MultilingualASR/MultilingualASR/experiments/sepedi-asr-eda/dataset/nchlt_nso/audio/502/nchlt_nso_502m_0575.wav,nchlt_nso_502m_0575,
/Users/khensanichabalala/DSFSI/MultilingualASR/MultilingualASR/experiments/sepedi-asr-eda/dataset/nchlt_nso/audio/502/nchlt_nso_502m_0549.wav,nchlt_nso_502m_0549,
/Users/khensanichabalala/DSFSI/MultilingualASR/MultilingualASR/experiments/sepedi-asr-eda/dataset/nchlt_nso/audio/502/nchlt_nso_502m_0005.wav,nchlt_nso_502m_0005,
/Users/khensanichabalala/DSFSI/MultilingualASR/MultilingualASR/experiments/sepedi-asr-eda/dataset/nchlt_nso/audio/502/nchlt_nso_502m_0171.wav,nchlt_nso_502m_0171,
/Users/khensanichabalala/DSFSI/MultilingualASR/MultilingualASR/experiments/sepedi-asr-eda/dataset/nchlt_nso/audio/502/nchlt_nso_502m_0165.wav,nchlt_nso_502m_0165,
/Users/khensanichabalala/DSFSI/MultilingualASR/MultilingualASR/experiments/sepedi-asr-eda/dataset/nchlt_nso/audio/502/nchlt_nso_502m_0159.wav,nchlt_nso_502m_0159,
/Users/khensanichabalala/DSFSI/MultilingualASR/MultilingualASR/experiments/sepedi-asr-eda/dataset/nchlt_nso/audio/502/nchlt_nso_502m_0373.wav,nchlt_nso_502m_0373,
/Users/khensanichabalala/DSFSI/MultilingualASR/MultilingualASR/experiments/sepedi-asr-eda/dataset/nchlt_nso/audio/502/nchlt_nso_502m_0415.wav,nchlt_nso_502m_0415,
/Users/khensanichabalala/DSFSI/MultilingualASR/MultilingualASR/experiments/sepedi-asr-eda/dataset/nchlt_nso/audio/502/nchlt_nso_502m_0401.wav,nchlt_nso_502m_0401,
/Users/khensanichabalala/DSFSI/MultilingualASR/MultilingualASR/experiments/sepedi-asr-eda/dataset/nchlt_nso/audio/502/nchlt_nso_502m_0429.wav,nchlt_nso_502m_0429,
/Users/khensanichabalala/DSFSI/MultilingualASR/MultilingualASR/experiments/sepedi-asr-eda/dataset/nchlt_nso/audio/502/nchlt_nso_502m_0398.wav,nchlt_nso_502m_0398,
/Users/khensanichabalala/DSFSI/MultilingualASR/MultilingualASR/experiments/sepedi-asr-eda/dataset/nchlt_nso/audio/502/nchlt_nso_502m_0381.wav,nchlt_nso_502m_0381,
/Users/khensanichabalala/DSFSI/MultilingualASR/MultilingualASR/experiments/sepedi-asr-eda/dataset/nchlt_nso/audio/502/nchlt_nso_502m_0395.wav,nchlt_nso_502m_0395,
/Users/khensanichabalala/DSFSI/MultilingualASR/MultilingualASR/experiments/sepedi-asr-eda/dataset/nchlt_nso/audio/502/nchlt_nso_502m_0342.wav,nchlt_nso_502m_0342,
/Users/khensanichabalala/DSFSI/MultilingualASR/MultilingualASR/experiments/sepedi-asr-eda/dataset/nchlt_nso/audio/502/nchlt_nso_502m_0424.wav,nchlt_nso_502m_0424,
/Users/khensanichabalala/DSFSI/MultilingualASR/MultilingualASR/experiments/sepedi-asr-eda/dataset/nchlt_nso/audio/502/nchlt_nso_502m_0183.wav,nchlt_nso_502m_0183,
/Users/khensanichabalala/DSFSI/MultilingualASR/MultilingualASR/experiments/sepedi-asr-eda/dataset/nchlt_nso/audio/502/nchlt_nso_502m_0140.wav,nchlt_nso_502m_0140,
/Users/khensanichabalala/DSFSI/MultilingualASR/MultilingualASR/experiments/sepedi-asr-eda/dataset/nchlt_nso/audio/502/nchlt_nso_502m_0154.wav,nchlt_nso_502m_0154,
/Users/khensanichabalala/DSFSI/MultilingualASR/MultilingualASR/experiments/sepedi-asr-eda/dataset/nchlt_nso/audio/502/nchlt_nso_502m_0168.wav,nchlt_nso_502m_0168,
/Users/khensanichabalala/DSFSI/MultilingualASR/MultilingualASR/experiments/sepedi-asr-eda/dataset/nchlt_nso/audio/502/nchlt_nso_502m_0034.wav,nchlt_nso_502m_0034,
/Users/khensanichabalala/DSFSI/MultilingualASR/MultilingualASR/experiments/sepedi-asr-eda/dataset/nchlt_nso/audio/502/nchlt_nso_502m_0020.wav,nchlt_nso_502m_0020,
/Users/khensanichabalala/DSFSI/MultilingualASR/MultilingualASR/experiments/sepedi-asr-eda/dataset/nchlt_nso/audio/502/nchlt_nso_502m_0236.wav,nchlt_nso_502m_0236,
/Users/khensanichabalala/DSFSI/MultilingualASR/MultilingualASR/experiments/sepedi-asr-eda/dataset/nchlt_nso/audio/502/nchlt_nso_502m_0550.wav,nchlt_nso_502m_0550,
/Users/khensanichabalala/DSFSI/MultilingualASR/MultilingualASR/experiments/sepedi-asr-eda/dataset/nchlt_nso/audio/502/nchlt_nso_502m_0544.wav,nchlt_nso_502m_0544,
/Users/khensanichabalala/DSFSI/MultilingualASR/MultilingualASR/experiments/sepedi-asr-eda/dataset/nchlt_nso/audio/502/nchlt_nso_502m_0222.wav,nchlt_nso_502m_0222,
/Users/khensanichabalala/DSFSI/MultilingualASR/MultilingualASR/experiments/sepedi-asr-eda/dataset/nchlt_nso/audio/502/nchlt_nso_502m_0578.wav,nchlt_nso_502m_0578,
/Users/khensanichabalala/DSFSI/MultilingualASR/MultilingualASR/experiments/sepedi-asr-eda/dataset/nchlt_nso/audio/502/nchlt_nso_502m_0579.wav,nchlt_nso_502m_0579,
/Users/khensanichabalala/DSFSI/MultilingualASR/MultilingualASR/experiments/sepedi-asr-eda/dataset/nchlt_nso/audio/502/nchlt_nso_502m_0545.wav,nchlt_nso_502m_0545,
/Users/khensanichabalala/DSFSI/MultilingualASR/MultilingualASR/experiments/sepedi-asr-eda/dataset/nchlt_nso/audio/502/nchlt_nso_502m_0223.wav,nchlt_nso_502m_0223,
/Users/khensanichabalala/DSFSI/MultilingualASR/MultilingualASR/experiments/sepedi-asr-eda/dataset/nchlt_nso/audio/502/nchlt_nso_502m_0237.wav,nchlt_nso_502m_0237,
/Users/khensanichabalala/DSFSI/MultilingualASR/MultilingualASR/experiments/sepedi-asr-eda/dataset/nchlt_nso/audio/502/nchlt_nso_502m_0551.wav,nchlt_nso_502m_0551,
/Users/khensanichabalala/DSFSI/MultilingualASR/MultilingualASR/experiments/sepedi-asr-eda/dataset/nchlt_nso/audio/502/nchlt_nso_502m_0586.wav,nchlt_nso_502m_0586,
/Users/khensanichabalala/DSFSI/MultilingualASR/MultilingualASR/experiments/sepedi-asr-eda/dataset/nchlt_nso/audio/502/nchlt_nso_502m_0009.wav,nchlt_nso_502m_0009,
/Users/khensanichabalala/DSFSI/MultilingualASR/MultilingualASR/experiments/sepedi-asr-eda/dataset/nchlt_nso/audio/502/nchlt_nso_502m_0021.wav,nchlt_nso_502m_0021,
/Users/khensanichabalala/DSFSI/MultilingualASR/MultilingualASR/experiments/sepedi-asr-eda/dataset/nchlt_nso/audio/502/nchlt_nso_502m_0035.wav,nchlt_nso_502m_0035,
/Users/khensanichabalala/DSFSI/MultilingualASR/MultilingualASR/experiments/sepedi-asr-eda/dataset/nchlt_nso/audio/502/nchlt_nso_502m_0169.wav,nchlt_nso_502m_0169,
/Users/khensanichabalala/DSFSI/MultilingualASR/MultilingualASR/experiments/sepedi-asr-eda/dataset/nchlt_nso/audio/502/nchlt_nso_502m_0141.wav,nchlt_nso_502m_0141,
/Users/khensanichabalala/DSFSI/MultilingualASR/MultilingualASR/experiments/sepedi-asr-eda/dataset/nchlt_nso/audio/502/nchlt_nso_502m_0196.wav,nchlt_nso_502m_0196,
/Users/khensanichabalala/DSFSI/MultilingualASR/MultilingualASR/experiments/sepedi-asr-eda/dataset/nchlt_nso/audio/502/nchlt_nso_502m_0419.wav,nchlt_nso_502m_0419,
/Users/khensanichabalala/DSFSI/MultilingualASR/MultilingualASR/experiments/sepedi-asr-eda/dataset/nchlt_nso/audio/502/nchlt_nso_502m_0431.wav,nchlt_nso_502m_0431,
/Users/khensanichabalala/DSFSI/MultilingualASR/MultilingualASR/experiments/sepedi-asr-eda/dataset/nchlt_nso/audio/502/nchlt_nso_502m_0357.wav,nchlt_nso_502m_0357,
/Users/khensanichabalala/DSFSI/MultilingualASR/MultilingualASR/experiments/sepedi-asr-eda/dataset/nchlt_nso/audio/502/nchlt_nso_502m_0425.wav,nchlt_nso_502m_0425,
/Users/khensanichabalala/DSFSI/MultilingualASR/MultilingualASR/experiments/sepedi-asr-eda/dataset/nchlt_nso/audio/502/nchlt_nso_502m_0394.wav,nchlt_nso_502m_0394,
/Users/khensanichabalala/DSFSI/MultilingualASR/MultilingualASR/experiments/sepedi-asr-eda/dataset/nchlt_nso/audio/502/nchlt_nso_502m_0380.wav,nchlt_nso_502m_0380,
/Users/khensanichabalala/DSFSI/MultilingualASR/MultilingualASR/experiments/sepedi-asr-eda/dataset/nchlt_nso/audio/502/nchlt_nso_502m_0396.wav,nchlt_nso_502m_0396,
/Users/khensanichabalala/DSFSI/MultilingualASR/MultilingualASR/experiments/sepedi-asr-eda/dataset/nchlt_nso/audio/502/nchlt_nso_502m_0382.wav,nchlt_nso_502m_0382,
/Users/khensanichabalala/DSFSI/MultilingualASR/MultilingualASR/experiments/sepedi-asr-eda/dataset/nchlt_nso/audio/502/nchlt_nso_502m_0433.wav,nchlt_nso_502m_0433,
/Users/khensanichabalala/DSFSI/MultilingualASR/MultilingualASR/experiments/sepedi-asr-eda/dataset/nchlt_nso/audio/502/nchlt_nso_502m_0341.wav,nchlt_nso_502m_0341,
/Users/khensanichabalala/DSFSI/MultilingualASR/MultilingualASR/experiments/sepedi-asr-eda/dataset/nchlt_nso/audio/502/nchlt_nso_502m_0369.wav,nchlt_nso_502m_0369,
/Users/khensanichabalala/DSFSI/MultilingualASR/MultilingualASR/experiments/sepedi-asr-eda/dataset/nchlt_nso/audio/502/nchlt_nso_502m_0194.wav,nchlt_nso_502m_0194,
/Users/khensanichabalala/DSFSI/MultilingualASR/MultilingualASR/experiments/sepedi-asr-eda/dataset/nchlt_nso/audio/502/nchlt_nso_502m_0157.wav,nchlt_nso_502m_0157,
/Users/khensanichabalala/DSFSI/MultilingualASR/MultilingualASR/experiments/sepedi-asr-eda/dataset/nchlt_nso/audio/502/nchlt_nso_502m_0143.wav,nchlt_nso_502m_0143,
/Users/khensanichabalala/DSFSI/MultilingualASR/MultilingualASR/experiments/sepedi-asr-eda/dataset/nchlt_nso/audio/502/nchlt_nso_502m_0023.wav,nchlt_nso_502m_0023,
/Users/khensanichabalala/DSFSI/MultilingualASR/MultilingualASR/experiments/sepedi-asr-eda/dataset/nchlt_nso/audio/502/nchlt_nso_502m_0584.wav,nchlt_nso_502m_0584,
/Users/khensanichabalala/DSFSI/MultilingualASR/MultilingualASR/experiments/sepedi-asr-eda/dataset/nchlt_nso/audio/502/nchlt_nso_502m_0547.wav,nchlt_nso_502m_0547,
/Users/khensanichabalala/DSFSI/MultilingualASR/MultilingualASR/experiments/sepedi-asr-eda/dataset/nchlt_nso/audio/502/nchlt_nso_502m_0235.wav,nchlt_nso_502m_0235,
/Users/khensanichabalala/DSFSI/MultilingualASR/MultilingualASR/experiments/sepedi-asr-eda/dataset/nchlt_nso/audio/502/nchlt_nso_502m_0209.wav,nchlt_nso_502m_0209,
/Users/khensanichabalala/DSFSI/MultilingualASR/MultilingualASR/experiments/sepedi-asr-eda/dataset/nchlt_nso/audio/502/nchlt_nso_502m_0208.wav,nchlt_nso_502m_0208,
/Users/khensanichabalala/DSFSI/MultilingualASR/MultilingualASR/experiments/sepedi-asr-eda/dataset/nchlt_nso/audio/502/nchlt_nso_502m_0552.wav,nchlt_nso_502m_0552,
/Users/khensanichabalala/DSFSI/MultilingualASR/MultilingualASR/experiments/sepedi-asr-eda/dataset/nchlt_nso/audio/502/nchlt_nso_502m_0220.wav,nchlt_nso_502m_0220,
/Users/khensanichabalala/DSFSI/MultilingualASR/MultilingualASR/experiments/sepedi-asr-eda/dataset/nchlt_nso/audio/502/nchlt_nso_502m_0546.wav,nchlt_nso_502m_0546,
/Users/khensanichabalala/DSFSI/MultilingualASR/MultilingualASR/experiments/sepedi-asr-eda/dataset/nchlt_nso/audio/502/nchlt_nso_502m_0022.wav,nchlt_nso_502m_0022,
/Users/khensanichabalala/DSFSI/MultilingualASR/MultilingualASR/experiments/sepedi-asr-eda/dataset/nchlt_nso/audio/502/nchlt_nso_502m_0156.wav,nchlt_nso_502m_0156,
/Users/khensanichabalala/DSFSI/MultilingualASR/MultilingualASR/experiments/sepedi-asr-eda/dataset/nchlt_nso/audio/502/nchlt_nso_502m_0181.wav,nchlt_nso_502m_0181,
/Users/khensanichabalala/DSFSI/MultilingualASR/MultilingualASR/experiments/sepedi-asr-eda/dataset/nchlt_nso/audio/502/nchlt_nso_502m_0195.wav,nchlt_nso_502m_0195,
/Users/khensanichabalala/DSFSI/MultilingualASR/MultilingualASR/experiments/sepedi-asr-eda/dataset/nchlt_nso/audio/502/nchlt_nso_502m_0368.wav,nchlt_nso_502m_0368,
/Users/khensanichabalala/DSFSI/MultilingualASR/MultilingualASR/experiments/sepedi-asr-eda/dataset/nchlt_nso/audio/502/nchlt_nso_502m_0426.wav,nchlt_nso_502m_0426,
/Users/khensanichabalala/DSFSI/MultilingualASR/MultilingualASR/experiments/sepedi-asr-eda/dataset/nchlt_nso/audio/502/nchlt_nso_502m_0340.wav,nchlt_nso_502m_0340,
/Users/khensanichabalala/DSFSI/MultilingualASR/MultilingualASR/experiments/sepedi-asr-eda/dataset/nchlt_nso/audio/502/nchlt_nso_502m_0432.wav,nchlt_nso_502m_0432,
/Users/khensanichabalala/DSFSI/MultilingualASR/MultilingualASR/experiments/sepedi-asr-eda/dataset/nchlt_nso/audio/502/nchlt_nso_502m_0383.wav,nchlt_nso_502m_0383,
/Users/khensanichabalala/DSFSI/MultilingualASR/MultilingualASR/experiments/sepedi-asr-eda/dataset/nchlt_nso/audio/502/nchlt_nso_502m_0397.wav,nchlt_nso_502m_0397,
/Users/khensanichabalala/DSFSI/MultilingualASR/MultilingualASR/experiments/sepedi-asr-eda/dataset/nchlt_nso/audio/502/nchlt_nso_502m_0436.wav,nchlt_nso_502m_0436,
/Users/khensanichabalala/DSFSI/MultilingualASR/MultilingualASR/experiments/sepedi-asr-eda/dataset/nchlt_nso/audio/502/nchlt_nso_502m_0350.wav,nchlt_nso_502m_0350,
/Users/khensanichabalala/DSFSI/MultilingualASR/MultilingualASR/experiments/sepedi-asr-eda/dataset/nchlt_nso/audio/502/nchlt_nso_502m_0191.wav,nchlt_nso_502m_0191,
/Users/khensanichabalala/DSFSI/MultilingualASR/MultilingualASR/experiments/sepedi-asr-eda/dataset/nchlt_nso/audio/502/nchlt_nso_502m_0146.wav,nchlt_nso_502m_0146,
/Users/khensanichabalala/DSFSI/MultilingualASR/MultilingualASR/experiments/sepedi-asr-eda/dataset/nchlt_nso/audio/502/nchlt_nso_502m_0026.wav,nchlt_nso_502m_0026,
/Users/khensanichabalala/DSFSI/MultilingualASR/MultilingualASR/experiments/sepedi-asr-eda/dataset/nchlt_nso/audio/502/nchlt_nso_502m_0581.wav,nchlt_nso_502m_0581,
/Users/khensanichabalala/DSFSI/MultilingualASR/MultilingualASR/experiments/sepedi-asr-eda/dataset/nchlt_nso/audio/502/nchlt_nso_502m_0542.wav,nchlt_nso_502m_0542,
/Users/khensanichabalala/DSFSI/MultilingualASR/MultilingualASR/experiments/sepedi-asr-eda/dataset/nchlt_nso/audio/502/nchlt_nso_502m_0230.wav,nchlt_nso_502m_0230,
/Users/khensanichabalala/DSFSI/MultilingualASR/MultilingualASR/experiments/sepedi-asr-eda/dataset/nchlt_nso/audio/502/nchlt_nso_502m_0556.wav,nchlt_nso_502m_0556,
/Users/khensanichabalala/DSFSI/MultilingualASR/MultilingualASR/experiments/sepedi-asr-eda/dataset/nchlt_nso/audio/502/nchlt_nso_502m_0557.wav,nchlt_nso_502m_0557,
/Users/khensanichabalala/DSFSI/MultilingualASR/MultilingualASR/experiments/sepedi-asr-eda/dataset/nchlt_nso/audio/502/nchlt_nso_502m_0543.wav,nchlt_nso_502m_0543,
/Users/khensanichabalala/DSFSI/MultilingualASR/MultilingualASR/experiments/sepedi-asr-eda/dataset/nchlt_nso/audio/502/nchlt_nso_502m_0225.wav,nchlt_nso_502m_0225,
/Users/khensanichabalala/DSFSI/MultilingualASR/MultilingualASR/experiments/sepedi-asr-eda/dataset/nchlt_nso/audio/502/nchlt_nso_502m_0219.wav,nchlt_nso_502m_0219,
/Users/khensanichabalala/DSFSI/MultilingualASR/MultilingualASR/experiments/sepedi-asr-eda/dataset/nchlt_nso/audio/502/nchlt_nso_502m_0147.wav,nchlt_nso_502m_0147,
/Users/khensanichabalala/DSFSI/MultilingualASR/MultilingualASR/experiments/sepedi-asr-eda/dataset/nchlt_nso/audio/502/nchlt_nso_502m_0184.wav,nchlt_nso_502m_0184,
/Users/khensanichabalala/DSFSI/MultilingualASR/MultilingualASR/experiments/sepedi-asr-eda/dataset/nchlt_nso/audio/502/nchlt_nso_502m_0190.wav,nchlt_nso_502m_0190,
/Users/khensanichabalala/DSFSI/MultilingualASR/MultilingualASR/experiments/sepedi-asr-eda/dataset/nchlt_nso/audio/502/nchlt_nso_502m_0423.wav,nchlt_nso_502m_0423,
/Users/khensanichabalala/DSFSI/MultilingualASR/MultilingualASR/experiments/sepedi-asr-eda/dataset/nchlt_nso/audio/502/nchlt_nso_502m_0351.wav,nchlt_nso_502m_0351,
/Users/khensanichabalala/DSFSI/MultilingualASR/MultilingualASR/experiments/sepedi-asr-eda/dataset/nchlt_nso/audio/502/nchlt_nso_502m_0379.wav,nchlt_nso_502m_0379,
/Users/khensanichabalala/DSFSI/MultilingualASR/MultilingualASR/experiments/sepedi-asr-eda/dataset/nchlt_nso/audio/502/nchlt_nso_502m_0386.wav,nchlt_nso_502m_0386,
/Users/khensanichabalala/DSFSI/MultilingualASR/MultilingualASR/experiments/sepedi-asr-eda/dataset/nchlt_nso/audio/502/nchlt_nso_502m_0384.wav,nchlt_nso_502m_0384,
/Users/khensanichabalala/DSFSI/MultilingualASR/MultilingualASR/experiments/sepedi-asr-eda/dataset/nchlt_nso/audio/502/nchlt_nso_502m_0421.wav,nchlt_nso_502m_0421,
/Users/khensanichabalala/DSFSI/MultilingualASR/MultilingualASR/experiments/sepedi-asr-eda/dataset/nchlt_nso/audio/502/nchlt_nso_502m_0435.wav,nchlt_nso_502m_0435,
/Users/khensanichabalala/DSFSI/MultilingualASR/MultilingualASR/experiments/sepedi-asr-eda/dataset/nchlt_nso/audio/502/nchlt_nso_502m_0192.wav,nchlt_nso_502m_0192,
/Users/khensanichabalala/DSFSI/MultilingualASR/MultilingualASR/experiments/sepedi-asr-eda/dataset/nchlt_nso/audio/502/nchlt_nso_502m_0179.wav,nchlt_nso_502m_0179,
/Users/khensanichabalala/DSFSI/MultilingualASR/MultilingualASR/experiments/sepedi-asr-eda/dataset/nchlt_nso/audio/502/nchlt_nso_502m_0151.wav,nchlt_nso_502m_0151,
/Users/khensanichabalala/DSFSI/MultilingualASR/MultilingualASR/experiments/sepedi-asr-eda/dataset/nchlt_nso/audio/502/nchlt_nso_502m_0019.wav,nchlt_nso_502m_0019,
/Users/khensanichabalala/DSFSI/MultilingualASR/MultilingualASR/experiments/sepedi-asr-eda/dataset/nchlt_nso/audio/502/nchlt_nso_502m_0031.wav,nchlt_nso_502m_0031,
/Users/khensanichabalala/DSFSI/MultilingualASR/MultilingualASR/experiments/sepedi-asr-eda/dataset/nchlt_nso/audio/502/nchlt_nso_502m_0025.wav,nchlt_nso_502m_0025,
/Users/khensanichabalala/DSFSI/MultilingualASR/MultilingualASR/experiments/sepedi-asr-eda/dataset/nchlt_nso/audio/502/nchlt_nso_502m_0582.wav,nchlt_nso_502m_0582,
/Users/khensanichabalala/DSFSI/MultilingualASR/MultilingualASR/experiments/sepedi-asr-eda/dataset/nchlt_nso/audio/502/nchlt_nso_502m_0569.wav,nchlt_nso_502m_0569,
/Users/khensanichabalala/DSFSI/MultilingualASR/MultilingualASR/experiments/sepedi-asr-eda/dataset/nchlt_nso/audio/502/nchlt_nso_502m_0555.wav,nchlt_nso_502m_0555,
/Users/khensanichabalala/DSFSI/MultilingualASR/MultilingualASR/experiments/sepedi-asr-eda/dataset/nchlt_nso/audio/502/nchlt_nso_502m_0233.wav,nchlt_nso_502m_0233,
/Users/khensanichabalala/DSFSI/MultilingualASR/MultilingualASR/experiments/sepedi-asr-eda/dataset/nchlt_nso/audio/502/nchlt_nso_502m_0227.wav,nchlt_nso_502m_0227,
/Users/khensanichabalala/DSFSI/MultilingualASR/MultilingualASR/experiments/sepedi-asr-eda/dataset/nchlt_nso/audio/502/nchlt_nso_502m_0541.wav,nchlt_nso_502m_0541,
/Users/khensanichabalala/DSFSI/MultilingualASR/MultilingualASR/experiments/sepedi-asr-eda/dataset/nchlt_nso/audio/502/nchlt_nso_502m_0226.wav,nchlt_nso_502m_0226,
/Users/khensanichabalala/DSFSI/MultilingualASR/MultilingualASR/experiments/sepedi-asr-eda/dataset/nchlt_nso/audio/502/nchlt_nso_502m_0540.wav,nchlt_nso_502m_0540,
/Users/khensanichabalala/DSFSI/MultilingualASR/MultilingualASR/experiments/sepedi-asr-eda/dataset/nchlt_nso/audio/502/nchlt_nso_502m_0554.wav,nchlt_nso_502m_0554,
/Users/khensanichabalala/DSFSI/MultilingualASR/MultilingualASR/experiments/sepedi-asr-eda/dataset/nchlt_nso/audio/502/nchlt_nso_502m_0232.wav,nchlt_nso_502m_0232,
/Users/khensanichabalala/DSFSI/MultilingualASR/MultilingualASR/experiments/sepedi-asr-eda/dataset/nchlt_nso/audio/502/nchlt_nso_502m_0568.wav,nchlt_nso_502m_0568,
/Users/khensanichabalala/DSFSI/MultilingualASR/MultilingualASR/experiments/sepedi-asr-eda/dataset/nchlt_nso/audio/502/nchlt_nso_502m_0583.wav,nchlt_nso_502m_0583,
/Users/khensanichabalala/DSFSI/MultilingualASR/MultilingualASR/experiments/sepedi-asr-eda/dataset/nchlt_nso/audio/502/nchlt_nso_502m_0024.wav,nchlt_nso_502m_0024,
/Users/khensanichabalala/DSFSI/MultilingualASR/MultilingualASR/experiments/sepedi-asr-eda/dataset/nchlt_nso/audio/502/nchlt_nso_502m_0030.wav,nchlt_nso_502m_0030,
/Users/khensanichabalala/DSFSI/MultilingualASR/MultilingualASR/experiments/sepedi-asr-eda/dataset/nchlt_nso/audio/502/nchlt_nso_502m_0018.wav,nchlt_nso_502m_0018,
/Users/khensanichabalala/DSFSI/MultilingualASR/MultilingualASR/experiments/sepedi-asr-eda/dataset/nchlt_nso/audio/502/nchlt_nso_502m_0150.wav,nchlt_nso_502m_0150,
/Users/khensanichabalala/DSFSI/MultilingualASR/MultilingualASR/experiments/sepedi-asr-eda/dataset/nchlt_nso/audio/502/nchlt_nso_502m_0144.wav,nchlt_nso_502m_0144,
/Users/khensanichabalala/DSFSI/MultilingualASR/MultilingualASR/experiments/sepedi-asr-eda/dataset/nchlt_nso/audio/502/nchlt_nso_502m_0178.wav,nchlt_nso_502m_0178,
/Users/khensanichabalala/DSFSI/MultilingualASR/MultilingualASR/experiments/sepedi-asr-eda/dataset/nchlt_nso/audio/502/nchlt_nso_502m_0193.wav,nchlt_nso_502m_0193,
/Users/khensanichabalala/DSFSI/MultilingualASR/MultilingualASR/experiments/sepedi-asr-eda/dataset/nchlt_nso/audio/502/nchlt_nso_502m_0187.wav,nchlt_nso_502m_0187,
/Users/khensanichabalala/DSFSI/MultilingualASR/MultilingualASR/experiments/sepedi-asr-eda/dataset/nchlt_nso/audio/502/nchlt_nso_502m_0352.wav,nchlt_nso_502m_0352,
/Users/khensanichabalala/DSFSI/MultilingualASR/MultilingualASR/experiments/sepedi-asr-eda/dataset/nchlt_nso/audio/502/nchlt_nso_502m_0420.wav,nchlt_nso_502m_0420,
/Users/khensanichabalala/DSFSI/MultilingualASR/MultilingualASR/experiments/sepedi-asr-eda/dataset/nchlt_nso/audio/502/nchlt_nso_502m_0346.wav,nchlt_nso_502m_0346,
/Users/khensanichabalala/DSFSI/MultilingualASR/MultilingualASR/experiments/sepedi-asr-eda/dataset/nchlt_nso/audio/502/nchlt_nso_502m_0391.wav,nchlt_nso_502m_0391,
/Users/khensanichabalala/DSFSI/MultilingualASR/MultilingualASR/experiments/sepedi-asr-eda/dataset/nchlt_nso/audio/502/nchlt_nso_502m_0385.wav,nchlt_nso_502m_0385,
/Users/khensanichabalala/DSFSI/MultilingualASR/MultilingualASR/experiments/sepedi-asr-eda/dataset/nchlt_nso/audio/502/nchlt_nso_502m_0484.wav,nchlt_nso_502m_0484,
/Users/khensanichabalala/DSFSI/MultilingualASR/MultilingualASR/experiments/sepedi-asr-eda/dataset/nchlt_nso/audio/502/nchlt_nso_502m_0490.wav,nchlt_nso_502m_0490,
/Users/khensanichabalala/DSFSI/MultilingualASR/MultilingualASR/experiments/sepedi-asr-eda/dataset/nchlt_nso/audio/502/nchlt_nso_502m_0447.wav,nchlt_nso_502m_0447,
/Users/khensanichabalala/DSFSI/MultilingualASR/MultilingualASR/experiments/sepedi-asr-eda/dataset/nchlt_nso/audio/502/nchlt_nso_502m_0335.wav,nchlt_nso_502m_0335,
/Users/khensanichabalala/DSFSI/MultilingualASR/MultilingualASR/experiments/sepedi-asr-eda/dataset/nchlt_nso/audio/502/nchlt_nso_502m_0453.wav,nchlt_nso_502m_0453,
/Users/khensanichabalala/DSFSI/MultilingualASR/MultilingualASR/experiments/sepedi-asr-eda/dataset/nchlt_nso/audio/502/nchlt_nso_502m_0309.wav,nchlt_nso_502m_0309,
/Users/khensanichabalala/DSFSI/MultilingualASR/MultilingualASR/experiments/sepedi-asr-eda/dataset/nchlt_nso/audio/502/nchlt_nso_502m_0123.wav,nchlt_nso_502m_0123,
/Users/khensanichabalala/DSFSI/MultilingualASR/MultilingualASR/experiments/sepedi-asr-eda/dataset/nchlt_nso/audio/502/nchlt_nso_502m_0094.wav,nchlt_nso_502m_0094,
/Users/khensanichabalala/DSFSI/MultilingualASR/MultilingualASR/experiments/sepedi-asr-eda/dataset/nchlt_nso/audio/502/nchlt_nso_502m_0043.wav,nchlt_nso_502m_0043,
/Users/khensanichabalala/DSFSI/MultilingualASR/MultilingualASR/experiments/sepedi-asr-eda/dataset/nchlt_nso/audio/502/nchlt_nso_502m_0296.wav,nchlt_nso_502m_0296,
/Users/khensanichabalala/DSFSI/MultilingualASR/MultilingualASR/experiments/sepedi-asr-eda/dataset/nchlt_nso/audio/502/nchlt_nso_502m_0533.wav,nchlt_nso_502m_0533,
/Users/khensanichabalala/DSFSI/MultilingualASR/MultilingualASR/experiments/sepedi-asr-eda/dataset/nchlt_nso/audio/502/nchlt_nso_502m_0255.wav,nchlt_nso_502m_0255,
/Users/khensanichabalala/DSFSI/MultilingualASR/MultilingualASR/experiments/sepedi-asr-eda/dataset/nchlt_nso/audio/502/nchlt_nso_502m_0241.wav,nchlt_nso_502m_0241,
/Users/khensanichabalala/DSFSI/MultilingualASR/MultilingualASR/experiments/sepedi-asr-eda/dataset/nchlt_nso/audio/502/nchlt_nso_502m_0269.wav,nchlt_nso_502m_0269,
/Users/khensanichabalala/DSFSI/MultilingualASR/MultilingualASR/experiments/sepedi-asr-eda/dataset/nchlt_nso/audio/502/nchlt_nso_502m_0240.wav,nchlt_nso_502m_0240,
/Users/khensanichabalala/DSFSI/MultilingualASR/MultilingualASR/experiments/sepedi-asr-eda/dataset/nchlt_nso/audio/502/nchlt_nso_502m_0532.wav,nchlt_nso_502m_0532,
/Users/khensanichabalala/DSFSI/MultilingualASR/MultilingualASR/experiments/sepedi-asr-eda/dataset/nchlt_nso/audio/502/nchlt_nso_502m_0254.wav,nchlt_nso_502m_0254,
/Users/khensanichabalala/DSFSI/MultilingualASR/MultilingualASR/experiments/sepedi-asr-eda/dataset/nchlt_nso/audio/502/nchlt_nso_502m_0283.wav,nchlt_nso_502m_0283,
/Users/khensanichabalala/DSFSI/MultilingualASR/MultilingualASR/experiments/sepedi-asr-eda/dataset/nchlt_nso/audio/502/nchlt_nso_502m_0297.wav,nchlt_nso_502m_0297,
/Users/khensanichabalala/DSFSI/MultilingualASR/MultilingualASR/experiments/sepedi-asr-eda/dataset/nchlt_nso/audio/502/nchlt_nso_502m_0056.wav,nchlt_nso_502m_0056,
/Users/khensanichabalala/DSFSI/MultilingualASR/MultilingualASR/experiments/sepedi-asr-eda/dataset/nchlt_nso/audio/502/nchlt_nso_502m_0081.wav,nchlt_nso_502m_0081,
/Users/khensanichabalala/DSFSI/MultilingualASR/MultilingualASR/experiments/sepedi-asr-eda/dataset/nchlt_nso/audio/502/nchlt_nso_502m_0136.wav,nchlt_nso_502m_0136,
/Users/khensanichabalala/DSFSI/MultilingualASR/MultilingualASR/experiments/sepedi-asr-eda/dataset/nchlt_nso/audio/502/nchlt_nso_502m_0122.wav,nchlt_nso_502m_0122,
/Users/khensanichabalala/DSFSI/MultilingualASR/MultilingualASR/experiments/sepedi-asr-eda/dataset/nchlt_nso/audio/502/nchlt_nso_502m_0308.wav,nchlt_nso_502m_0308,
/Users/khensanichabalala/DSFSI/MultilingualASR/MultilingualASR/experiments/sepedi-asr-eda/dataset/nchlt_nso/audio/502/nchlt_nso_502m_0334.wav,nchlt_nso_502m_0334,
/Users/khensanichabalala/DSFSI/MultilingualASR/MultilingualASR/experiments/sepedi-asr-eda/dataset/nchlt_nso/audio/502/nchlt_nso_502m_0446.wav,nchlt_nso_502m_0446,
/Users/khensanichabalala/DSFSI/MultilingualASR/MultilingualASR/experiments/sepedi-asr-eda/dataset/nchlt_nso/audio/502/nchlt_nso_502m_0320.wav,nchlt_nso_502m_0320,
/Users/khensanichabalala/DSFSI/MultilingualASR/MultilingualASR/experiments/sepedi-asr-eda/dataset/nchlt_nso/audio/502/nchlt_nso_502m_0491.wav,nchlt_nso_502m_0491,
/Users/khensanichabalala/DSFSI/MultilingualASR/MultilingualASR/experiments/sepedi-asr-eda/dataset/nchlt_nso/audio/502/nchlt_nso_502m_0485.wav,nchlt_nso_502m_0485,
/Users/khensanichabalala/DSFSI/MultilingualASR/MultilingualASR/experiments/sepedi-asr-eda/dataset/nchlt_nso/audio/502/nchlt_nso_502m_0487.wav,nchlt_nso_502m_0487,
/Users/khensanichabalala/DSFSI/MultilingualASR/MultilingualASR/experiments/sepedi-asr-eda/dataset/nchlt_nso/audio/502/nchlt_nso_502m_0450.wav,nchlt_nso_502m_0450,
/Users/khensanichabalala/DSFSI/MultilingualASR/MultilingualASR/experiments/sepedi-asr-eda/dataset/nchlt_nso/audio/502/nchlt_nso_502m_0336.wav,nchlt_nso_502m_0336,
/Users/khensanichabalala/DSFSI/MultilingualASR/MultilingualASR/experiments/sepedi-asr-eda/dataset/nchlt_nso/audio/502/nchlt_nso_502m_0322.wav,nchlt_nso_502m_0322,
/Users/khensanichabalala/DSFSI/MultilingualASR/MultilingualASR/experiments/sepedi-asr-eda/dataset/nchlt_nso/audio/502/nchlt_nso_502m_0134.wav,nchlt_nso_502m_0134,
/Users/khensanichabalala/DSFSI/MultilingualASR/MultilingualASR/experiments/sepedi-asr-eda/dataset/nchlt_nso/audio/502/nchlt_nso_502m_0120.wav,nchlt_nso_502m_0120,
/Users/khensanichabalala/DSFSI/MultilingualASR/MultilingualASR/experiments/sepedi-asr-eda/dataset/nchlt_nso/audio/502/nchlt_nso_502m_0108.wav,nchlt_nso_502m_0108,
/Users/khensanichabalala/DSFSI/MultilingualASR/MultilingualASR/experiments/sepedi-asr-eda/dataset/nchlt_nso/audio/502/nchlt_nso_502m_0083.wav,nchlt_nso_502m_0083,
/Users/khensanichabalala/DSFSI/MultilingualASR/MultilingualASR/experiments/sepedi-asr-eda/dataset/nchlt_nso/audio/502/nchlt_nso_502m_0040.wav,nchlt_nso_502m_0040,
/Users/khensanichabalala/DSFSI/MultilingualASR/MultilingualASR/experiments/sepedi-asr-eda/dataset/nchlt_nso/audio/502/nchlt_nso_502m_0054.wav,nchlt_nso_502m_0054,
/Users/khensanichabalala/DSFSI/MultilingualASR/MultilingualASR/experiments/sepedi-asr-eda/dataset/nchlt_nso/audio/502/nchlt_nso_502m_0068.wav,nchlt_nso_502m_0068,
/Users/khensanichabalala/DSFSI/MultilingualASR/MultilingualASR/experiments/sepedi-asr-eda/dataset/nchlt_nso/audio/502/nchlt_nso_502m_0524.wav,nchlt_nso_502m_0524,
/Users/khensanichabalala/DSFSI/MultilingualASR/MultilingualASR/experiments/sepedi-asr-eda/dataset/nchlt_nso/audio/502/nchlt_nso_502m_0256.wav,nchlt_nso_502m_0256,
/Users/khensanichabalala/DSFSI/MultilingualASR/MultilingualASR/experiments/sepedi-asr-eda/dataset/nchlt_nso/audio/502/nchlt_nso_502m_0518.wav,nchlt_nso_502m_0518,
/Users/khensanichabalala/DSFSI/MultilingualASR/MultilingualASR/experiments/sepedi-asr-eda/dataset/nchlt_nso/audio/502/nchlt_nso_502m_0519.wav,nchlt_nso_502m_0519,
/Users/khensanichabalala/DSFSI/MultilingualASR/MultilingualASR/experiments/sepedi-asr-eda/dataset/nchlt_nso/audio/502/nchlt_nso_502m_0531.wav,nchlt_nso_502m_0531,
/Users/khensanichabalala/DSFSI/MultilingualASR/MultilingualASR/experiments/sepedi-asr-eda/dataset/nchlt_nso/audio/502/nchlt_nso_502m_0243.wav,nchlt_nso_502m_0243,
/Users/khensanichabalala/DSFSI/MultilingualASR/MultilingualASR/experiments/sepedi-asr-eda/dataset/nchlt_nso/audio/502/nchlt_nso_502m_0294.wav,nchlt_nso_502m_0294,
/Users/khensanichabalala/DSFSI/MultilingualASR/MultilingualASR/experiments/sepedi-asr-eda/dataset/nchlt_nso/audio/502/nchlt_nso_502m_0280.wav,nchlt_nso_502m_0280,
/Users/khensanichabalala/DSFSI/MultilingualASR/MultilingualASR/experiments/sepedi-asr-eda/dataset/nchlt_nso/audio/502/nchlt_nso_502m_0069.wav,nchlt_nso_502m_0069,
/Users/khensanichabalala/DSFSI/MultilingualASR/MultilingualASR/experiments/sepedi-asr-eda/dataset/nchlt_nso/audio/502/nchlt_nso_502m_0055.wav,nchlt_nso_502m_0055,
/Users/khensanichabalala/DSFSI/MultilingualASR/MultilingualASR/experiments/sepedi-asr-eda/dataset/nchlt_nso/audio/502/nchlt_nso_502m_0082.wav,nchlt_nso_502m_0082,
/Users/khensanichabalala/DSFSI/MultilingualASR/MultilingualASR/experiments/sepedi-asr-eda/dataset/nchlt_nso/audio/502/nchlt_nso_502m_0109.wav,nchlt_nso_502m_0109,
/Users/khensanichabalala/DSFSI/MultilingualASR/MultilingualASR/experiments/sepedi-asr-eda/dataset/nchlt_nso/audio/502/nchlt_nso_502m_0121.wav,nchlt_nso_502m_0121,
/Users/khensanichabalala/DSFSI/MultilingualASR/MultilingualASR/experiments/sepedi-asr-eda/dataset/nchlt_nso/audio/502/nchlt_nso_502m_0479.wav,nchlt_nso_502m_0479,
/Users/khensanichabalala/DSFSI/MultilingualASR/MultilingualASR/experiments/sepedi-asr-eda/dataset/nchlt_nso/audio/502/nchlt_nso_502m_0445.wav,nchlt_nso_502m_0445,
/Users/khensanichabalala/DSFSI/MultilingualASR/MultilingualASR/experiments/sepedi-asr-eda/dataset/nchlt_nso/audio/502/nchlt_nso_502m_0337.wav,nchlt_nso_502m_0337,
/Users/khensanichabalala/DSFSI/MultilingualASR/MultilingualASR/experiments/sepedi-asr-eda/dataset/nchlt_nso/audio/502/nchlt_nso_502m_0486.wav,nchlt_nso_502m_0486,
/Users/khensanichabalala/DSFSI/MultilingualASR/MultilingualASR/experiments/sepedi-asr-eda/dataset/nchlt_nso/audio/502/nchlt_nso_502m_0492.wav,nchlt_nso_502m_0492,
/Users/khensanichabalala/DSFSI/MultilingualASR/MultilingualASR/experiments/sepedi-asr-eda/dataset/nchlt_nso/audio/502/nchlt_nso_502m_0496.wav,nchlt_nso_502m_0496,
/Users/khensanichabalala/DSFSI/MultilingualASR/MultilingualASR/experiments/sepedi-asr-eda/dataset/nchlt_nso/audio/502/nchlt_nso_502m_0482.wav,nchlt_nso_502m_0482,
/Users/khensanichabalala/DSFSI/MultilingualASR/MultilingualASR/experiments/sepedi-asr-eda/dataset/nchlt_nso/audio/502/nchlt_nso_502m_0469.wav,nchlt_nso_502m_0469,
/Users/khensanichabalala/DSFSI/MultilingualASR/MultilingualASR/experiments/sepedi-asr-eda/dataset/nchlt_nso/audio/502/nchlt_nso_502m_0333.wav,nchlt_nso_502m_0333,
/Users/khensanichabalala/DSFSI/MultilingualASR/MultilingualASR/experiments/sepedi-asr-eda/dataset/nchlt_nso/audio/502/nchlt_nso_502m_0455.wav,nchlt_nso_502m_0455,
/Users/khensanichabalala/DSFSI/MultilingualASR/MultilingualASR/experiments/sepedi-asr-eda/dataset/nchlt_nso/audio/502/nchlt_nso_502m_0441.wav,nchlt_nso_502m_0441,
/Users/khensanichabalala/DSFSI/MultilingualASR/MultilingualASR/experiments/sepedi-asr-eda/dataset/nchlt_nso/audio/502/nchlt_nso_502m_0327.wav,nchlt_nso_502m_0327,
/Users/khensanichabalala/DSFSI/MultilingualASR/MultilingualASR/experiments/sepedi-asr-eda/dataset/nchlt_nso/audio/502/nchlt_nso_502m_0119.wav,nchlt_nso_502m_0119,
/Users/khensanichabalala/DSFSI/MultilingualASR/MultilingualASR/experiments/sepedi-asr-eda/dataset/nchlt_nso/audio/502/nchlt_nso_502m_0092.wav,nchlt_nso_502m_0092,
/Users/khensanichabalala/DSFSI/MultilingualASR/MultilingualASR/experiments/sepedi-asr-eda/dataset/nchlt_nso/audio/502/nchlt_nso_502m_0079.wav,nchlt_nso_502m_0079,
/Users/khensanichabalala/DSFSI/MultilingualASR/MultilingualASR/experiments/sepedi-asr-eda/dataset/nchlt_nso/audio/502/nchlt_nso_502m_0051.wav,nchlt_nso_502m_0051,
/Users/khensanichabalala/DSFSI/MultilingualASR/MultilingualASR/experiments/sepedi-asr-eda/dataset/nchlt_nso/audio/502/nchlt_nso_502m_0284.wav,nchlt_nso_502m_0284,
/Users/khensanichabalala/DSFSI/MultilingualASR/MultilingualASR/experiments/sepedi-asr-eda/dataset/nchlt_nso/audio/502/nchlt_nso_502m_0509.wav,nchlt_nso_502m_0509,
/Users/khensanichabalala/DSFSI/MultilingualASR/MultilingualASR/experiments/sepedi-asr-eda/dataset/nchlt_nso/audio/502/nchlt_nso_502m_0247.wav,nchlt_nso_502m_0247,
/Users/khensanichabalala/DSFSI/MultilingualASR/MultilingualASR/experiments/sepedi-asr-eda/dataset/nchlt_nso/audio/502/nchlt_nso_502m_0521.wav,nchlt_nso_502m_0521,
/Users/khensanichabalala/DSFSI/MultilingualASR/MultilingualASR/experiments/sepedi-asr-eda/dataset/nchlt_nso/audio/502/nchlt_nso_502m_0535.wav,nchlt_nso_502m_0535,
/Users/khensanichabalala/DSFSI/MultilingualASR/MultilingualASR/experiments/sepedi-asr-eda/dataset/nchlt_nso/audio/502/nchlt_nso_502m_0253.wav,nchlt_nso_502m_0253,
/Users/khensanichabalala/DSFSI/MultilingualASR/MultilingualASR/experiments/sepedi-asr-eda/dataset/nchlt_nso/audio/502/nchlt_nso_502m_0534.wav,nchlt_nso_502m_0534,
/Users/khensanichabalala/DSFSI/MultilingualASR/MultilingualASR/experiments/sepedi-asr-eda/dataset/nchlt_nso/audio/502/nchlt_nso_502m_0252.wav,nchlt_nso_502m_0252,
/Users/khensanichabalala/DSFSI/MultilingualASR/MultilingualASR/experiments/sepedi-asr-eda/dataset/nchlt_nso/audio/502/nchlt_nso_502m_0246.wav,nchlt_nso_502m_0246,
/Users/khensanichabalala/DSFSI/MultilingualASR/MultilingualASR/experiments/sepedi-asr-eda/dataset/nchlt_nso/audio/502/nchlt_nso_502m_0520.wav,nchlt_nso_502m_0520,
/Users/khensanichabalala/DSFSI/MultilingualASR/MultilingualASR/experiments/sepedi-asr-eda/dataset/nchlt_nso/audio/502/nchlt_nso_502m_0508.wav,nchlt_nso_502m_0508,
/Users/khensanichabalala/DSFSI/MultilingualASR/MultilingualASR/experiments/sepedi-asr-eda/dataset/nchlt_nso/audio/502/nchlt_nso_502m_0285.wav,nchlt_nso_502m_0285,
/Users/khensanichabalala/DSFSI/MultilingualASR/MultilingualASR/experiments/sepedi-asr-eda/dataset/nchlt_nso/audio/502/nchlt_nso_502m_0050.wav,nchlt_nso_502m_0050,
/Users/khensanichabalala/DSFSI/MultilingualASR/MultilingualASR/experiments/sepedi-asr-eda/dataset/nchlt_nso/audio/502/nchlt_nso_502m_0044.wav,nchlt_nso_502m_0044,
/Users/khensanichabalala/DSFSI/MultilingualASR/MultilingualASR/experiments/sepedi-asr-eda/dataset/nchlt_nso/audio/502/nchlt_nso_502m_0078.wav,nchlt_nso_502m_0078,
/Users/khensanichabalala/DSFSI/MultilingualASR/MultilingualASR/experiments/sepedi-asr-eda/dataset/nchlt_nso/audio/502/nchlt_nso_502m_0093.wav,nchlt_nso_502m_0093,
/Users/khensanichabalala/DSFSI/MultilingualASR/MultilingualASR/experiments/sepedi-asr-eda/dataset/nchlt_nso/audio/502/nchlt_nso_502m_0087.wav,nchlt_nso_502m_0087,
/Users/khensanichabalala/DSFSI/MultilingualASR/MultilingualASR/experiments/sepedi-asr-eda/dataset/nchlt_nso/audio/502/nchlt_nso_502m_0124.wav,nchlt_nso_502m_0124,
/Users/khensanichabalala/DSFSI/MultilingualASR/MultilingualASR/experiments/sepedi-asr-eda/dataset/nchlt_nso/audio/502/nchlt_nso_502m_0440.wav,nchlt_nso_502m_0440,
/Users/khensanichabalala/DSFSI/MultilingualASR/MultilingualASR/experiments/sepedi-asr-eda/dataset/nchlt_nso/audio/502/nchlt_nso_502m_0332.wav,nchlt_nso_502m_0332,
/Users/khensanichabalala/DSFSI/MultilingualASR/MultilingualASR/experiments/sepedi-asr-eda/dataset/nchlt_nso/audio/502/nchlt_nso_502m_0483.wav,nchlt_nso_502m_0483,
/Users/khensanichabalala/DSFSI/MultilingualASR/MultilingualASR/experiments/sepedi-asr-eda/dataset/nchlt_nso/audio/502/nchlt_nso_502m_0497.wav,nchlt_nso_502m_0497,
/Users/khensanichabalala/DSFSI/MultilingualASR/MultilingualASR/experiments/sepedi-asr-eda/dataset/nchlt_nso/audio/502/nchlt_nso_502m_0481.wav,nchlt_nso_502m_0481,
/Users/khensanichabalala/DSFSI/MultilingualASR/MultilingualASR/experiments/sepedi-asr-eda/dataset/nchlt_nso/audio/502/nchlt_nso_502m_0495.wav,nchlt_nso_502m_0495,
/Users/khensanichabalala/DSFSI/MultilingualASR/MultilingualASR/experiments/sepedi-asr-eda/dataset/nchlt_nso/audio/502/nchlt_nso_502m_0318.wav,nchlt_nso_502m_0318,
/Users/khensanichabalala/DSFSI/MultilingualASR/MultilingualASR/experiments/sepedi-asr-eda/dataset/nchlt_nso/audio/502/nchlt_nso_502m_0324.wav,nchlt_nso_502m_0324,
/Users/khensanichabalala/DSFSI/MultilingualASR/MultilingualASR/experiments/sepedi-asr-eda/dataset/nchlt_nso/audio/502/nchlt_nso_502m_0456.wav,nchlt_nso_502m_0456,
/Users/khensanichabalala/DSFSI/MultilingualASR/MultilingualASR/experiments/sepedi-asr-eda/dataset/nchlt_nso/audio/502/nchlt_nso_502m_0330.wav,nchlt_nso_502m_0330,
/Users/khensanichabalala/DSFSI/MultilingualASR/MultilingualASR/experiments/sepedi-asr-eda/dataset/nchlt_nso/audio/502/nchlt_nso_502m_0126.wav,nchlt_nso_502m_0126,
/Users/khensanichabalala/DSFSI/MultilingualASR/MultilingualASR/experiments/sepedi-asr-eda/dataset/nchlt_nso/audio/502/nchlt_nso_502m_0132.wav,nchlt_nso_502m_0132,
/Users/khensanichabalala/DSFSI/MultilingualASR/MultilingualASR/experiments/sepedi-asr-eda/dataset/nchlt_nso/audio/502/nchlt_nso_502m_0085.wav,nchlt_nso_502m_0085,
/Users/khensanichabalala/DSFSI/MultilingualASR/MultilingualASR/experiments/sepedi-asr-eda/dataset/nchlt_nso/audio/502/nchlt_nso_502m_0052.wav,nchlt_nso_502m_0052,
/Users/khensanichabalala/DSFSI/MultilingualASR/MultilingualASR/experiments/sepedi-asr-eda/dataset/nchlt_nso/audio/502/nchlt_nso_502m_0046.wav,nchlt_nso_502m_0046,
/Users/khensanichabalala/DSFSI/MultilingualASR/MultilingualASR/experiments/sepedi-asr-eda/dataset/nchlt_nso/audio/502/nchlt_nso_502m_0278.wav,nchlt_nso_502m_0278,
/Users/khensanichabalala/DSFSI/MultilingualASR/MultilingualASR/experiments/sepedi-asr-eda/dataset/nchlt_nso/audio/502/nchlt_nso_502m_0250.wav,nchlt_nso_502m_0250,
/Users/khensanichabalala/DSFSI/MultilingualASR/MultilingualASR/experiments/sepedi-asr-eda/dataset/nchlt_nso/audio/502/nchlt_nso_502m_0536.wav,nchlt_nso_502m_0536,
/Users/khensanichabalala/DSFSI/MultilingualASR/MultilingualASR/experiments/sepedi-asr-eda/dataset/nchlt_nso/audio/502/nchlt_nso_502m_0522.wav,nchlt_nso_502m_0522,
/Users/khensanichabalala/DSFSI/MultilingualASR/MultilingualASR/experiments/sepedi-asr-eda/dataset/nchlt_nso/audio/502/nchlt_nso_502m_0244.wav,nchlt_nso_502m_0244,
/Users/khensanichabalala/DSFSI/MultilingualASR/MultilingualASR/experiments/sepedi-asr-eda/dataset/nchlt_nso/audio/502/nchlt_nso_502m_0523.wav,nchlt_nso_502m_0523,
/Users/khensanichabalala/DSFSI/MultilingualASR/MultilingualASR/experiments/sepedi-asr-eda/dataset/nchlt_nso/audio/502/nchlt_nso_502m_0251.wav,nchlt_nso_502m_0251,
/Users/khensanichabalala/DSFSI/MultilingualASR/MultilingualASR/experiments/sepedi-asr-eda/dataset/nchlt_nso/audio/502/nchlt_nso_502m_0537.wav,nchlt_nso_502m_0537,
/Users/khensanichabalala/DSFSI/MultilingualASR/MultilingualASR/experiments/sepedi-asr-eda/dataset/nchlt_nso/audio/502/nchlt_nso_502m_0279.wav,nchlt_nso_502m_0279,
/Users/khensanichabalala/DSFSI/MultilingualASR/MultilingualASR/experiments/sepedi-asr-eda/dataset/nchlt_nso/audio/502/nchlt_nso_502m_0286.wav,nchlt_nso_502m_0286,
/Users/khensanichabalala/DSFSI/MultilingualASR/MultilingualASR/experiments/sepedi-asr-eda/dataset/nchlt_nso/audio/502/nchlt_nso_502m_0047.wav,nchlt_nso_502m_0047,
/Users/khensanichabalala/DSFSI/MultilingualASR/MultilingualASR/experiments/sepedi-asr-eda/dataset/nchlt_nso/audio/502/nchlt_nso_502m_0053.wav,nchlt_nso_502m_0053,
/Users/khensanichabalala/DSFSI/MultilingualASR/MultilingualASR/experiments/sepedi-asr-eda/dataset/nchlt_nso/audio/502/nchlt_nso_502m_0084.wav,nchlt_nso_502m_0084,
/Users/khensanichabalala/DSFSI/MultilingualASR/MultilingualASR/experiments/sepedi-asr-eda/dataset/nchlt_nso/audio/502/nchlt_nso_502m_0127.wav,nchlt_nso_502m_0127,
/Users/khensanichabalala/DSFSI/MultilingualASR/MultilingualASR/experiments/sepedi-asr-eda/dataset/nchlt_nso/audio/502/nchlt_nso_502m_0457.wav,nchlt_nso_502m_0457,
/Users/khensanichabalala/DSFSI/MultilingualASR/MultilingualASR/experiments/sepedi-asr-eda/dataset/nchlt_nso/audio/502/nchlt_nso_502m_0325.wav,nchlt_nso_502m_0325,
/Users/khensanichabalala/DSFSI/MultilingualASR/MultilingualASR/experiments/sepedi-asr-eda/dataset/nchlt_nso/audio/502/nchlt_nso_502m_0443.wav,nchlt_nso_502m_0443,
/Users/khensanichabalala/DSFSI/MultilingualASR/MultilingualASR/experiments/sepedi-asr-eda/dataset/nchlt_nso/audio/502/nchlt_nso_502m_0319.wav,nchlt_nso_502m_0319,
/Users/khensanichabalala/DSFSI/MultilingualASR/MultilingualASR/experiments/sepedi-asr-eda/dataset/nchlt_nso/audio/502/nchlt_nso_502m_0494.wav,nchlt_nso_502m_0494,
/Users/khensanichabalala/DSFSI/MultilingualASR/MultilingualASR/experiments/sepedi-asr-eda/dataset/nchlt_nso/audio/502/nchlt_nso_502m_0480.wav,nchlt_nso_502m_0480,
/Users/khensanichabalala/DSFSI/MultilingualASR/MultilingualASR/experiments/sepedi-asr-eda/dataset/nchlt_nso/audio/505/nchlt_nso_505m_0402.wav,nchlt_nso_505m_0402,
/Users/khensanichabalala/DSFSI/MultilingualASR/MultilingualASR/experiments/sepedi-asr-eda/dataset/nchlt_nso/audio/505/nchlt_nso_505m_0364.wav,nchlt_nso_505m_0364,
/Users/khensanichabalala/DSFSI/MultilingualASR/MultilingualASR/experiments/sepedi-asr-eda/dataset/nchlt_nso/audio/505/nchlt_nso_505m_0370.wav,nchlt_nso_505m_0370,
/Users/khensanichabalala/DSFSI/MultilingualASR/MultilingualASR/experiments/sepedi-asr-eda/dataset/nchlt_nso/audio/505/nchlt_nso_505m_0416.wav,nchlt_nso_505m_0416,
/Users/khensanichabalala/DSFSI/MultilingualASR/MultilingualASR/experiments/sepedi-asr-eda/dataset/nchlt_nso/audio/505/nchlt_nso_505m_0166.wav,nchlt_nso_505m_0166,
/Users/khensanichabalala/DSFSI/MultilingualASR/MultilingualASR/experiments/sepedi-asr-eda/dataset/nchlt_nso/audio/505/nchlt_nso_505m_0600.wav,nchlt_nso_505m_0600,
/Users/khensanichabalala/DSFSI/MultilingualASR/MultilingualASR/experiments/sepedi-asr-eda/dataset/nchlt_nso/audio/505/nchlt_nso_505m_0172.wav,nchlt_nso_505m_0172,
/Users/khensanichabalala/DSFSI/MultilingualASR/MultilingualASR/experiments/sepedi-asr-eda/dataset/nchlt_nso/audio/505/nchlt_nso_505m_0012.wav,nchlt_nso_505m_0012,
/Users/khensanichabalala/DSFSI/MultilingualASR/MultilingualASR/experiments/sepedi-asr-eda/dataset/nchlt_nso/audio/505/nchlt_nso_505m_0576.wav,nchlt_nso_505m_0576,
/Users/khensanichabalala/DSFSI/MultilingualASR/MultilingualASR/experiments/sepedi-asr-eda/dataset/nchlt_nso/audio/505/nchlt_nso_505m_0210.wav,nchlt_nso_505m_0210,
/Users/khensanichabalala/DSFSI/MultilingualASR/MultilingualASR/experiments/sepedi-asr-eda/dataset/nchlt_nso/audio/505/nchlt_nso_505m_0562.wav,nchlt_nso_505m_0562,
/Users/khensanichabalala/DSFSI/MultilingualASR/MultilingualASR/experiments/sepedi-asr-eda/dataset/nchlt_nso/audio/505/nchlt_nso_505m_0589.wav,nchlt_nso_505m_0589,
/Users/khensanichabalala/DSFSI/MultilingualASR/MultilingualASR/experiments/sepedi-asr-eda/dataset/nchlt_nso/audio/505/nchlt_nso_505m_0588.wav,nchlt_nso_505m_0588,
/Users/khensanichabalala/DSFSI/MultilingualASR/MultilingualASR/experiments/sepedi-asr-eda/dataset/nchlt_nso/audio/505/nchlt_nso_505m_0239.wav,nchlt_nso_505m_0239,
/Users/khensanichabalala/DSFSI/MultilingualASR/MultilingualASR/experiments/sepedi-asr-eda/dataset/nchlt_nso/audio/505/nchlt_nso_505m_0211.wav,nchlt_nso_505m_0211,
/Users/khensanichabalala/DSFSI/MultilingualASR/MultilingualASR/experiments/sepedi-asr-eda/dataset/nchlt_nso/audio/505/nchlt_nso_505m_0013.wav,nchlt_nso_505m_0013,
/Users/khensanichabalala/DSFSI/MultilingualASR/MultilingualASR/experiments/sepedi-asr-eda/dataset/nchlt_nso/audio/505/nchlt_nso_505m_0601.wav,nchlt_nso_505m_0601,
/Users/khensanichabalala/DSFSI/MultilingualASR/MultilingualASR/experiments/sepedi-asr-eda/dataset/nchlt_nso/audio/505/nchlt_nso_505m_0359.wav,nchlt_nso_505m_0359,
/Users/khensanichabalala/DSFSI/MultilingualASR/MultilingualASR/experiments/sepedi-asr-eda/dataset/nchlt_nso/audio/505/nchlt_nso_505m_0371.wav,nchlt_nso_505m_0371,
/Users/khensanichabalala/DSFSI/MultilingualASR/MultilingualASR/experiments/sepedi-asr-eda/dataset/nchlt_nso/audio/505/nchlt_nso_505m_0417.wav,nchlt_nso_505m_0417,
/Users/khensanichabalala/DSFSI/MultilingualASR/MultilingualASR/experiments/sepedi-asr-eda/dataset/nchlt_nso/audio/505/nchlt_nso_505m_0403.wav,nchlt_nso_505m_0403,
/Users/khensanichabalala/DSFSI/MultilingualASR/MultilingualASR/experiments/sepedi-asr-eda/dataset/nchlt_nso/audio/505/nchlt_nso_505m_0365.wav,nchlt_nso_505m_0365,
/Users/khensanichabalala/DSFSI/MultilingualASR/MultilingualASR/experiments/sepedi-asr-eda/dataset/nchlt_nso/audio/505/nchlt_nso_505m_0398.wav,nchlt_nso_505m_0398,
/Users/khensanichabalala/DSFSI/MultilingualASR/MultilingualASR/experiments/sepedi-asr-eda/dataset/nchlt_nso/audio/505/nchlt_nso_505m_0171.wav,nchlt_nso_505m_0171,
/Users/khensanichabalala/DSFSI/MultilingualASR/MultilingualASR/experiments/sepedi-asr-eda/dataset/nchlt_nso/audio/505/nchlt_nso_505m_0603.wav,nchlt_nso_505m_0603,
/Users/khensanichabalala/DSFSI/MultilingualASR/MultilingualASR/experiments/sepedi-asr-eda/dataset/nchlt_nso/audio/505/nchlt_nso_505m_0159.wav,nchlt_nso_505m_0159,
/Users/khensanichabalala/DSFSI/MultilingualASR/MultilingualASR/experiments/sepedi-asr-eda/dataset/nchlt_nso/audio/505/nchlt_nso_505m_0561.wav,nchlt_nso_505m_0561,
/Users/khensanichabalala/DSFSI/MultilingualASR/MultilingualASR/experiments/sepedi-asr-eda/dataset/nchlt_nso/audio/505/nchlt_nso_505m_0207.wav,nchlt_nso_505m_0207,
/Users/khensanichabalala/DSFSI/MultilingualASR/MultilingualASR/experiments/sepedi-asr-eda/dataset/nchlt_nso/audio/505/nchlt_nso_505m_0575.wav,nchlt_nso_505m_0575,
/Users/khensanichabalala/DSFSI/MultilingualASR/MultilingualASR/experiments/sepedi-asr-eda/dataset/nchlt_nso/audio/505/nchlt_nso_505m_0549.wav,nchlt_nso_505m_0549,
/Users/khensanichabalala/DSFSI/MultilingualASR/MultilingualASR/experiments/sepedi-asr-eda/dataset/nchlt_nso/audio/505/nchlt_nso_505m_0574.wav,nchlt_nso_505m_0574,
/Users/khensanichabalala/DSFSI/MultilingualASR/MultilingualASR/experiments/sepedi-asr-eda/dataset/nchlt_nso/audio/505/nchlt_nso_505m_0560.wav,nchlt_nso_505m_0560,
/Users/khensanichabalala/DSFSI/MultilingualASR/MultilingualASR/experiments/sepedi-asr-eda/dataset/nchlt_nso/audio/505/nchlt_nso_505m_0206.wav,nchlt_nso_505m_0206,
/Users/khensanichabalala/DSFSI/MultilingualASR/MultilingualASR/experiments/sepedi-asr-eda/dataset/nchlt_nso/audio/505/nchlt_nso_505m_0010.wav,nchlt_nso_505m_0010,
/Users/khensanichabalala/DSFSI/MultilingualASR/MultilingualASR/experiments/sepedi-asr-eda/dataset/nchlt_nso/audio/505/nchlt_nso_505m_0164.wav,nchlt_nso_505m_0164,
/Users/khensanichabalala/DSFSI/MultilingualASR/MultilingualASR/experiments/sepedi-asr-eda/dataset/nchlt_nso/audio/505/nchlt_nso_505m_0399.wav,nchlt_nso_505m_0399,
/Users/khensanichabalala/DSFSI/MultilingualASR/MultilingualASR/experiments/sepedi-asr-eda/dataset/nchlt_nso/audio/505/nchlt_nso_505m_0428.wav,nchlt_nso_505m_0428,
/Users/khensanichabalala/DSFSI/MultilingualASR/MultilingualASR/experiments/sepedi-asr-eda/dataset/nchlt_nso/audio/505/nchlt_nso_505m_0400.wav,nchlt_nso_505m_0400,
/Users/khensanichabalala/DSFSI/MultilingualASR/MultilingualASR/experiments/sepedi-asr-eda/dataset/nchlt_nso/audio/505/nchlt_nso_505m_0372.wav,nchlt_nso_505m_0372,
/Users/khensanichabalala/DSFSI/MultilingualASR/MultilingualASR/experiments/sepedi-asr-eda/dataset/nchlt_nso/audio/505/nchlt_nso_505m_0438.wav,nchlt_nso_505m_0438,
/Users/khensanichabalala/DSFSI/MultilingualASR/MultilingualASR/experiments/sepedi-asr-eda/dataset/nchlt_nso/audio/505/nchlt_nso_505m_0376.wav,nchlt_nso_505m_0376,
/Users/khensanichabalala/DSFSI/MultilingualASR/MultilingualASR/experiments/sepedi-asr-eda/dataset/nchlt_nso/audio/505/nchlt_nso_505m_0404.wav,nchlt_nso_505m_0404,
/Users/khensanichabalala/DSFSI/MultilingualASR/MultilingualASR/experiments/sepedi-asr-eda/dataset/nchlt_nso/audio/505/nchlt_nso_505m_0362.wav,nchlt_nso_505m_0362,
/Users/khensanichabalala/DSFSI/MultilingualASR/MultilingualASR/experiments/sepedi-asr-eda/dataset/nchlt_nso/audio/505/nchlt_nso_505m_0389.wav,nchlt_nso_505m_0389,
/Users/khensanichabalala/DSFSI/MultilingualASR/MultilingualASR/experiments/sepedi-asr-eda/dataset/nchlt_nso/audio/505/nchlt_nso_505m_0174.wav,nchlt_nso_505m_0174,
/Users/khensanichabalala/DSFSI/MultilingualASR/MultilingualASR/experiments/sepedi-asr-eda/dataset/nchlt_nso/audio/505/nchlt_nso_505m_0014.wav,nchlt_nso_505m_0014,
/Users/khensanichabalala/DSFSI/MultilingualASR/MultilingualASR/experiments/sepedi-asr-eda/dataset/nchlt_nso/audio/505/nchlt_nso_505m_0564.wav,nchlt_nso_505m_0564,
/Users/khensanichabalala/DSFSI/MultilingualASR/MultilingualASR/experiments/sepedi-asr-eda/dataset/nchlt_nso/audio/505/nchlt_nso_505m_0570.wav,nchlt_nso_505m_0570,
/Users/khensanichabalala/DSFSI/MultilingualASR/MultilingualASR/experiments/sepedi-asr-eda/dataset/nchlt_nso/audio/505/nchlt_nso_505m_0571.wav,nchlt_nso_505m_0571,
/Users/khensanichabalala/DSFSI/MultilingualASR/MultilingualASR/experiments/sepedi-asr-eda/dataset/nchlt_nso/audio/505/nchlt_nso_505m_0203.wav,nchlt_nso_505m_0203,
/Users/khensanichabalala/DSFSI/MultilingualASR/MultilingualASR/experiments/sepedi-asr-eda/dataset/nchlt_nso/audio/505/nchlt_nso_505m_0015.wav,nchlt_nso_505m_0015,
/Users/khensanichabalala/DSFSI/MultilingualASR/MultilingualASR/experiments/sepedi-asr-eda/dataset/nchlt_nso/audio/505/nchlt_nso_505m_0001.wav,nchlt_nso_505m_0001,
/Users/khensanichabalala/DSFSI/MultilingualASR/MultilingualASR/experiments/sepedi-asr-eda/dataset/nchlt_nso/audio/505/nchlt_nso_505m_0029.wav,nchlt_nso_505m_0029,
/Users/khensanichabalala/DSFSI/MultilingualASR/MultilingualASR/experiments/sepedi-asr-eda/dataset/nchlt_nso/audio/505/nchlt_nso_505m_0161.wav,nchlt_nso_505m_0161,
/Users/khensanichabalala/DSFSI/MultilingualASR/MultilingualASR/experiments/sepedi-asr-eda/dataset/nchlt_nso/audio/505/nchlt_nso_505m_0363.wav,nchlt_nso_505m_0363,
/Users/khensanichabalala/DSFSI/MultilingualASR/MultilingualASR/experiments/sepedi-asr-eda/dataset/nchlt_nso/audio/505/nchlt_nso_505m_0377.wav,nchlt_nso_505m_0377,
/Users/khensanichabalala/DSFSI/MultilingualASR/MultilingualASR/experiments/sepedi-asr-eda/dataset/nchlt_nso/audio/505/nchlt_nso_505m_0439.wav,nchlt_nso_505m_0439,
/Users/khensanichabalala/DSFSI/MultilingualASR/MultilingualASR/experiments/sepedi-asr-eda/dataset/nchlt_nso/audio/505/nchlt_nso_505m_0349.wav,nchlt_nso_505m_0349,
/Users/khensanichabalala/DSFSI/MultilingualASR/MultilingualASR/experiments/sepedi-asr-eda/dataset/nchlt_nso/audio/505/nchlt_nso_505m_0361.wav,nchlt_nso_505m_0361,
/Users/khensanichabalala/DSFSI/MultilingualASR/MultilingualASR/experiments/sepedi-asr-eda/dataset/nchlt_nso/audio/505/nchlt_nso_505m_0407.wav,nchlt_nso_505m_0407,
/Users/khensanichabalala/DSFSI/MultilingualASR/MultilingualASR/experiments/sepedi-asr-eda/dataset/nchlt_nso/audio/505/nchlt_nso_505m_0605.wav,nchlt_nso_505m_0605,
/Users/khensanichabalala/DSFSI/MultilingualASR/MultilingualASR/experiments/sepedi-asr-eda/dataset/nchlt_nso/audio/505/nchlt_nso_505m_0163.wav,nchlt_nso_505m_0163,
/Users/khensanichabalala/DSFSI/MultilingualASR/MultilingualASR/experiments/sepedi-asr-eda/dataset/nchlt_nso/audio/505/nchlt_nso_505m_0177.wav,nchlt_nso_505m_0177,
/Users/khensanichabalala/DSFSI/MultilingualASR/MultilingualASR/experiments/sepedi-asr-eda/dataset/nchlt_nso/audio/505/nchlt_nso_505m_0188.wav,nchlt_nso_505m_0188,
/Users/khensanichabalala/DSFSI/MultilingualASR/MultilingualASR/experiments/sepedi-asr-eda/dataset/nchlt_nso/audio/505/nchlt_nso_505m_0003.wav,nchlt_nso_505m_0003,
/Users/khensanichabalala/DSFSI/MultilingualASR/MultilingualASR/experiments/sepedi-asr-eda/dataset/nchlt_nso/audio/505/nchlt_nso_505m_0229.wav,nchlt_nso_505m_0229,
/Users/khensanichabalala/DSFSI/MultilingualASR/MultilingualASR/experiments/sepedi-asr-eda/dataset/nchlt_nso/audio/505/nchlt_nso_505m_0215.wav,nchlt_nso_505m_0215,
/Users/khensanichabalala/DSFSI/MultilingualASR/MultilingualASR/experiments/sepedi-asr-eda/dataset/nchlt_nso/audio/505/nchlt_nso_505m_0567.wav,nchlt_nso_505m_0567,
/Users/khensanichabalala/DSFSI/MultilingualASR/MultilingualASR/experiments/sepedi-asr-eda/dataset/nchlt_nso/audio/505/nchlt_nso_505m_0201.wav,nchlt_nso_505m_0201,
/Users/khensanichabalala/DSFSI/MultilingualASR/MultilingualASR/experiments/sepedi-asr-eda/dataset/nchlt_nso/audio/505/nchlt_nso_505m_0599.wav,nchlt_nso_505m_0599,
/Users/khensanichabalala/DSFSI/MultilingualASR/MultilingualASR/experiments/sepedi-asr-eda/dataset/nchlt_nso/audio/505/nchlt_nso_505m_0228.wav,nchlt_nso_505m_0228,
/Users/khensanichabalala/DSFSI/MultilingualASR/MultilingualASR/experiments/sepedi-asr-eda/dataset/nchlt_nso/audio/505/nchlt_nso_505m_0002.wav,nchlt_nso_505m_0002,
/Users/khensanichabalala/DSFSI/MultilingualASR/MultilingualASR/experiments/sepedi-asr-eda/dataset/nchlt_nso/audio/505/nchlt_nso_505m_0016.wav,nchlt_nso_505m_0016,
/Users/khensanichabalala/DSFSI/MultilingualASR/MultilingualASR/experiments/sepedi-asr-eda/dataset/nchlt_nso/audio/505/nchlt_nso_505m_0189.wav,nchlt_nso_505m_0189,
/Users/khensanichabalala/DSFSI/MultilingualASR/MultilingualASR/experiments/sepedi-asr-eda/dataset/nchlt_nso/audio/505/nchlt_nso_505m_0176.wav,nchlt_nso_505m_0176,
/Users/khensanichabalala/DSFSI/MultilingualASR/MultilingualASR/experiments/sepedi-asr-eda/dataset/nchlt_nso/audio/505/nchlt_nso_505m_0604.wav,nchlt_nso_505m_0604,
/Users/khensanichabalala/DSFSI/MultilingualASR/MultilingualASR/experiments/sepedi-asr-eda/dataset/nchlt_nso/audio/505/nchlt_nso_505m_0162.wav,nchlt_nso_505m_0162,
/Users/khensanichabalala/DSFSI/MultilingualASR/MultilingualASR/experiments/sepedi-asr-eda/dataset/nchlt_nso/audio/505/nchlt_nso_505m_0412.wav,nchlt_nso_505m_0412,
/Users/khensanichabalala/DSFSI/MultilingualASR/MultilingualASR/experiments/sepedi-asr-eda/dataset/nchlt_nso/audio/505/nchlt_nso_505m_0374.wav,nchlt_nso_505m_0374,
/Users/khensanichabalala/DSFSI/MultilingualASR/MultilingualASR/experiments/sepedi-asr-eda/dataset/nchlt_nso/audio/505/nchlt_nso_505m_0406.wav,nchlt_nso_505m_0406,
/Users/khensanichabalala/DSFSI/MultilingualASR/MultilingualASR/experiments/sepedi-asr-eda/dataset/nchlt_nso/audio/505/nchlt_nso_505m_0348.wav,nchlt_nso_505m_0348,
/Users/khensanichabalala/DSFSI/MultilingualASR/MultilingualASR/experiments/sepedi-asr-eda/dataset/nchlt_nso/audio/505/nchlt_nso_505m_0307.wav,nchlt_nso_505m_0307,
/Users/khensanichabalala/DSFSI/MultilingualASR/MultilingualASR/experiments/sepedi-asr-eda/dataset/nchlt_nso/audio/505/nchlt_nso_505m_0475.wav,nchlt_nso_505m_0475,
/Users/khensanichabalala/DSFSI/MultilingualASR/MultilingualASR/experiments/sepedi-asr-eda/dataset/nchlt_nso/audio/505/nchlt_nso_505m_0313.wav,nchlt_nso_505m_0313,
/Users/khensanichabalala/DSFSI/MultilingualASR/MultilingualASR/experiments/sepedi-asr-eda/dataset/nchlt_nso/audio/505/nchlt_nso_505m_0449.wav,nchlt_nso_505m_0449,
/Users/khensanichabalala/DSFSI/MultilingualASR/MultilingualASR/experiments/sepedi-asr-eda/dataset/nchlt_nso/audio/505/nchlt_nso_505m_0111.wav,nchlt_nso_505m_0111,
/Users/khensanichabalala/DSFSI/MultilingualASR/MultilingualASR/experiments/sepedi-asr-eda/dataset/nchlt_nso/audio/505/nchlt_nso_505m_0071.wav,nchlt_nso_505m_0071,
/Users/khensanichabalala/DSFSI/MultilingualASR/MultilingualASR/experiments/sepedi-asr-eda/dataset/nchlt_nso/audio/505/nchlt_nso_505m_0065.wav,nchlt_nso_505m_0065,
/Users/khensanichabalala/DSFSI/MultilingualASR/MultilingualASR/experiments/sepedi-asr-eda/dataset/nchlt_nso/audio/505/nchlt_nso_505m_0273.wav,nchlt_nso_505m_0273,
/Users/khensanichabalala/DSFSI/MultilingualASR/MultilingualASR/experiments/sepedi-asr-eda/dataset/nchlt_nso/audio/505/nchlt_nso_505m_0515.wav,nchlt_nso_505m_0515,
/Users/khensanichabalala/DSFSI/MultilingualASR/MultilingualASR/experiments/sepedi-asr-eda/dataset/nchlt_nso/audio/505/nchlt_nso_505m_0267.wav,nchlt_nso_505m_0267,
/Users/khensanichabalala/DSFSI/MultilingualASR/MultilingualASR/experiments/sepedi-asr-eda/dataset/nchlt_nso/audio/505/nchlt_nso_505m_0298.wav,nchlt_nso_505m_0298,
/Users/khensanichabalala/DSFSI/MultilingualASR/MultilingualASR/experiments/sepedi-asr-eda/dataset/nchlt_nso/audio/505/nchlt_nso_505m_0299.wav,nchlt_nso_505m_0299,
/Users/khensanichabalala/DSFSI/MultilingualASR/MultilingualASR/experiments/sepedi-asr-eda/dataset/nchlt_nso/audio/505/nchlt_nso_505m_0528.wav,nchlt_nso_505m_0528,
/Users/khensanichabalala/DSFSI/MultilingualASR/MultilingualASR/experiments/sepedi-asr-eda/dataset/nchlt_nso/audio/505/nchlt_nso_505m_0500.wav,nchlt_nso_505m_0500,
/Users/khensanichabalala/DSFSI/MultilingualASR/MultilingualASR/experiments/sepedi-asr-eda/dataset/nchlt_nso/audio/505/nchlt_nso_505m_0272.wav,nchlt_nso_505m_0272,
/Users/khensanichabalala/DSFSI/MultilingualASR/MultilingualASR/experiments/sepedi-asr-eda/dataset/nchlt_nso/audio/505/nchlt_nso_505m_0058.wav,nchlt_nso_505m_0058,
/Users/khensanichabalala/DSFSI/MultilingualASR/MultilingualASR/experiments/sepedi-asr-eda/dataset/nchlt_nso/audio/505/nchlt_nso_505m_0064.wav,nchlt_nso_505m_0064,
/Users/khensanichabalala/DSFSI/MultilingualASR/MultilingualASR/experiments/sepedi-asr-eda/dataset/nchlt_nso/audio/505/nchlt_nso_505m_0104.wav,nchlt_nso_505m_0104,
/Users/khensanichabalala/DSFSI/MultilingualASR/MultilingualASR/experiments/sepedi-asr-eda/dataset/nchlt_nso/audio/505/nchlt_nso_505m_0448.wav,nchlt_nso_505m_0448,
/Users/khensanichabalala/DSFSI/MultilingualASR/MultilingualASR/experiments/sepedi-asr-eda/dataset/nchlt_nso/audio/505/nchlt_nso_505m_0474.wav,nchlt_nso_505m_0474,
/Users/khensanichabalala/DSFSI/MultilingualASR/MultilingualASR/experiments/sepedi-asr-eda/dataset/nchlt_nso/audio/505/nchlt_nso_505m_0312.wav,nchlt_nso_505m_0312,
/Users/khensanichabalala/DSFSI/MultilingualASR/MultilingualASR/experiments/sepedi-asr-eda/dataset/nchlt_nso/audio/505/nchlt_nso_505m_0310.wav,nchlt_nso_505m_0310,
/Users/khensanichabalala/DSFSI/MultilingualASR/MultilingualASR/experiments/sepedi-asr-eda/dataset/nchlt_nso/audio/505/nchlt_nso_505m_0476.wav,nchlt_nso_505m_0476,
/Users/khensanichabalala/DSFSI/MultilingualASR/MultilingualASR/experiments/sepedi-asr-eda/dataset/nchlt_nso/audio/505/nchlt_nso_505m_0462.wav,nchlt_nso_505m_0462,
/Users/khensanichabalala/DSFSI/MultilingualASR/MultilingualASR/experiments/sepedi-asr-eda/dataset/nchlt_nso/audio/505/nchlt_nso_505m_0304.wav,nchlt_nso_505m_0304,
/Users/khensanichabalala/DSFSI/MultilingualASR/MultilingualASR/experiments/sepedi-asr-eda/dataset/nchlt_nso/audio/505/nchlt_nso_505m_0489.wav,nchlt_nso_505m_0489,
/Users/khensanichabalala/DSFSI/MultilingualASR/MultilingualASR/experiments/sepedi-asr-eda/dataset/nchlt_nso/audio/505/nchlt_nso_505m_0112.wav,nchlt_nso_505m_0112,
/Users/khensanichabalala/DSFSI/MultilingualASR/MultilingualASR/experiments/sepedi-asr-eda/dataset/nchlt_nso/audio/505/nchlt_nso_505m_0072.wav,nchlt_nso_505m_0072,
/Users/khensanichabalala/DSFSI/MultilingualASR/MultilingualASR/experiments/sepedi-asr-eda/dataset/nchlt_nso/audio/505/nchlt_nso_505m_0099.wav,nchlt_nso_505m_0099,
/Users/khensanichabalala/DSFSI/MultilingualASR/MultilingualASR/experiments/sepedi-asr-eda/dataset/nchlt_nso/audio/505/nchlt_nso_505m_0264.wav,nchlt_nso_505m_0264,
/Users/khensanichabalala/DSFSI/MultilingualASR/MultilingualASR/experiments/sepedi-asr-eda/dataset/nchlt_nso/audio/505/nchlt_nso_505m_0270.wav,nchlt_nso_505m_0270,
/Users/khensanichabalala/DSFSI/MultilingualASR/MultilingualASR/experiments/sepedi-asr-eda/dataset/nchlt_nso/audio/505/nchlt_nso_505m_0258.wav,nchlt_nso_505m_0258,
/Users/khensanichabalala/DSFSI/MultilingualASR/MultilingualASR/experiments/sepedi-asr-eda/dataset/nchlt_nso/audio/505/nchlt_nso_505m_0517.wav,nchlt_nso_505m_0517,
/Users/khensanichabalala/DSFSI/MultilingualASR/MultilingualASR/experiments/sepedi-asr-eda/dataset/nchlt_nso/audio/505/nchlt_nso_505m_0271.wav,nchlt_nso_505m_0271,
/Users/khensanichabalala/DSFSI/MultilingualASR/MultilingualASR/experiments/sepedi-asr-eda/dataset/nchlt_nso/audio/505/nchlt_nso_505m_0265.wav,nchlt_nso_505m_0265,
/Users/khensanichabalala/DSFSI/MultilingualASR/MultilingualASR/experiments/sepedi-asr-eda/dataset/nchlt_nso/audio/505/nchlt_nso_505m_0503.wav,nchlt_nso_505m_0503,
/Users/khensanichabalala/DSFSI/MultilingualASR/MultilingualASR/experiments/sepedi-asr-eda/dataset/nchlt_nso/audio/505/nchlt_nso_505m_0073.wav,nchlt_nso_505m_0073,
/Users/khensanichabalala/DSFSI/MultilingualASR/MultilingualASR/experiments/sepedi-asr-eda/dataset/nchlt_nso/audio/505/nchlt_nso_505m_0107.wav,nchlt_nso_505m_0107,
/Users/khensanichabalala/DSFSI/MultilingualASR/MultilingualASR/experiments/sepedi-asr-eda/dataset/nchlt_nso/audio/505/nchlt_nso_505m_0488.wav,nchlt_nso_505m_0488,
/Users/khensanichabalala/DSFSI/MultilingualASR/MultilingualASR/experiments/sepedi-asr-eda/dataset/nchlt_nso/audio/505/nchlt_nso_505m_0339.wav,nchlt_nso_505m_0339,
/Users/khensanichabalala/DSFSI/MultilingualASR/MultilingualASR/experiments/sepedi-asr-eda/dataset/nchlt_nso/audio/505/nchlt_nso_505m_0463.wav,nchlt_nso_505m_0463,
/Users/khensanichabalala/DSFSI/MultilingualASR/MultilingualASR/experiments/sepedi-asr-eda/dataset/nchlt_nso/audio/505/nchlt_nso_505m_0311.wav,nchlt_nso_505m_0311,
/Users/khensanichabalala/DSFSI/MultilingualASR/MultilingualASR/experiments/sepedi-asr-eda/dataset/nchlt_nso/audio/505/nchlt_nso_505m_0329.wav,nchlt_nso_505m_0329,
/Users/khensanichabalala/DSFSI/MultilingualASR/MultilingualASR/experiments/sepedi-asr-eda/dataset/nchlt_nso/audio/505/nchlt_nso_505m_0473.wav,nchlt_nso_505m_0473,
/Users/khensanichabalala/DSFSI/MultilingualASR/MultilingualASR/experiments/sepedi-asr-eda/dataset/nchlt_nso/audio/505/nchlt_nso_505m_0077.wav,nchlt_nso_505m_0077,
/Users/khensanichabalala/DSFSI/MultilingualASR/MultilingualASR/experiments/sepedi-asr-eda/dataset/nchlt_nso/audio/505/nchlt_nso_505m_0249.wav,nchlt_nso_505m_0249,
/Users/khensanichabalala/DSFSI/MultilingualASR/MultilingualASR/experiments/sepedi-asr-eda/dataset/nchlt_nso/audio/505/nchlt_nso_505m_0507.wav,nchlt_nso_505m_0507,
/Users/khensanichabalala/DSFSI/MultilingualASR/MultilingualASR/experiments/sepedi-asr-eda/dataset/nchlt_nso/audio/505/nchlt_nso_505m_0513.wav,nchlt_nso_505m_0513,
/Users/khensanichabalala/DSFSI/MultilingualASR/MultilingualASR/experiments/sepedi-asr-eda/dataset/nchlt_nso/audio/505/nchlt_nso_505m_0506.wav,nchlt_nso_505m_0506,
/Users/khensanichabalala/DSFSI/MultilingualASR/MultilingualASR/experiments/sepedi-asr-eda/dataset/nchlt_nso/audio/505/nchlt_nso_505m_0248.wav,nchlt_nso_505m_0248,
/Users/khensanichabalala/DSFSI/MultilingualASR/MultilingualASR/experiments/sepedi-asr-eda/dataset/nchlt_nso/audio/505/nchlt_nso_505m_0089.wav,nchlt_nso_505m_0089,
/Users/khensanichabalala/DSFSI/MultilingualASR/MultilingualASR/experiments/sepedi-asr-eda/dataset/nchlt_nso/audio/505/nchlt_nso_505m_0076.wav,nchlt_nso_505m_0076,
/Users/khensanichabalala/DSFSI/MultilingualASR/MultilingualASR/experiments/sepedi-asr-eda/dataset/nchlt_nso/audio/505/nchlt_nso_505m_0102.wav,nchlt_nso_505m_0102,
/Users/khensanichabalala/DSFSI/MultilingualASR/MultilingualASR/experiments/sepedi-asr-eda/dataset/nchlt_nso/audio/505/nchlt_nso_505m_0499.wav,nchlt_nso_505m_0499,
/Users/khensanichabalala/DSFSI/MultilingualASR/MultilingualASR/experiments/sepedi-asr-eda/dataset/nchlt_nso/audio/505/nchlt_nso_505m_0300.wav,nchlt_nso_505m_0300,
/Users/khensanichabalala/DSFSI/MultilingualASR/MultilingualASR/experiments/sepedi-asr-eda/dataset/nchlt_nso/audio/505/nchlt_nso_505m_0466.wav,nchlt_nso_505m_0466,
/Users/khensanichabalala/DSFSI/MultilingualASR/MultilingualASR/experiments/sepedi-asr-eda/dataset/nchlt_nso/audio/505/nchlt_nso_505m_0472.wav,nchlt_nso_505m_0472,
/Users/khensanichabalala/DSFSI/MultilingualASR/MultilingualASR/experiments/sepedi-asr-eda/dataset/nchlt_nso/audio/505/nchlt_nso_505m_0328.wav,nchlt_nso_505m_0328,
/Users/khensanichabalala/DSFSI/MultilingualASR/MultilingualASR/experiments/sepedi-asr-eda/dataset/nchlt_nso/audio/505/nchlt_nso_505m_0464.wav,nchlt_nso_505m_0464,
/Users/khensanichabalala/DSFSI/MultilingualASR/MultilingualASR/experiments/sepedi-asr-eda/dataset/nchlt_nso/audio/505/nchlt_nso_505m_0302.wav,nchlt_nso_505m_0302,
/Users/khensanichabalala/DSFSI/MultilingualASR/MultilingualASR/experiments/sepedi-asr-eda/dataset/nchlt_nso/audio/505/nchlt_nso_505m_0316.wav,nchlt_nso_505m_0316,
/Users/khensanichabalala/DSFSI/MultilingualASR/MultilingualASR/experiments/sepedi-asr-eda/dataset/nchlt_nso/audio/505/nchlt_nso_505m_0100.wav,nchlt_nso_505m_0100,
/Users/khensanichabalala/DSFSI/MultilingualASR/MultilingualASR/experiments/sepedi-asr-eda/dataset/nchlt_nso/audio/505/nchlt_nso_505m_0060.wav,nchlt_nso_505m_0060,
/Users/khensanichabalala/DSFSI/MultilingualASR/MultilingualASR/experiments/sepedi-asr-eda/dataset/nchlt_nso/audio/505/nchlt_nso_505m_0510.wav,nchlt_nso_505m_0510,
/Users/khensanichabalala/DSFSI/MultilingualASR/MultilingualASR/experiments/sepedi-asr-eda/dataset/nchlt_nso/audio/505/nchlt_nso_505m_0288.wav,nchlt_nso_505m_0288,
/Users/khensanichabalala/DSFSI/MultilingualASR/MultilingualASR/experiments/sepedi-asr-eda/dataset/nchlt_nso/audio/505/nchlt_nso_505m_0263.wav,nchlt_nso_505m_0263,
/Users/khensanichabalala/DSFSI/MultilingualASR/MultilingualASR/experiments/sepedi-asr-eda/dataset/nchlt_nso/audio/505/nchlt_nso_505m_0505.wav,nchlt_nso_505m_0505,
/Users/khensanichabalala/DSFSI/MultilingualASR/MultilingualASR/experiments/sepedi-asr-eda/dataset/nchlt_nso/audio/505/nchlt_nso_505m_0511.wav,nchlt_nso_505m_0511,
/Users/khensanichabalala/DSFSI/MultilingualASR/MultilingualASR/experiments/sepedi-asr-eda/dataset/nchlt_nso/audio/505/nchlt_nso_505m_0277.wav,nchlt_nso_505m_0277,
/Users/khensanichabalala/DSFSI/MultilingualASR/MultilingualASR/experiments/sepedi-asr-eda/dataset/nchlt_nso/audio/505/nchlt_nso_505m_0061.wav,nchlt_nso_505m_0061,
/Users/khensanichabalala/DSFSI/MultilingualASR/MultilingualASR/experiments/sepedi-asr-eda/dataset/nchlt_nso/audio/505/nchlt_nso_505m_0049.wav,nchlt_nso_505m_0049,
/Users/khensanichabalala/DSFSI/MultilingualASR/MultilingualASR/experiments/sepedi-asr-eda/dataset/nchlt_nso/audio/505/nchlt_nso_505m_0115.wav,nchlt_nso_505m_0115,
/Users/khensanichabalala/DSFSI/MultilingualASR/MultilingualASR/experiments/sepedi-asr-eda/dataset/nchlt_nso/audio/505/nchlt_nso_505m_0129.wav,nchlt_nso_505m_0129,
/Users/khensanichabalala/DSFSI/MultilingualASR/MultilingualASR/experiments/sepedi-asr-eda/dataset/nchlt_nso/audio/505/nchlt_nso_505m_0459.wav,nchlt_nso_505m_0459,
/Users/khensanichabalala/DSFSI/MultilingualASR/MultilingualASR/experiments/sepedi-asr-eda/dataset/nchlt_nso/audio/505/nchlt_nso_505m_0326.wav,nchlt_nso_505m_0326,
/Users/khensanichabalala/DSFSI/MultilingualASR/MultilingualASR/experiments/sepedi-asr-eda/dataset/nchlt_nso/audio/505/nchlt_nso_505m_0440.wav,nchlt_nso_505m_0440,
/Users/khensanichabalala/DSFSI/MultilingualASR/MultilingualASR/experiments/sepedi-asr-eda/dataset/nchlt_nso/audio/505/nchlt_nso_505m_0332.wav,nchlt_nso_505m_0332,
/Users/khensanichabalala/DSFSI/MultilingualASR/MultilingualASR/experiments/sepedi-asr-eda/dataset/nchlt_nso/audio/505/nchlt_nso_505m_0483.wav,nchlt_nso_505m_0483,
/Users/khensanichabalala/DSFSI/MultilingualASR/MultilingualASR/experiments/sepedi-asr-eda/dataset/nchlt_nso/audio/505/nchlt_nso_505m_0124.wav,nchlt_nso_505m_0124,
/Users/khensanichabalala/DSFSI/MultilingualASR/MultilingualASR/experiments/sepedi-asr-eda/dataset/nchlt_nso/audio/505/nchlt_nso_505m_0130.wav,nchlt_nso_505m_0130,
/Users/khensanichabalala/DSFSI/MultilingualASR/MultilingualASR/experiments/sepedi-asr-eda/dataset/nchlt_nso/audio/505/nchlt_nso_505m_0118.wav,nchlt_nso_505m_0118,
/Users/khensanichabalala/DSFSI/MultilingualASR/MultilingualASR/experiments/sepedi-asr-eda/dataset/nchlt_nso/audio/505/nchlt_nso_505m_0044.wav,nchlt_nso_505m_0044,
/Users/khensanichabalala/DSFSI/MultilingualASR/MultilingualASR/experiments/sepedi-asr-eda/dataset/nchlt_nso/audio/505/nchlt_nso_505m_0252.wav,nchlt_nso_505m_0252,
/Users/khensanichabalala/DSFSI/MultilingualASR/MultilingualASR/experiments/sepedi-asr-eda/dataset/nchlt_nso/audio/505/nchlt_nso_505m_0520.wav,nchlt_nso_505m_0520,
/Users/khensanichabalala/DSFSI/MultilingualASR/MultilingualASR/experiments/sepedi-asr-eda/dataset/nchlt_nso/audio/505/nchlt_nso_505m_0246.wav,nchlt_nso_505m_0246,
/Users/khensanichabalala/DSFSI/MultilingualASR/MultilingualASR/experiments/sepedi-asr-eda/dataset/nchlt_nso/audio/505/nchlt_nso_505m_0508.wav,nchlt_nso_505m_0508,
/Users/khensanichabalala/DSFSI/MultilingualASR/MultilingualASR/experiments/sepedi-asr-eda/dataset/nchlt_nso/audio/505/nchlt_nso_505m_0291.wav,nchlt_nso_505m_0291,
/Users/khensanichabalala/DSFSI/MultilingualASR/MultilingualASR/experiments/sepedi-asr-eda/dataset/nchlt_nso/audio/505/nchlt_nso_505m_0285.wav,nchlt_nso_505m_0285,
/Users/khensanichabalala/DSFSI/MultilingualASR/MultilingualASR/experiments/sepedi-asr-eda/dataset/nchlt_nso/audio/505/nchlt_nso_505m_0290.wav,nchlt_nso_505m_0290,
/Users/khensanichabalala/DSFSI/MultilingualASR/MultilingualASR/experiments/sepedi-asr-eda/dataset/nchlt_nso/audio/505/nchlt_nso_505m_0521.wav,nchlt_nso_505m_0521,
/Users/khensanichabalala/DSFSI/MultilingualASR/MultilingualASR/experiments/sepedi-asr-eda/dataset/nchlt_nso/audio/505/nchlt_nso_505m_0253.wav,nchlt_nso_505m_0253,
/Users/khensanichabalala/DSFSI/MultilingualASR/MultilingualASR/experiments/sepedi-asr-eda/dataset/nchlt_nso/audio/505/nchlt_nso_505m_0535.wav,nchlt_nso_505m_0535,
/Users/khensanichabalala/DSFSI/MultilingualASR/MultilingualASR/experiments/sepedi-asr-eda/dataset/nchlt_nso/audio/505/nchlt_nso_505m_0092.wav,nchlt_nso_505m_0092,
/Users/khensanichabalala/DSFSI/MultilingualASR/MultilingualASR/experiments/sepedi-asr-eda/dataset/nchlt_nso/audio/505/nchlt_nso_505m_0079.wav,nchlt_nso_505m_0079,
/Users/khensanichabalala/DSFSI/MultilingualASR/MultilingualASR/experiments/sepedi-asr-eda/dataset/nchlt_nso/audio/505/nchlt_nso_505m_0131.wav,nchlt_nso_505m_0131,
/Users/khensanichabalala/DSFSI/MultilingualASR/MultilingualASR/experiments/sepedi-asr-eda/dataset/nchlt_nso/audio/505/nchlt_nso_505m_0125.wav,nchlt_nso_505m_0125,
/Users/khensanichabalala/DSFSI/MultilingualASR/MultilingualASR/experiments/sepedi-asr-eda/dataset/nchlt_nso/audio/505/nchlt_nso_505m_0496.wav,nchlt_nso_505m_0496,
/Users/khensanichabalala/DSFSI/MultilingualASR/MultilingualASR/experiments/sepedi-asr-eda/dataset/nchlt_nso/audio/505/nchlt_nso_505m_0455.wav,nchlt_nso_505m_0455,
/Users/khensanichabalala/DSFSI/MultilingualASR/MultilingualASR/experiments/sepedi-asr-eda/dataset/nchlt_nso/audio/505/nchlt_nso_505m_0327.wav,nchlt_nso_505m_0327,
/Users/khensanichabalala/DSFSI/MultilingualASR/MultilingualASR/experiments/sepedi-asr-eda/dataset/nchlt_nso/audio/505/nchlt_nso_505m_0441.wav,nchlt_nso_505m_0441,
/Users/khensanichabalala/DSFSI/MultilingualASR/MultilingualASR/experiments/sepedi-asr-eda/dataset/nchlt_nso/audio/505/nchlt_nso_505m_0331.wav,nchlt_nso_505m_0331,
/Users/khensanichabalala/DSFSI/MultilingualASR/MultilingualASR/experiments/sepedi-asr-eda/dataset/nchlt_nso/audio/505/nchlt_nso_505m_0325.wav,nchlt_nso_505m_0325,
/Users/khensanichabalala/DSFSI/MultilingualASR/MultilingualASR/experiments/sepedi-asr-eda/dataset/nchlt_nso/audio/505/nchlt_nso_505m_0319.wav,nchlt_nso_505m_0319,
/Users/khensanichabalala/DSFSI/MultilingualASR/MultilingualASR/experiments/sepedi-asr-eda/dataset/nchlt_nso/audio/505/nchlt_nso_505m_0494.wav,nchlt_nso_505m_0494,
/Users/khensanichabalala/DSFSI/MultilingualASR/MultilingualASR/experiments/sepedi-asr-eda/dataset/nchlt_nso/audio/505/nchlt_nso_505m_0133.wav,nchlt_nso_505m_0133,
/Users/khensanichabalala/DSFSI/MultilingualASR/MultilingualASR/experiments/sepedi-asr-eda/dataset/nchlt_nso/audio/505/nchlt_nso_505m_0047.wav,nchlt_nso_505m_0047,
/Users/khensanichabalala/DSFSI/MultilingualASR/MultilingualASR/experiments/sepedi-asr-eda/dataset/nchlt_nso/audio/505/nchlt_nso_505m_0053.wav,nchlt_nso_505m_0053,
/Users/khensanichabalala/DSFSI/MultilingualASR/MultilingualASR/experiments/sepedi-asr-eda/dataset/nchlt_nso/audio/505/nchlt_nso_505m_0084.wav,nchlt_nso_505m_0084,
/Users/khensanichabalala/DSFSI/MultilingualASR/MultilingualASR/experiments/sepedi-asr-eda/dataset/nchlt_nso/audio/505/nchlt_nso_505m_0245.wav,nchlt_nso_505m_0245,
/Users/khensanichabalala/DSFSI/MultilingualASR/MultilingualASR/experiments/sepedi-asr-eda/dataset/nchlt_nso/audio/505/nchlt_nso_505m_0537.wav,nchlt_nso_505m_0537,
/Users/khensanichabalala/DSFSI/MultilingualASR/MultilingualASR/experiments/sepedi-asr-eda/dataset/nchlt_nso/audio/505/nchlt_nso_505m_0279.wav,nchlt_nso_505m_0279,
/Users/khensanichabalala/DSFSI/MultilingualASR/MultilingualASR/experiments/sepedi-asr-eda/dataset/nchlt_nso/audio/505/nchlt_nso_505m_0286.wav,nchlt_nso_505m_0286,
/Users/khensanichabalala/DSFSI/MultilingualASR/MultilingualASR/experiments/sepedi-asr-eda/dataset/nchlt_nso/audio/505/nchlt_nso_505m_0293.wav,nchlt_nso_505m_0293,
/Users/khensanichabalala/DSFSI/MultilingualASR/MultilingualASR/experiments/sepedi-asr-eda/dataset/nchlt_nso/audio/505/nchlt_nso_505m_0536.wav,nchlt_nso_505m_0536,
/Users/khensanichabalala/DSFSI/MultilingualASR/MultilingualASR/experiments/sepedi-asr-eda/dataset/nchlt_nso/audio/505/nchlt_nso_505m_0250.wav,nchlt_nso_505m_0250,
/Users/khensanichabalala/DSFSI/MultilingualASR/MultilingualASR/experiments/sepedi-asr-eda/dataset/nchlt_nso/audio/505/nchlt_nso_505m_0244.wav,nchlt_nso_505m_0244,
/Users/khensanichabalala/DSFSI/MultilingualASR/MultilingualASR/experiments/sepedi-asr-eda/dataset/nchlt_nso/audio/505/nchlt_nso_505m_0522.wav,nchlt_nso_505m_0522,
/Users/khensanichabalala/DSFSI/MultilingualASR/MultilingualASR/experiments/sepedi-asr-eda/dataset/nchlt_nso/audio/505/nchlt_nso_505m_0052.wav,nchlt_nso_505m_0052,
/Users/khensanichabalala/DSFSI/MultilingualASR/MultilingualASR/experiments/sepedi-asr-eda/dataset/nchlt_nso/audio/505/nchlt_nso_505m_0046.wav,nchlt_nso_505m_0046,
/Users/khensanichabalala/DSFSI/MultilingualASR/MultilingualASR/experiments/sepedi-asr-eda/dataset/nchlt_nso/audio/505/nchlt_nso_505m_0126.wav,nchlt_nso_505m_0126,
/Users/khensanichabalala/DSFSI/MultilingualASR/MultilingualASR/experiments/sepedi-asr-eda/dataset/nchlt_nso/audio/505/nchlt_nso_505m_0132.wav,nchlt_nso_505m_0132,
/Users/khensanichabalala/DSFSI/MultilingualASR/MultilingualASR/experiments/sepedi-asr-eda/dataset/nchlt_nso/audio/505/nchlt_nso_505m_0324.wav,nchlt_nso_505m_0324,
/Users/khensanichabalala/DSFSI/MultilingualASR/MultilingualASR/experiments/sepedi-asr-eda/dataset/nchlt_nso/audio/505/nchlt_nso_505m_0452.wav,nchlt_nso_505m_0452,
/Users/khensanichabalala/DSFSI/MultilingualASR/MultilingualASR/experiments/sepedi-asr-eda/dataset/nchlt_nso/audio/505/nchlt_nso_505m_0485.wav,nchlt_nso_505m_0485,
/Users/khensanichabalala/DSFSI/MultilingualASR/MultilingualASR/experiments/sepedi-asr-eda/dataset/nchlt_nso/audio/505/nchlt_nso_505m_0136.wav,nchlt_nso_505m_0136,
/Users/khensanichabalala/DSFSI/MultilingualASR/MultilingualASR/experiments/sepedi-asr-eda/dataset/nchlt_nso/audio/505/nchlt_nso_505m_0056.wav,nchlt_nso_505m_0056,
/Users/khensanichabalala/DSFSI/MultilingualASR/MultilingualASR/experiments/sepedi-asr-eda/dataset/nchlt_nso/audio/505/nchlt_nso_505m_0095.wav,nchlt_nso_505m_0095,
/Users/khensanichabalala/DSFSI/MultilingualASR/MultilingualASR/experiments/sepedi-asr-eda/dataset/nchlt_nso/audio/505/nchlt_nso_505m_0268.wav,nchlt_nso_505m_0268,
/Users/khensanichabalala/DSFSI/MultilingualASR/MultilingualASR/experiments/sepedi-asr-eda/dataset/nchlt_nso/audio/505/nchlt_nso_505m_0526.wav,nchlt_nso_505m_0526,
/Users/khensanichabalala/DSFSI/MultilingualASR/MultilingualASR/experiments/sepedi-asr-eda/dataset/nchlt_nso/audio/505/nchlt_nso_505m_0254.wav,nchlt_nso_505m_0254,
/Users/khensanichabalala/DSFSI/MultilingualASR/MultilingualASR/experiments/sepedi-asr-eda/dataset/nchlt_nso/audio/505/nchlt_nso_505m_0283.wav,nchlt_nso_505m_0283,
/Users/khensanichabalala/DSFSI/MultilingualASR/MultilingualASR/experiments/sepedi-asr-eda/dataset/nchlt_nso/audio/505/nchlt_nso_505m_0296.wav,nchlt_nso_505m_0296,
/Users/khensanichabalala/DSFSI/MultilingualASR/MultilingualASR/experiments/sepedi-asr-eda/dataset/nchlt_nso/audio/505/nchlt_nso_505m_0533.wav,nchlt_nso_505m_0533,
/Users/khensanichabalala/DSFSI/MultilingualASR/MultilingualASR/experiments/sepedi-asr-eda/dataset/nchlt_nso/audio/505/nchlt_nso_505m_0527.wav,nchlt_nso_505m_0527,
/Users/khensanichabalala/DSFSI/MultilingualASR/MultilingualASR/experiments/sepedi-asr-eda/dataset/nchlt_nso/audio/505/nchlt_nso_505m_0241.wav,nchlt_nso_505m_0241,
/Users/khensanichabalala/DSFSI/MultilingualASR/MultilingualASR/experiments/sepedi-asr-eda/dataset/nchlt_nso/audio/505/nchlt_nso_505m_0269.wav,nchlt_nso_505m_0269,
/Users/khensanichabalala/DSFSI/MultilingualASR/MultilingualASR/experiments/sepedi-asr-eda/dataset/nchlt_nso/audio/505/nchlt_nso_505m_0123.wav,nchlt_nso_505m_0123,
/Users/khensanichabalala/DSFSI/MultilingualASR/MultilingualASR/experiments/sepedi-asr-eda/dataset/nchlt_nso/audio/505/nchlt_nso_505m_0137.wav,nchlt_nso_505m_0137,
/Users/khensanichabalala/DSFSI/MultilingualASR/MultilingualASR/experiments/sepedi-asr-eda/dataset/nchlt_nso/audio/505/nchlt_nso_505m_0321.wav,nchlt_nso_505m_0321,
/Users/khensanichabalala/DSFSI/MultilingualASR/MultilingualASR/experiments/sepedi-asr-eda/dataset/nchlt_nso/audio/505/nchlt_nso_505m_0447.wav,nchlt_nso_505m_0447,
/Users/khensanichabalala/DSFSI/MultilingualASR/MultilingualASR/experiments/sepedi-asr-eda/dataset/nchlt_nso/audio/505/nchlt_nso_505m_0453.wav,nchlt_nso_505m_0453,
/Users/khensanichabalala/DSFSI/MultilingualASR/MultilingualASR/experiments/sepedi-asr-eda/dataset/nchlt_nso/audio/505/nchlt_nso_505m_0445.wav,nchlt_nso_505m_0445,
/Users/khensanichabalala/DSFSI/MultilingualASR/MultilingualASR/experiments/sepedi-asr-eda/dataset/nchlt_nso/audio/505/nchlt_nso_505m_0323.wav,nchlt_nso_505m_0323,
/Users/khensanichabalala/DSFSI/MultilingualASR/MultilingualASR/experiments/sepedi-asr-eda/dataset/nchlt_nso/audio/505/nchlt_nso_505m_0337.wav,nchlt_nso_505m_0337,
/Users/khensanichabalala/DSFSI/MultilingualASR/MultilingualASR/experiments/sepedi-asr-eda/dataset/nchlt_nso/audio/505/nchlt_nso_505m_0451.wav,nchlt_nso_505m_0451,
/Users/khensanichabalala/DSFSI/MultilingualASR/MultilingualASR/experiments/sepedi-asr-eda/dataset/nchlt_nso/audio/505/nchlt_nso_505m_0121.wav,nchlt_nso_505m_0121,
/Users/khensanichabalala/DSFSI/MultilingualASR/MultilingualASR/experiments/sepedi-asr-eda/dataset/nchlt_nso/audio/505/nchlt_nso_505m_0135.wav,nchlt_nso_505m_0135,
/Users/khensanichabalala/DSFSI/MultilingualASR/MultilingualASR/experiments/sepedi-asr-eda/dataset/nchlt_nso/audio/505/nchlt_nso_505m_0041.wav,nchlt_nso_505m_0041,
/Users/khensanichabalala/DSFSI/MultilingualASR/MultilingualASR/experiments/sepedi-asr-eda/dataset/nchlt_nso/audio/505/nchlt_nso_505m_0096.wav,nchlt_nso_505m_0096,
/Users/khensanichabalala/DSFSI/MultilingualASR/MultilingualASR/experiments/sepedi-asr-eda/dataset/nchlt_nso/audio/505/nchlt_nso_505m_0082.wav,nchlt_nso_505m_0082,
/Users/khensanichabalala/DSFSI/MultilingualASR/MultilingualASR/experiments/sepedi-asr-eda/dataset/nchlt_nso/audio/505/nchlt_nso_505m_0519.wav,nchlt_nso_505m_0519,
/Users/khensanichabalala/DSFSI/MultilingualASR/MultilingualASR/experiments/sepedi-asr-eda/dataset/nchlt_nso/audio/505/nchlt_nso_505m_0294.wav,nchlt_nso_505m_0294,
/Users/khensanichabalala/DSFSI/MultilingualASR/MultilingualASR/experiments/sepedi-asr-eda/dataset/nchlt_nso/audio/505/nchlt_nso_505m_0280.wav,nchlt_nso_505m_0280,
/Users/khensanichabalala/DSFSI/MultilingualASR/MultilingualASR/experiments/sepedi-asr-eda/dataset/nchlt_nso/audio/505/nchlt_nso_505m_0295.wav,nchlt_nso_505m_0295,
/Users/khensanichabalala/DSFSI/MultilingualASR/MultilingualASR/experiments/sepedi-asr-eda/dataset/nchlt_nso/audio/505/nchlt_nso_505m_0242.wav,nchlt_nso_505m_0242,
/Users/khensanichabalala/DSFSI/MultilingualASR/MultilingualASR/experiments/sepedi-asr-eda/dataset/nchlt_nso/audio/505/nchlt_nso_505m_0518.wav,nchlt_nso_505m_0518,
/Users/khensanichabalala/DSFSI/MultilingualASR/MultilingualASR/experiments/sepedi-asr-eda/dataset/nchlt_nso/audio/505/nchlt_nso_505m_0040.wav,nchlt_nso_505m_0040,
/Users/khensanichabalala/DSFSI/MultilingualASR/MultilingualASR/experiments/sepedi-asr-eda/dataset/nchlt_nso/audio/505/nchlt_nso_505m_0068.wav,nchlt_nso_505m_0068,
/Users/khensanichabalala/DSFSI/MultilingualASR/MultilingualASR/experiments/sepedi-asr-eda/dataset/nchlt_nso/audio/505/nchlt_nso_505m_0134.wav,nchlt_nso_505m_0134,
/Users/khensanichabalala/DSFSI/MultilingualASR/MultilingualASR/experiments/sepedi-asr-eda/dataset/nchlt_nso/audio/505/nchlt_nso_505m_0450.wav,nchlt_nso_505m_0450,
/Users/khensanichabalala/DSFSI/MultilingualASR/MultilingualASR/experiments/sepedi-asr-eda/dataset/nchlt_nso/audio/505/nchlt_nso_505m_0444.wav,nchlt_nso_505m_0444,
/Users/khensanichabalala/DSFSI/MultilingualASR/MultilingualASR/experiments/sepedi-asr-eda/dataset/nchlt_nso/audio/505/nchlt_nso_505m_0322.wav,nchlt_nso_505m_0322,
/Users/khensanichabalala/DSFSI/MultilingualASR/MultilingualASR/experiments/sepedi-asr-eda/dataset/nchlt_nso/audio/505/nchlt_nso_505m_0423.wav,nchlt_nso_505m_0423,
/Users/khensanichabalala/DSFSI/MultilingualASR/MultilingualASR/experiments/sepedi-asr-eda/dataset/nchlt_nso/audio/505/nchlt_nso_505m_0345.wav,nchlt_nso_505m_0345,
/Users/khensanichabalala/DSFSI/MultilingualASR/MultilingualASR/experiments/sepedi-asr-eda/dataset/nchlt_nso/audio/505/nchlt_nso_505m_0379.wav,nchlt_nso_505m_0379,
/Users/khensanichabalala/DSFSI/MultilingualASR/MultilingualASR/experiments/sepedi-asr-eda/dataset/nchlt_nso/audio/505/nchlt_nso_505m_0386.wav,nchlt_nso_505m_0386,
/Users/khensanichabalala/DSFSI/MultilingualASR/MultilingualASR/experiments/sepedi-asr-eda/dataset/nchlt_nso/audio/505/nchlt_nso_505m_0392.wav,nchlt_nso_505m_0392,
/Users/khensanichabalala/DSFSI/MultilingualASR/MultilingualASR/experiments/sepedi-asr-eda/dataset/nchlt_nso/audio/505/nchlt_nso_505m_0147.wav,nchlt_nso_505m_0147,
/Users/khensanichabalala/DSFSI/MultilingualASR/MultilingualASR/experiments/sepedi-asr-eda/dataset/nchlt_nso/audio/505/nchlt_nso_505m_0184.wav,nchlt_nso_505m_0184,
/Users/khensanichabalala/DSFSI/MultilingualASR/MultilingualASR/experiments/sepedi-asr-eda/dataset/nchlt_nso/audio/505/nchlt_nso_505m_0190.wav,nchlt_nso_505m_0190,
/Users/khensanichabalala/DSFSI/MultilingualASR/MultilingualASR/experiments/sepedi-asr-eda/dataset/nchlt_nso/audio/505/nchlt_nso_505m_0033.wav,nchlt_nso_505m_0033,
/Users/khensanichabalala/DSFSI/MultilingualASR/MultilingualASR/experiments/sepedi-asr-eda/dataset/nchlt_nso/audio/505/nchlt_nso_505m_0231.wav,nchlt_nso_505m_0231,
/Users/khensanichabalala/DSFSI/MultilingualASR/MultilingualASR/experiments/sepedi-asr-eda/dataset/nchlt_nso/audio/505/nchlt_nso_505m_0225.wav,nchlt_nso_505m_0225,
/Users/khensanichabalala/DSFSI/MultilingualASR/MultilingualASR/experiments/sepedi-asr-eda/dataset/nchlt_nso/audio/505/nchlt_nso_505m_0543.wav,nchlt_nso_505m_0543,
/Users/khensanichabalala/DSFSI/MultilingualASR/MultilingualASR/experiments/sepedi-asr-eda/dataset/nchlt_nso/audio/505/nchlt_nso_505m_0594.wav,nchlt_nso_505m_0594,
/Users/khensanichabalala/DSFSI/MultilingualASR/MultilingualASR/experiments/sepedi-asr-eda/dataset/nchlt_nso/audio/505/nchlt_nso_505m_0580.wav,nchlt_nso_505m_0580,
/Users/khensanichabalala/DSFSI/MultilingualASR/MultilingualASR/experiments/sepedi-asr-eda/dataset/nchlt_nso/audio/505/nchlt_nso_505m_0218.wav,nchlt_nso_505m_0218,
/Users/khensanichabalala/DSFSI/MultilingualASR/MultilingualASR/experiments/sepedi-asr-eda/dataset/nchlt_nso/audio/505/nchlt_nso_505m_0542.wav,nchlt_nso_505m_0542,
/Users/khensanichabalala/DSFSI/MultilingualASR/MultilingualASR/experiments/sepedi-asr-eda/dataset/nchlt_nso/audio/505/nchlt_nso_505m_0032.wav,nchlt_nso_505m_0032,
/Users/khensanichabalala/DSFSI/MultilingualASR/MultilingualASR/experiments/sepedi-asr-eda/dataset/nchlt_nso/audio/505/nchlt_nso_505m_0191.wav,nchlt_nso_505m_0191,
/Users/khensanichabalala/DSFSI/MultilingualASR/MultilingualASR/experiments/sepedi-asr-eda/dataset/nchlt_nso/audio/505/nchlt_nso_505m_0185.wav,nchlt_nso_505m_0185,
/Users/khensanichabalala/DSFSI/MultilingualASR/MultilingualASR/experiments/sepedi-asr-eda/dataset/nchlt_nso/audio/505/nchlt_nso_505m_0146.wav,nchlt_nso_505m_0146,
/Users/khensanichabalala/DSFSI/MultilingualASR/MultilingualASR/experiments/sepedi-asr-eda/dataset/nchlt_nso/audio/505/nchlt_nso_505m_0387.wav,nchlt_nso_505m_0387,
/Users/khensanichabalala/DSFSI/MultilingualASR/MultilingualASR/experiments/sepedi-asr-eda/dataset/nchlt_nso/audio/505/nchlt_nso_505m_0378.wav,nchlt_nso_505m_0378,
/Users/khensanichabalala/DSFSI/MultilingualASR/MultilingualASR/experiments/sepedi-asr-eda/dataset/nchlt_nso/audio/505/nchlt_nso_505m_0436.wav,nchlt_nso_505m_0436,
/Users/khensanichabalala/DSFSI/MultilingualASR/MultilingualASR/experiments/sepedi-asr-eda/dataset/nchlt_nso/audio/505/nchlt_nso_505m_0422.wav,nchlt_nso_505m_0422,
/Users/khensanichabalala/DSFSI/MultilingualASR/MultilingualASR/experiments/sepedi-asr-eda/dataset/nchlt_nso/audio/505/nchlt_nso_505m_0434.wav,nchlt_nso_505m_0434,
/Users/khensanichabalala/DSFSI/MultilingualASR/MultilingualASR/experiments/sepedi-asr-eda/dataset/nchlt_nso/audio/505/nchlt_nso_505m_0346.wav,nchlt_nso_505m_0346,
/Users/khensanichabalala/DSFSI/MultilingualASR/MultilingualASR/experiments/sepedi-asr-eda/dataset/nchlt_nso/audio/505/nchlt_nso_505m_0408.wav,nchlt_nso_505m_0408,
/Users/khensanichabalala/DSFSI/MultilingualASR/MultilingualASR/experiments/sepedi-asr-eda/dataset/nchlt_nso/audio/505/nchlt_nso_505m_0391.wav,nchlt_nso_505m_0391,
/Users/khensanichabalala/DSFSI/MultilingualASR/MultilingualASR/experiments/sepedi-asr-eda/dataset/nchlt_nso/audio/505/nchlt_nso_505m_0144.wav,nchlt_nso_505m_0144,
/Users/khensanichabalala/DSFSI/MultilingualASR/MultilingualASR/experiments/sepedi-asr-eda/dataset/nchlt_nso/audio/505/nchlt_nso_505m_0193.wav,nchlt_nso_505m_0193,
/Users/khensanichabalala/DSFSI/MultilingualASR/MultilingualASR/experiments/sepedi-asr-eda/dataset/nchlt_nso/audio/505/nchlt_nso_505m_0187.wav,nchlt_nso_505m_0187,
/Users/khensanichabalala/DSFSI/MultilingualASR/MultilingualASR/experiments/sepedi-asr-eda/dataset/nchlt_nso/audio/505/nchlt_nso_505m_0030.wav,nchlt_nso_505m_0030,
/Users/khensanichabalala/DSFSI/MultilingualASR/MultilingualASR/experiments/sepedi-asr-eda/dataset/nchlt_nso/audio/505/nchlt_nso_505m_0018.wav,nchlt_nso_505m_0018,
/Users/khensanichabalala/DSFSI/MultilingualASR/MultilingualASR/experiments/sepedi-asr-eda/dataset/nchlt_nso/audio/505/nchlt_nso_505m_0540.wav,nchlt_nso_505m_0540,
/Users/khensanichabalala/DSFSI/MultilingualASR/MultilingualASR/experiments/sepedi-asr-eda/dataset/nchlt_nso/audio/505/nchlt_nso_505m_0226.wav,nchlt_nso_505m_0226,
/Users/khensanichabalala/DSFSI/MultilingualASR/MultilingualASR/experiments/sepedi-asr-eda/dataset/nchlt_nso/audio/505/nchlt_nso_505m_0554.wav,nchlt_nso_505m_0554,
/Users/khensanichabalala/DSFSI/MultilingualASR/MultilingualASR/experiments/sepedi-asr-eda/dataset/nchlt_nso/audio/505/nchlt_nso_505m_0583.wav,nchlt_nso_505m_0583,
/Users/khensanichabalala/DSFSI/MultilingualASR/MultilingualASR/experiments/sepedi-asr-eda/dataset/nchlt_nso/audio/505/nchlt_nso_505m_0597.wav,nchlt_nso_505m_0597,
/Users/khensanichabalala/DSFSI/MultilingualASR/MultilingualASR/experiments/sepedi-asr-eda/dataset/nchlt_nso/audio/505/nchlt_nso_505m_0569.wav,nchlt_nso_505m_0569,
/Users/khensanichabalala/DSFSI/MultilingualASR/MultilingualASR/experiments/sepedi-asr-eda/dataset/nchlt_nso/audio/505/nchlt_nso_505m_0233.wav,nchlt_nso_505m_0233,
/Users/khensanichabalala/DSFSI/MultilingualASR/MultilingualASR/experiments/sepedi-asr-eda/dataset/nchlt_nso/audio/505/nchlt_nso_505m_0541.wav,nchlt_nso_505m_0541,
/Users/khensanichabalala/DSFSI/MultilingualASR/MultilingualASR/experiments/sepedi-asr-eda/dataset/nchlt_nso/audio/505/nchlt_nso_505m_0186.wav,nchlt_nso_505m_0186,
/Users/khensanichabalala/DSFSI/MultilingualASR/MultilingualASR/experiments/sepedi-asr-eda/dataset/nchlt_nso/audio/505/nchlt_nso_505m_0192.wav,nchlt_nso_505m_0192,
/Users/khensanichabalala/DSFSI/MultilingualASR/MultilingualASR/experiments/sepedi-asr-eda/dataset/nchlt_nso/audio/505/nchlt_nso_505m_0179.wav,nchlt_nso_505m_0179,
/Users/khensanichabalala/DSFSI/MultilingualASR/MultilingualASR/experiments/sepedi-asr-eda/dataset/nchlt_nso/audio/505/nchlt_nso_505m_0145.wav,nchlt_nso_505m_0145,
/Users/khensanichabalala/DSFSI/MultilingualASR/MultilingualASR/experiments/sepedi-asr-eda/dataset/nchlt_nso/audio/505/nchlt_nso_505m_0151.wav,nchlt_nso_505m_0151,
/Users/khensanichabalala/DSFSI/MultilingualASR/MultilingualASR/experiments/sepedi-asr-eda/dataset/nchlt_nso/audio/505/nchlt_nso_505m_0390.wav,nchlt_nso_505m_0390,
/Users/khensanichabalala/DSFSI/MultilingualASR/MultilingualASR/experiments/sepedi-asr-eda/dataset/nchlt_nso/audio/505/nchlt_nso_505m_0409.wav,nchlt_nso_505m_0409,
/Users/khensanichabalala/DSFSI/MultilingualASR/MultilingualASR/experiments/sepedi-asr-eda/dataset/nchlt_nso/audio/505/nchlt_nso_505m_0353.wav,nchlt_nso_505m_0353,
/Users/khensanichabalala/DSFSI/MultilingualASR/MultilingualASR/experiments/sepedi-asr-eda/dataset/nchlt_nso/audio/505/nchlt_nso_505m_0419.wav,nchlt_nso_505m_0419,
/Users/khensanichabalala/DSFSI/MultilingualASR/MultilingualASR/experiments/sepedi-asr-eda/dataset/nchlt_nso/audio/505/nchlt_nso_505m_0431.wav,nchlt_nso_505m_0431,
/Users/khensanichabalala/DSFSI/MultilingualASR/MultilingualASR/experiments/sepedi-asr-eda/dataset/nchlt_nso/audio/505/nchlt_nso_505m_0394.wav,nchlt_nso_505m_0394,
/Users/khensanichabalala/DSFSI/MultilingualASR/MultilingualASR/experiments/sepedi-asr-eda/dataset/nchlt_nso/audio/505/nchlt_nso_505m_0169.wav,nchlt_nso_505m_0169,
/Users/khensanichabalala/DSFSI/MultilingualASR/MultilingualASR/experiments/sepedi-asr-eda/dataset/nchlt_nso/audio/505/nchlt_nso_505m_0141.wav,nchlt_nso_505m_0141,
/Users/khensanichabalala/DSFSI/MultilingualASR/MultilingualASR/experiments/sepedi-asr-eda/dataset/nchlt_nso/audio/505/nchlt_nso_505m_0196.wav,nchlt_nso_505m_0196,
/Users/khensanichabalala/DSFSI/MultilingualASR/MultilingualASR/experiments/sepedi-asr-eda/dataset/nchlt_nso/audio/505/nchlt_nso_505m_0009.wav,nchlt_nso_505m_0009,
/Users/khensanichabalala/DSFSI/MultilingualASR/MultilingualASR/experiments/sepedi-asr-eda/dataset/nchlt_nso/audio/505/nchlt_nso_505m_0035.wav,nchlt_nso_505m_0035,
/Users/khensanichabalala/DSFSI/MultilingualASR/MultilingualASR/experiments/sepedi-asr-eda/dataset/nchlt_nso/audio/505/nchlt_nso_505m_0545.wav,nchlt_nso_505m_0545,
/Users/khensanichabalala/DSFSI/MultilingualASR/MultilingualASR/experiments/sepedi-asr-eda/dataset/nchlt_nso/audio/505/nchlt_nso_505m_0592.wav,nchlt_nso_505m_0592,
/Users/khensanichabalala/DSFSI/MultilingualASR/MultilingualASR/experiments/sepedi-asr-eda/dataset/nchlt_nso/audio/505/nchlt_nso_505m_0593.wav,nchlt_nso_505m_0593,
/Users/khensanichabalala/DSFSI/MultilingualASR/MultilingualASR/experiments/sepedi-asr-eda/dataset/nchlt_nso/audio/505/nchlt_nso_505m_0550.wav,nchlt_nso_505m_0550,
/Users/khensanichabalala/DSFSI/MultilingualASR/MultilingualASR/experiments/sepedi-asr-eda/dataset/nchlt_nso/audio/505/nchlt_nso_505m_0222.wav,nchlt_nso_505m_0222,
/Users/khensanichabalala/DSFSI/MultilingualASR/MultilingualASR/experiments/sepedi-asr-eda/dataset/nchlt_nso/audio/505/nchlt_nso_505m_0544.wav,nchlt_nso_505m_0544,
/Users/khensanichabalala/DSFSI/MultilingualASR/MultilingualASR/experiments/sepedi-asr-eda/dataset/nchlt_nso/audio/505/nchlt_nso_505m_0578.wav,nchlt_nso_505m_0578,
/Users/khensanichabalala/DSFSI/MultilingualASR/MultilingualASR/experiments/sepedi-asr-eda/dataset/nchlt_nso/audio/505/nchlt_nso_505m_0034.wav,nchlt_nso_505m_0034,
/Users/khensanichabalala/DSFSI/MultilingualASR/MultilingualASR/experiments/sepedi-asr-eda/dataset/nchlt_nso/audio/505/nchlt_nso_505m_0008.wav,nchlt_nso_505m_0008,
/Users/khensanichabalala/DSFSI/MultilingualASR/MultilingualASR/experiments/sepedi-asr-eda/dataset/nchlt_nso/audio/505/nchlt_nso_505m_0168.wav,nchlt_nso_505m_0168,
/Users/khensanichabalala/DSFSI/MultilingualASR/MultilingualASR/experiments/sepedi-asr-eda/dataset/nchlt_nso/audio/505/nchlt_nso_505m_0342.wav,nchlt_nso_505m_0342,
/Users/khensanichabalala/DSFSI/MultilingualASR/MultilingualASR/experiments/sepedi-asr-eda/dataset/nchlt_nso/audio/505/nchlt_nso_505m_0356.wav,nchlt_nso_505m_0356,
/Users/khensanichabalala/DSFSI/MultilingualASR/MultilingualASR/experiments/sepedi-asr-eda/dataset/nchlt_nso/audio/505/nchlt_nso_505m_0430.wav,nchlt_nso_505m_0430,
/Users/khensanichabalala/DSFSI/MultilingualASR/MultilingualASR/experiments/sepedi-asr-eda/dataset/nchlt_nso/audio/505/nchlt_nso_505m_0418.wav,nchlt_nso_505m_0418,
/Users/khensanichabalala/DSFSI/MultilingualASR/MultilingualASR/experiments/sepedi-asr-eda/dataset/nchlt_nso/audio/505/nchlt_nso_505m_0432.wav,nchlt_nso_505m_0432,
/Users/khensanichabalala/DSFSI/MultilingualASR/MultilingualASR/experiments/sepedi-asr-eda/dataset/nchlt_nso/audio/505/nchlt_nso_505m_0354.wav,nchlt_nso_505m_0354,
/Users/khensanichabalala/DSFSI/MultilingualASR/MultilingualASR/experiments/sepedi-asr-eda/dataset/nchlt_nso/audio/505/nchlt_nso_505m_0383.wav,nchlt_nso_505m_0383,
/Users/khensanichabalala/DSFSI/MultilingualASR/MultilingualASR/experiments/sepedi-asr-eda/dataset/nchlt_nso/audio/505/nchlt_nso_505m_0397.wav,nchlt_nso_505m_0397,
/Users/khensanichabalala/DSFSI/MultilingualASR/MultilingualASR/experiments/sepedi-asr-eda/dataset/nchlt_nso/audio/505/nchlt_nso_505m_0142.wav,nchlt_nso_505m_0142,
/Users/khensanichabalala/DSFSI/MultilingualASR/MultilingualASR/experiments/sepedi-asr-eda/dataset/nchlt_nso/audio/505/nchlt_nso_505m_0156.wav,nchlt_nso_505m_0156,
/Users/khensanichabalala/DSFSI/MultilingualASR/MultilingualASR/experiments/sepedi-asr-eda/dataset/nchlt_nso/audio/505/nchlt_nso_505m_0181.wav,nchlt_nso_505m_0181,
/Users/khensanichabalala/DSFSI/MultilingualASR/MultilingualASR/experiments/sepedi-asr-eda/dataset/nchlt_nso/audio/505/nchlt_nso_505m_0195.wav,nchlt_nso_505m_0195,
/Users/khensanichabalala/DSFSI/MultilingualASR/MultilingualASR/experiments/sepedi-asr-eda/dataset/nchlt_nso/audio/505/nchlt_nso_505m_0036.wav,nchlt_nso_505m_0036,
/Users/khensanichabalala/DSFSI/MultilingualASR/MultilingualASR/experiments/sepedi-asr-eda/dataset/nchlt_nso/audio/505/nchlt_nso_505m_0234.wav,nchlt_nso_505m_0234,
/Users/khensanichabalala/DSFSI/MultilingualASR/MultilingualASR/experiments/sepedi-asr-eda/dataset/nchlt_nso/audio/505/nchlt_nso_505m_0552.wav,nchlt_nso_505m_0552,
/Users/khensanichabalala/DSFSI/MultilingualASR/MultilingualASR/experiments/sepedi-asr-eda/dataset/nchlt_nso/audio/505/nchlt_nso_505m_0591.wav,nchlt_nso_505m_0591,
/Users/khensanichabalala/DSFSI/MultilingualASR/MultilingualASR/experiments/sepedi-asr-eda/dataset/nchlt_nso/audio/505/nchlt_nso_505m_0584.wav,nchlt_nso_505m_0584,
/Users/khensanichabalala/DSFSI/MultilingualASR/MultilingualASR/experiments/sepedi-asr-eda/dataset/nchlt_nso/audio/505/nchlt_nso_505m_0547.wav,nchlt_nso_505m_0547,
/Users/khensanichabalala/DSFSI/MultilingualASR/MultilingualASR/experiments/sepedi-asr-eda/dataset/nchlt_nso/audio/505/nchlt_nso_505m_0221.wav,nchlt_nso_505m_0221,
/Users/khensanichabalala/DSFSI/MultilingualASR/MultilingualASR/experiments/sepedi-asr-eda/dataset/nchlt_nso/audio/505/nchlt_nso_505m_0209.wav,nchlt_nso_505m_0209,
/Users/khensanichabalala/DSFSI/MultilingualASR/MultilingualASR/experiments/sepedi-asr-eda/dataset/nchlt_nso/audio/505/nchlt_nso_505m_0037.wav,nchlt_nso_505m_0037,
/Users/khensanichabalala/DSFSI/MultilingualASR/MultilingualASR/experiments/sepedi-asr-eda/dataset/nchlt_nso/audio/505/nchlt_nso_505m_0180.wav,nchlt_nso_505m_0180,
/Users/khensanichabalala/DSFSI/MultilingualASR/MultilingualASR/experiments/sepedi-asr-eda/dataset/nchlt_nso/audio/505/nchlt_nso_505m_0157.wav,nchlt_nso_505m_0157,
/Users/khensanichabalala/DSFSI/MultilingualASR/MultilingualASR/experiments/sepedi-asr-eda/dataset/nchlt_nso/audio/505/nchlt_nso_505m_0143.wav,nchlt_nso_505m_0143,
/Users/khensanichabalala/DSFSI/MultilingualASR/MultilingualASR/experiments/sepedi-asr-eda/dataset/nchlt_nso/audio/505/nchlt_nso_505m_0396.wav,nchlt_nso_505m_0396,
/Users/khensanichabalala/DSFSI/MultilingualASR/MultilingualASR/experiments/sepedi-asr-eda/dataset/nchlt_nso/audio/505/nchlt_nso_505m_0382.wav,nchlt_nso_505m_0382,
/Users/khensanichabalala/DSFSI/MultilingualASR/MultilingualASR/experiments/sepedi-asr-eda/dataset/nchlt_nso/audio/505/nchlt_nso_505m_0341.wav,nchlt_nso_505m_0341,
/Users/khensanichabalala/DSFSI/MultilingualASR/MultilingualASR/experiments/sepedi-asr-eda/dataset/nchlt_nso/audio/505/nchlt_nso_505m_0427.wav,nchlt_nso_505m_0427,
/Users/khensanichabalala/DSFSI/MultilingualASR/MultilingualASR/experiments/sepedi-asr-eda/dataset/nchlt_nso/audio/505/nchlt_nso_505m_0369.wav,nchlt_nso_505m_0369,
/Users/khensanichabalala/DSFSI/MultilingualASR/MultilingualASR/experiments/sepedi-asr-eda/dataset/nchlt_nso/audio/504/nchlt_nso_504f_0112.wav,nchlt_nso_504f_0112,
/Users/khensanichabalala/DSFSI/MultilingualASR/MultilingualASR/experiments/sepedi-asr-eda/dataset/nchlt_nso/audio/504/nchlt_nso_504f_0489.wav,nchlt_nso_504f_0489,
/Users/khensanichabalala/DSFSI/MultilingualASR/MultilingualASR/experiments/sepedi-asr-eda/dataset/nchlt_nso/audio/504/nchlt_nso_504f_0338.wav,nchlt_nso_504f_0338,
/Users/khensanichabalala/DSFSI/MultilingualASR/MultilingualASR/experiments/sepedi-asr-eda/dataset/nchlt_nso/audio/504/nchlt_nso_504f_0462.wav,nchlt_nso_504f_0462,
/Users/khensanichabalala/DSFSI/MultilingualASR/MultilingualASR/experiments/sepedi-asr-eda/dataset/nchlt_nso/audio/504/nchlt_nso_504f_0310.wav,nchlt_nso_504f_0310,
/Users/khensanichabalala/DSFSI/MultilingualASR/MultilingualASR/experiments/sepedi-asr-eda/dataset/nchlt_nso/audio/504/nchlt_nso_504f_0476.wav,nchlt_nso_504f_0476,
/Users/khensanichabalala/DSFSI/MultilingualASR/MultilingualASR/experiments/sepedi-asr-eda/dataset/nchlt_nso/audio/504/nchlt_nso_504f_0258.wav,nchlt_nso_504f_0258,
/Users/khensanichabalala/DSFSI/MultilingualASR/MultilingualASR/experiments/sepedi-asr-eda/dataset/nchlt_nso/audio/504/nchlt_nso_504f_0264.wav,nchlt_nso_504f_0264,
/Users/khensanichabalala/DSFSI/MultilingualASR/MultilingualASR/experiments/sepedi-asr-eda/dataset/nchlt_nso/audio/504/nchlt_nso_504f_0502.wav,nchlt_nso_504f_0502,
/Users/khensanichabalala/DSFSI/MultilingualASR/MultilingualASR/experiments/sepedi-asr-eda/dataset/nchlt_nso/audio/504/nchlt_nso_504f_0099.wav,nchlt_nso_504f_0099,
/Users/khensanichabalala/DSFSI/MultilingualASR/MultilingualASR/experiments/sepedi-asr-eda/dataset/nchlt_nso/audio/504/nchlt_nso_504f_0072.wav,nchlt_nso_504f_0072,
/Users/khensanichabalala/DSFSI/MultilingualASR/MultilingualASR/experiments/sepedi-asr-eda/dataset/nchlt_nso/audio/504/nchlt_nso_504f_0067.wav,nchlt_nso_504f_0067,
/Users/khensanichabalala/DSFSI/MultilingualASR/MultilingualASR/experiments/sepedi-asr-eda/dataset/nchlt_nso/audio/504/nchlt_nso_504f_0098.wav,nchlt_nso_504f_0098,
/Users/khensanichabalala/DSFSI/MultilingualASR/MultilingualASR/experiments/sepedi-asr-eda/dataset/nchlt_nso/audio/504/nchlt_nso_504f_0271.wav,nchlt_nso_504f_0271,
/Users/khensanichabalala/DSFSI/MultilingualASR/MultilingualASR/experiments/sepedi-asr-eda/dataset/nchlt_nso/audio/504/nchlt_nso_504f_0259.wav,nchlt_nso_504f_0259,
/Users/khensanichabalala/DSFSI/MultilingualASR/MultilingualASR/experiments/sepedi-asr-eda/dataset/nchlt_nso/audio/504/nchlt_nso_504f_0311.wav,nchlt_nso_504f_0311,
/Users/khensanichabalala/DSFSI/MultilingualASR/MultilingualASR/experiments/sepedi-asr-eda/dataset/nchlt_nso/audio/504/nchlt_nso_504f_0477.wav,nchlt_nso_504f_0477,
/Users/khensanichabalala/DSFSI/MultilingualASR/MultilingualASR/experiments/sepedi-asr-eda/dataset/nchlt_nso/audio/504/nchlt_nso_504f_0463.wav,nchlt_nso_504f_0463,
/Users/khensanichabalala/DSFSI/MultilingualASR/MultilingualASR/experiments/sepedi-asr-eda/dataset/nchlt_nso/audio/504/nchlt_nso_504f_0339.wav,nchlt_nso_504f_0339,
/Users/khensanichabalala/DSFSI/MultilingualASR/MultilingualASR/experiments/sepedi-asr-eda/dataset/nchlt_nso/audio/504/nchlt_nso_504f_0139.wav,nchlt_nso_504f_0139,
/Users/khensanichabalala/DSFSI/MultilingualASR/MultilingualASR/experiments/sepedi-asr-eda/dataset/nchlt_nso/audio/504/nchlt_nso_504f_0111.wav,nchlt_nso_504f_0111,
/Users/khensanichabalala/DSFSI/MultilingualASR/MultilingualASR/experiments/sepedi-asr-eda/dataset/nchlt_nso/audio/504/nchlt_nso_504f_0105.wav,nchlt_nso_504f_0105,
/Users/khensanichabalala/DSFSI/MultilingualASR/MultilingualASR/experiments/sepedi-asr-eda/dataset/nchlt_nso/audio/504/nchlt_nso_504f_0449.wav,nchlt_nso_504f_0449,
/Users/khensanichabalala/DSFSI/MultilingualASR/MultilingualASR/experiments/sepedi-asr-eda/dataset/nchlt_nso/audio/504/nchlt_nso_504f_0475.wav,nchlt_nso_504f_0475,
/Users/khensanichabalala/DSFSI/MultilingualASR/MultilingualASR/experiments/sepedi-asr-eda/dataset/nchlt_nso/audio/504/nchlt_nso_504f_0313.wav,nchlt_nso_504f_0313,
/Users/khensanichabalala/DSFSI/MultilingualASR/MultilingualASR/experiments/sepedi-asr-eda/dataset/nchlt_nso/audio/504/nchlt_nso_504f_0461.wav,nchlt_nso_504f_0461,
/Users/khensanichabalala/DSFSI/MultilingualASR/MultilingualASR/experiments/sepedi-asr-eda/dataset/nchlt_nso/audio/504/nchlt_nso_504f_0501.wav,nchlt_nso_504f_0501,
/Users/khensanichabalala/DSFSI/MultilingualASR/MultilingualASR/experiments/sepedi-asr-eda/dataset/nchlt_nso/audio/504/nchlt_nso_504f_0273.wav,nchlt_nso_504f_0273,
/Users/khensanichabalala/DSFSI/MultilingualASR/MultilingualASR/experiments/sepedi-asr-eda/dataset/nchlt_nso/audio/504/nchlt_nso_504f_0059.wav,nchlt_nso_504f_0059,
/Users/khensanichabalala/DSFSI/MultilingualASR/MultilingualASR/experiments/sepedi-asr-eda/dataset/nchlt_nso/audio/504/nchlt_nso_504f_0065.wav,nchlt_nso_504f_0065,
/Users/khensanichabalala/DSFSI/MultilingualASR/MultilingualASR/experiments/sepedi-asr-eda/dataset/nchlt_nso/audio/504/nchlt_nso_504f_0071.wav,nchlt_nso_504f_0071,
/Users/khensanichabalala/DSFSI/MultilingualASR/MultilingualASR/experiments/sepedi-asr-eda/dataset/nchlt_nso/audio/504/nchlt_nso_504f_0064.wav,nchlt_nso_504f_0064,
/Users/khensanichabalala/DSFSI/MultilingualASR/MultilingualASR/experiments/sepedi-asr-eda/dataset/nchlt_nso/audio/504/nchlt_nso_504f_0058.wav,nchlt_nso_504f_0058,
/Users/khensanichabalala/DSFSI/MultilingualASR/MultilingualASR/experiments/sepedi-asr-eda/dataset/nchlt_nso/audio/504/nchlt_nso_504f_0272.wav,nchlt_nso_504f_0272,
/Users/khensanichabalala/DSFSI/MultilingualASR/MultilingualASR/experiments/sepedi-asr-eda/dataset/nchlt_nso/audio/504/nchlt_nso_504f_0500.wav,nchlt_nso_504f_0500,
/Users/khensanichabalala/DSFSI/MultilingualASR/MultilingualASR/experiments/sepedi-asr-eda/dataset/nchlt_nso/audio/504/nchlt_nso_504f_0299.wav,nchlt_nso_504f_0299,
/Users/khensanichabalala/DSFSI/MultilingualASR/MultilingualASR/experiments/sepedi-asr-eda/dataset/nchlt_nso/audio/504/nchlt_nso_504f_0306.wav,nchlt_nso_504f_0306,
/Users/khensanichabalala/DSFSI/MultilingualASR/MultilingualASR/experiments/sepedi-asr-eda/dataset/nchlt_nso/audio/504/nchlt_nso_504f_0460.wav,nchlt_nso_504f_0460,
/Users/khensanichabalala/DSFSI/MultilingualASR/MultilingualASR/experiments/sepedi-asr-eda/dataset/nchlt_nso/audio/504/nchlt_nso_504f_0474.wav,nchlt_nso_504f_0474,
/Users/khensanichabalala/DSFSI/MultilingualASR/MultilingualASR/experiments/sepedi-asr-eda/dataset/nchlt_nso/audio/504/nchlt_nso_504f_0312.wav,nchlt_nso_504f_0312,
/Users/khensanichabalala/DSFSI/MultilingualASR/MultilingualASR/experiments/sepedi-asr-eda/dataset/nchlt_nso/audio/504/nchlt_nso_504f_0110.wav,nchlt_nso_504f_0110,
/Users/khensanichabalala/DSFSI/MultilingualASR/MultilingualASR/experiments/sepedi-asr-eda/dataset/nchlt_nso/audio/504/nchlt_nso_504f_0138.wav,nchlt_nso_504f_0138,
/Users/khensanichabalala/DSFSI/MultilingualASR/MultilingualASR/experiments/sepedi-asr-eda/dataset/nchlt_nso/audio/504/nchlt_nso_504f_0100.wav,nchlt_nso_504f_0100,
/Users/khensanichabalala/DSFSI/MultilingualASR/MultilingualASR/experiments/sepedi-asr-eda/dataset/nchlt_nso/audio/504/nchlt_nso_504f_0128.wav,nchlt_nso_504f_0128,
/Users/khensanichabalala/DSFSI/MultilingualASR/MultilingualASR/experiments/sepedi-asr-eda/dataset/nchlt_nso/audio/504/nchlt_nso_504f_0316.wav,nchlt_nso_504f_0316,
/Users/khensanichabalala/DSFSI/MultilingualASR/MultilingualASR/experiments/sepedi-asr-eda/dataset/nchlt_nso/audio/504/nchlt_nso_504f_0470.wav,nchlt_nso_504f_0470,
/Users/khensanichabalala/DSFSI/MultilingualASR/MultilingualASR/experiments/sepedi-asr-eda/dataset/nchlt_nso/audio/504/nchlt_nso_504f_0302.wav,nchlt_nso_504f_0302,
/Users/khensanichabalala/DSFSI/MultilingualASR/MultilingualASR/experiments/sepedi-asr-eda/dataset/nchlt_nso/audio/504/nchlt_nso_504f_0458.wav,nchlt_nso_504f_0458,
/Users/khensanichabalala/DSFSI/MultilingualASR/MultilingualASR/experiments/sepedi-asr-eda/dataset/nchlt_nso/audio/504/nchlt_nso_504f_0289.wav,nchlt_nso_504f_0289,
/Users/khensanichabalala/DSFSI/MultilingualASR/MultilingualASR/experiments/sepedi-asr-eda/dataset/nchlt_nso/audio/504/nchlt_nso_504f_0262.wav,nchlt_nso_504f_0262,
/Users/khensanichabalala/DSFSI/MultilingualASR/MultilingualASR/experiments/sepedi-asr-eda/dataset/nchlt_nso/audio/504/nchlt_nso_504f_0060.wav,nchlt_nso_504f_0060,
/Users/khensanichabalala/DSFSI/MultilingualASR/MultilingualASR/experiments/sepedi-asr-eda/dataset/nchlt_nso/audio/504/nchlt_nso_504f_0048.wav,nchlt_nso_504f_0048,
/Users/khensanichabalala/DSFSI/MultilingualASR/MultilingualASR/experiments/sepedi-asr-eda/dataset/nchlt_nso/audio/504/nchlt_nso_504f_0049.wav,nchlt_nso_504f_0049,
/Users/khensanichabalala/DSFSI/MultilingualASR/MultilingualASR/experiments/sepedi-asr-eda/dataset/nchlt_nso/audio/504/nchlt_nso_504f_0075.wav,nchlt_nso_504f_0075,
/Users/khensanichabalala/DSFSI/MultilingualASR/MultilingualASR/experiments/sepedi-asr-eda/dataset/nchlt_nso/audio/504/nchlt_nso_504f_0061.wav,nchlt_nso_504f_0061,
/Users/khensanichabalala/DSFSI/MultilingualASR/MultilingualASR/experiments/sepedi-asr-eda/dataset/nchlt_nso/audio/504/nchlt_nso_504f_0277.wav,nchlt_nso_504f_0277,
/Users/khensanichabalala/DSFSI/MultilingualASR/MultilingualASR/experiments/sepedi-asr-eda/dataset/nchlt_nso/audio/504/nchlt_nso_504f_0263.wav,nchlt_nso_504f_0263,
/Users/khensanichabalala/DSFSI/MultilingualASR/MultilingualASR/experiments/sepedi-asr-eda/dataset/nchlt_nso/audio/504/nchlt_nso_504f_0465.wav,nchlt_nso_504f_0465,
/Users/khensanichabalala/DSFSI/MultilingualASR/MultilingualASR/experiments/sepedi-asr-eda/dataset/nchlt_nso/audio/504/nchlt_nso_504f_0303.wav,nchlt_nso_504f_0303,
/Users/khensanichabalala/DSFSI/MultilingualASR/MultilingualASR/experiments/sepedi-asr-eda/dataset/nchlt_nso/audio/504/nchlt_nso_504f_0317.wav,nchlt_nso_504f_0317,
/Users/khensanichabalala/DSFSI/MultilingualASR/MultilingualASR/experiments/sepedi-asr-eda/dataset/nchlt_nso/audio/504/nchlt_nso_504f_0471.wav,nchlt_nso_504f_0471,
/Users/khensanichabalala/DSFSI/MultilingualASR/MultilingualASR/experiments/sepedi-asr-eda/dataset/nchlt_nso/audio/504/nchlt_nso_504f_0129.wav,nchlt_nso_504f_0129,
/Users/khensanichabalala/DSFSI/MultilingualASR/MultilingualASR/experiments/sepedi-asr-eda/dataset/nchlt_nso/audio/504/nchlt_nso_504f_0115.wav,nchlt_nso_504f_0115,
/Users/khensanichabalala/DSFSI/MultilingualASR/MultilingualASR/experiments/sepedi-asr-eda/dataset/nchlt_nso/audio/504/nchlt_nso_504f_0103.wav,nchlt_nso_504f_0103,
/Users/khensanichabalala/DSFSI/MultilingualASR/MultilingualASR/experiments/sepedi-asr-eda/dataset/nchlt_nso/audio/504/nchlt_nso_504f_0117.wav,nchlt_nso_504f_0117,
/Users/khensanichabalala/DSFSI/MultilingualASR/MultilingualASR/experiments/sepedi-asr-eda/dataset/nchlt_nso/audio/504/nchlt_nso_504f_0498.wav,nchlt_nso_504f_0498,
/Users/khensanichabalala/DSFSI/MultilingualASR/MultilingualASR/experiments/sepedi-asr-eda/dataset/nchlt_nso/audio/504/nchlt_nso_504f_0467.wav,nchlt_nso_504f_0467,
/Users/khensanichabalala/DSFSI/MultilingualASR/MultilingualASR/experiments/sepedi-asr-eda/dataset/nchlt_nso/audio/504/nchlt_nso_504f_0315.wav,nchlt_nso_504f_0315,
/Users/khensanichabalala/DSFSI/MultilingualASR/MultilingualASR/experiments/sepedi-asr-eda/dataset/nchlt_nso/audio/504/nchlt_nso_504f_0329.wav,nchlt_nso_504f_0329,
/Users/khensanichabalala/DSFSI/MultilingualASR/MultilingualASR/experiments/sepedi-asr-eda/dataset/nchlt_nso/audio/504/nchlt_nso_504f_0261.wav,nchlt_nso_504f_0261,
/Users/khensanichabalala/DSFSI/MultilingualASR/MultilingualASR/experiments/sepedi-asr-eda/dataset/nchlt_nso/audio/504/nchlt_nso_504f_0088.wav,nchlt_nso_504f_0088,
/Users/khensanichabalala/DSFSI/MultilingualASR/MultilingualASR/experiments/sepedi-asr-eda/dataset/nchlt_nso/audio/504/nchlt_nso_504f_0063.wav,nchlt_nso_504f_0063,
/Users/khensanichabalala/DSFSI/MultilingualASR/MultilingualASR/experiments/sepedi-asr-eda/dataset/nchlt_nso/audio/504/nchlt_nso_504f_0062.wav,nchlt_nso_504f_0062,
/Users/khensanichabalala/DSFSI/MultilingualASR/MultilingualASR/experiments/sepedi-asr-eda/dataset/nchlt_nso/audio/504/nchlt_nso_504f_0089.wav,nchlt_nso_504f_0089,
/Users/khensanichabalala/DSFSI/MultilingualASR/MultilingualASR/experiments/sepedi-asr-eda/dataset/nchlt_nso/audio/504/nchlt_nso_504f_0274.wav,nchlt_nso_504f_0274,
/Users/khensanichabalala/DSFSI/MultilingualASR/MultilingualASR/experiments/sepedi-asr-eda/dataset/nchlt_nso/audio/504/nchlt_nso_504f_0472.wav,nchlt_nso_504f_0472,
/Users/khensanichabalala/DSFSI/MultilingualASR/MultilingualASR/experiments/sepedi-asr-eda/dataset/nchlt_nso/audio/504/nchlt_nso_504f_0314.wav,nchlt_nso_504f_0314,
/Users/khensanichabalala/DSFSI/MultilingualASR/MultilingualASR/experiments/sepedi-asr-eda/dataset/nchlt_nso/audio/504/nchlt_nso_504f_0300.wav,nchlt_nso_504f_0300,
/Users/khensanichabalala/DSFSI/MultilingualASR/MultilingualASR/experiments/sepedi-asr-eda/dataset/nchlt_nso/audio/504/nchlt_nso_504f_0466.wav,nchlt_nso_504f_0466,
/Users/khensanichabalala/DSFSI/MultilingualASR/MultilingualASR/experiments/sepedi-asr-eda/dataset/nchlt_nso/audio/504/nchlt_nso_504f_0499.wav,nchlt_nso_504f_0499,
/Users/khensanichabalala/DSFSI/MultilingualASR/MultilingualASR/experiments/sepedi-asr-eda/dataset/nchlt_nso/audio/504/nchlt_nso_504f_0116.wav,nchlt_nso_504f_0116,
/Users/khensanichabalala/DSFSI/MultilingualASR/MultilingualASR/experiments/sepedi-asr-eda/dataset/nchlt_nso/audio/504/nchlt_nso_504f_0165.wav,nchlt_nso_504f_0165,
/Users/khensanichabalala/DSFSI/MultilingualASR/MultilingualASR/experiments/sepedi-asr-eda/dataset/nchlt_nso/audio/504/nchlt_nso_504f_0171.wav,nchlt_nso_504f_0171,
/Users/khensanichabalala/DSFSI/MultilingualASR/MultilingualASR/experiments/sepedi-asr-eda/dataset/nchlt_nso/audio/504/nchlt_nso_504f_0398.wav,nchlt_nso_504f_0398,
/Users/khensanichabalala/DSFSI/MultilingualASR/MultilingualASR/experiments/sepedi-asr-eda/dataset/nchlt_nso/audio/504/nchlt_nso_504f_0429.wav,nchlt_nso_504f_0429,
/Users/khensanichabalala/DSFSI/MultilingualASR/MultilingualASR/experiments/sepedi-asr-eda/dataset/nchlt_nso/audio/504/nchlt_nso_504f_0367.wav,nchlt_nso_504f_0367,
/Users/khensanichabalala/DSFSI/MultilingualASR/MultilingualASR/experiments/sepedi-asr-eda/dataset/nchlt_nso/audio/504/nchlt_nso_504f_0401.wav,nchlt_nso_504f_0401,
/Users/khensanichabalala/DSFSI/MultilingualASR/MultilingualASR/experiments/sepedi-asr-eda/dataset/nchlt_nso/audio/504/nchlt_nso_504f_0213.wav,nchlt_nso_504f_0213,
/Users/khensanichabalala/DSFSI/MultilingualASR/MultilingualASR/experiments/sepedi-asr-eda/dataset/nchlt_nso/audio/504/nchlt_nso_504f_0207.wav,nchlt_nso_504f_0207,
/Users/khensanichabalala/DSFSI/MultilingualASR/MultilingualASR/experiments/sepedi-asr-eda/dataset/nchlt_nso/audio/504/nchlt_nso_504f_0039.wav,nchlt_nso_504f_0039,
/Users/khensanichabalala/DSFSI/MultilingualASR/MultilingualASR/experiments/sepedi-asr-eda/dataset/nchlt_nso/audio/504/nchlt_nso_504f_0011.wav,nchlt_nso_504f_0011,
/Users/khensanichabalala/DSFSI/MultilingualASR/MultilingualASR/experiments/sepedi-asr-eda/dataset/nchlt_nso/audio/504/nchlt_nso_504f_0005.wav,nchlt_nso_504f_0005,
/Users/khensanichabalala/DSFSI/MultilingualASR/MultilingualASR/experiments/sepedi-asr-eda/dataset/nchlt_nso/audio/504/nchlt_nso_504f_0004.wav,nchlt_nso_504f_0004,
/Users/khensanichabalala/DSFSI/MultilingualASR/MultilingualASR/experiments/sepedi-asr-eda/dataset/nchlt_nso/audio/504/nchlt_nso_504f_0414.wav,nchlt_nso_504f_0414,
/Users/khensanichabalala/DSFSI/MultilingualASR/MultilingualASR/experiments/sepedi-asr-eda/dataset/nchlt_nso/audio/504/nchlt_nso_504f_0372.wav,nchlt_nso_504f_0372,
/Users/khensanichabalala/DSFSI/MultilingualASR/MultilingualASR/experiments/sepedi-asr-eda/dataset/nchlt_nso/audio/504/nchlt_nso_504f_0399.wav,nchlt_nso_504f_0399,
/Users/khensanichabalala/DSFSI/MultilingualASR/MultilingualASR/experiments/sepedi-asr-eda/dataset/nchlt_nso/audio/504/nchlt_nso_504f_0164.wav,nchlt_nso_504f_0164,
/Users/khensanichabalala/DSFSI/MultilingualASR/MultilingualASR/experiments/sepedi-asr-eda/dataset/nchlt_nso/audio/504/nchlt_nso_504f_0158.wav,nchlt_nso_504f_0158,
/Users/khensanichabalala/DSFSI/MultilingualASR/MultilingualASR/experiments/sepedi-asr-eda/dataset/nchlt_nso/audio/504/nchlt_nso_504f_0172.wav,nchlt_nso_504f_0172,
/Users/khensanichabalala/DSFSI/MultilingualASR/MultilingualASR/experiments/sepedi-asr-eda/dataset/nchlt_nso/audio/504/nchlt_nso_504f_0166.wav,nchlt_nso_504f_0166,
/Users/khensanichabalala/DSFSI/MultilingualASR/MultilingualASR/experiments/sepedi-asr-eda/dataset/nchlt_nso/audio/504/nchlt_nso_504f_0358.wav,nchlt_nso_504f_0358,
/Users/khensanichabalala/DSFSI/MultilingualASR/MultilingualASR/experiments/sepedi-asr-eda/dataset/nchlt_nso/audio/504/nchlt_nso_504f_0370.wav,nchlt_nso_504f_0370,
/Users/khensanichabalala/DSFSI/MultilingualASR/MultilingualASR/experiments/sepedi-asr-eda/dataset/nchlt_nso/audio/504/nchlt_nso_504f_0416.wav,nchlt_nso_504f_0416,
/Users/khensanichabalala/DSFSI/MultilingualASR/MultilingualASR/experiments/sepedi-asr-eda/dataset/nchlt_nso/audio/504/nchlt_nso_504f_0402.wav,nchlt_nso_504f_0402,
/Users/khensanichabalala/DSFSI/MultilingualASR/MultilingualASR/experiments/sepedi-asr-eda/dataset/nchlt_nso/audio/504/nchlt_nso_504f_0364.wav,nchlt_nso_504f_0364,
/Users/khensanichabalala/DSFSI/MultilingualASR/MultilingualASR/experiments/sepedi-asr-eda/dataset/nchlt_nso/audio/504/nchlt_nso_504f_0238.wav,nchlt_nso_504f_0238,
/Users/khensanichabalala/DSFSI/MultilingualASR/MultilingualASR/experiments/sepedi-asr-eda/dataset/nchlt_nso/audio/504/nchlt_nso_504f_0210.wav,nchlt_nso_504f_0210,
/Users/khensanichabalala/DSFSI/MultilingualASR/MultilingualASR/experiments/sepedi-asr-eda/dataset/nchlt_nso/audio/504/nchlt_nso_504f_0012.wav,nchlt_nso_504f_0012,
/Users/khensanichabalala/DSFSI/MultilingualASR/MultilingualASR/experiments/sepedi-asr-eda/dataset/nchlt_nso/audio/504/nchlt_nso_504f_0211.wav,nchlt_nso_504f_0211,
/Users/khensanichabalala/DSFSI/MultilingualASR/MultilingualASR/experiments/sepedi-asr-eda/dataset/nchlt_nso/audio/504/nchlt_nso_504f_0205.wav,nchlt_nso_504f_0205,
/Users/khensanichabalala/DSFSI/MultilingualASR/MultilingualASR/experiments/sepedi-asr-eda/dataset/nchlt_nso/audio/504/nchlt_nso_504f_0239.wav,nchlt_nso_504f_0239,
/Users/khensanichabalala/DSFSI/MultilingualASR/MultilingualASR/experiments/sepedi-asr-eda/dataset/nchlt_nso/audio/504/nchlt_nso_504f_0403.wav,nchlt_nso_504f_0403,
/Users/khensanichabalala/DSFSI/MultilingualASR/MultilingualASR/experiments/sepedi-asr-eda/dataset/nchlt_nso/audio/504/nchlt_nso_504f_0371.wav,nchlt_nso_504f_0371,
/Users/khensanichabalala/DSFSI/MultilingualASR/MultilingualASR/experiments/sepedi-asr-eda/dataset/nchlt_nso/audio/504/nchlt_nso_504f_0417.wav,nchlt_nso_504f_0417,
/Users/khensanichabalala/DSFSI/MultilingualASR/MultilingualASR/experiments/sepedi-asr-eda/dataset/nchlt_nso/audio/504/nchlt_nso_504f_0167.wav,nchlt_nso_504f_0167,
/Users/khensanichabalala/DSFSI/MultilingualASR/MultilingualASR/experiments/sepedi-asr-eda/dataset/nchlt_nso/audio/504/nchlt_nso_504f_0173.wav,nchlt_nso_504f_0173,
/Users/khensanichabalala/DSFSI/MultilingualASR/MultilingualASR/experiments/sepedi-asr-eda/dataset/nchlt_nso/audio/504/nchlt_nso_504f_0198.wav,nchlt_nso_504f_0198,
/Users/khensanichabalala/DSFSI/MultilingualASR/MultilingualASR/experiments/sepedi-asr-eda/dataset/nchlt_nso/audio/504/nchlt_nso_504f_0413.wav,nchlt_nso_504f_0413,
/Users/khensanichabalala/DSFSI/MultilingualASR/MultilingualASR/experiments/sepedi-asr-eda/dataset/nchlt_nso/audio/504/nchlt_nso_504f_0361.wav,nchlt_nso_504f_0361,
/Users/khensanichabalala/DSFSI/MultilingualASR/MultilingualASR/experiments/sepedi-asr-eda/dataset/nchlt_nso/audio/504/nchlt_nso_504f_0407.wav,nchlt_nso_504f_0407,
/Users/khensanichabalala/DSFSI/MultilingualASR/MultilingualASR/experiments/sepedi-asr-eda/dataset/nchlt_nso/audio/504/nchlt_nso_504f_0201.wav,nchlt_nso_504f_0201,
/Users/khensanichabalala/DSFSI/MultilingualASR/MultilingualASR/experiments/sepedi-asr-eda/dataset/nchlt_nso/audio/504/nchlt_nso_504f_0229.wav,nchlt_nso_504f_0229,
/Users/khensanichabalala/DSFSI/MultilingualASR/MultilingualASR/experiments/sepedi-asr-eda/dataset/nchlt_nso/audio/504/nchlt_nso_504f_0017.wav,nchlt_nso_504f_0017,
/Users/khensanichabalala/DSFSI/MultilingualASR/MultilingualASR/experiments/sepedi-asr-eda/dataset/nchlt_nso/audio/504/nchlt_nso_504f_0016.wav,nchlt_nso_504f_0016,
/Users/khensanichabalala/DSFSI/MultilingualASR/MultilingualASR/experiments/sepedi-asr-eda/dataset/nchlt_nso/audio/504/nchlt_nso_504f_0002.wav,nchlt_nso_504f_0002,
/Users/khensanichabalala/DSFSI/MultilingualASR/MultilingualASR/experiments/sepedi-asr-eda/dataset/nchlt_nso/audio/504/nchlt_nso_504f_0228.wav,nchlt_nso_504f_0228,
/Users/khensanichabalala/DSFSI/MultilingualASR/MultilingualASR/experiments/sepedi-asr-eda/dataset/nchlt_nso/audio/504/nchlt_nso_504f_0214.wav,nchlt_nso_504f_0214,
/Users/khensanichabalala/DSFSI/MultilingualASR/MultilingualASR/experiments/sepedi-asr-eda/dataset/nchlt_nso/audio/504/nchlt_nso_504f_0200.wav,nchlt_nso_504f_0200,
/Users/khensanichabalala/DSFSI/MultilingualASR/MultilingualASR/experiments/sepedi-asr-eda/dataset/nchlt_nso/audio/504/nchlt_nso_504f_0348.wav,nchlt_nso_504f_0348,
/Users/khensanichabalala/DSFSI/MultilingualASR/MultilingualASR/experiments/sepedi-asr-eda/dataset/nchlt_nso/audio/504/nchlt_nso_504f_0360.wav,nchlt_nso_504f_0360,
/Users/khensanichabalala/DSFSI/MultilingualASR/MultilingualASR/experiments/sepedi-asr-eda/dataset/nchlt_nso/audio/504/nchlt_nso_504f_0406.wav,nchlt_nso_504f_0406,
/Users/khensanichabalala/DSFSI/MultilingualASR/MultilingualASR/experiments/sepedi-asr-eda/dataset/nchlt_nso/audio/504/nchlt_nso_504f_0412.wav,nchlt_nso_504f_0412,
/Users/khensanichabalala/DSFSI/MultilingualASR/MultilingualASR/experiments/sepedi-asr-eda/dataset/nchlt_nso/audio/504/nchlt_nso_504f_0374.wav,nchlt_nso_504f_0374,
/Users/khensanichabalala/DSFSI/MultilingualASR/MultilingualASR/experiments/sepedi-asr-eda/dataset/nchlt_nso/audio/504/nchlt_nso_504f_0162.wav,nchlt_nso_504f_0162,
/Users/khensanichabalala/DSFSI/MultilingualASR/MultilingualASR/experiments/sepedi-asr-eda/dataset/nchlt_nso/audio/504/nchlt_nso_504f_0176.wav,nchlt_nso_504f_0176,
/Users/khensanichabalala/DSFSI/MultilingualASR/MultilingualASR/experiments/sepedi-asr-eda/dataset/nchlt_nso/audio/504/nchlt_nso_504f_0189.wav,nchlt_nso_504f_0189,
/Users/khensanichabalala/DSFSI/MultilingualASR/MultilingualASR/experiments/sepedi-asr-eda/dataset/nchlt_nso/audio/504/nchlt_nso_504f_0174.wav,nchlt_nso_504f_0174,
/Users/khensanichabalala/DSFSI/MultilingualASR/MultilingualASR/experiments/sepedi-asr-eda/dataset/nchlt_nso/audio/504/nchlt_nso_504f_0148.wav,nchlt_nso_504f_0148,
/Users/khensanichabalala/DSFSI/MultilingualASR/MultilingualASR/experiments/sepedi-asr-eda/dataset/nchlt_nso/audio/504/nchlt_nso_504f_0389.wav,nchlt_nso_504f_0389,
/Users/khensanichabalala/DSFSI/MultilingualASR/MultilingualASR/experiments/sepedi-asr-eda/dataset/nchlt_nso/audio/504/nchlt_nso_504f_0404.wav,nchlt_nso_504f_0404,
/Users/khensanichabalala/DSFSI/MultilingualASR/MultilingualASR/experiments/sepedi-asr-eda/dataset/nchlt_nso/audio/504/nchlt_nso_504f_0362.wav,nchlt_nso_504f_0362,
/Users/khensanichabalala/DSFSI/MultilingualASR/MultilingualASR/experiments/sepedi-asr-eda/dataset/nchlt_nso/audio/504/nchlt_nso_504f_0376.wav,nchlt_nso_504f_0376,
/Users/khensanichabalala/DSFSI/MultilingualASR/MultilingualASR/experiments/sepedi-asr-eda/dataset/nchlt_nso/audio/504/nchlt_nso_504f_0438.wav,nchlt_nso_504f_0438,
/Users/khensanichabalala/DSFSI/MultilingualASR/MultilingualASR/experiments/sepedi-asr-eda/dataset/nchlt_nso/audio/504/nchlt_nso_504f_0216.wav,nchlt_nso_504f_0216,
/Users/khensanichabalala/DSFSI/MultilingualASR/MultilingualASR/experiments/sepedi-asr-eda/dataset/nchlt_nso/audio/504/nchlt_nso_504f_0202.wav,nchlt_nso_504f_0202,
/Users/khensanichabalala/DSFSI/MultilingualASR/MultilingualASR/experiments/sepedi-asr-eda/dataset/nchlt_nso/audio/504/nchlt_nso_504f_0014.wav,nchlt_nso_504f_0014,
/Users/khensanichabalala/DSFSI/MultilingualASR/MultilingualASR/experiments/sepedi-asr-eda/dataset/nchlt_nso/audio/504/nchlt_nso_504f_0029.wav,nchlt_nso_504f_0029,
/Users/khensanichabalala/DSFSI/MultilingualASR/MultilingualASR/experiments/sepedi-asr-eda/dataset/nchlt_nso/audio/504/nchlt_nso_504f_0015.wav,nchlt_nso_504f_0015,
/Users/khensanichabalala/DSFSI/MultilingualASR/MultilingualASR/experiments/sepedi-asr-eda/dataset/nchlt_nso/audio/504/nchlt_nso_504f_0203.wav,nchlt_nso_504f_0203,
/Users/khensanichabalala/DSFSI/MultilingualASR/MultilingualASR/experiments/sepedi-asr-eda/dataset/nchlt_nso/audio/504/nchlt_nso_504f_0217.wav,nchlt_nso_504f_0217,
/Users/khensanichabalala/DSFSI/MultilingualASR/MultilingualASR/experiments/sepedi-asr-eda/dataset/nchlt_nso/audio/504/nchlt_nso_504f_0377.wav,nchlt_nso_504f_0377,
/Users/khensanichabalala/DSFSI/MultilingualASR/MultilingualASR/experiments/sepedi-asr-eda/dataset/nchlt_nso/audio/504/nchlt_nso_504f_0405.wav,nchlt_nso_504f_0405,
/Users/khensanichabalala/DSFSI/MultilingualASR/MultilingualASR/experiments/sepedi-asr-eda/dataset/nchlt_nso/audio/504/nchlt_nso_504f_0363.wav,nchlt_nso_504f_0363,
/Users/khensanichabalala/DSFSI/MultilingualASR/MultilingualASR/experiments/sepedi-asr-eda/dataset/nchlt_nso/audio/504/nchlt_nso_504f_0388.wav,nchlt_nso_504f_0388,
/Users/khensanichabalala/DSFSI/MultilingualASR/MultilingualASR/experiments/sepedi-asr-eda/dataset/nchlt_nso/audio/504/nchlt_nso_504f_0175.wav,nchlt_nso_504f_0175,
/Users/khensanichabalala/DSFSI/MultilingualASR/MultilingualASR/experiments/sepedi-asr-eda/dataset/nchlt_nso/audio/504/nchlt_nso_504f_0161.wav,nchlt_nso_504f_0161,
/Users/khensanichabalala/DSFSI/MultilingualASR/MultilingualASR/experiments/sepedi-asr-eda/dataset/nchlt_nso/audio/504/nchlt_nso_504f_0187.wav,nchlt_nso_504f_0187,
/Users/khensanichabalala/DSFSI/MultilingualASR/MultilingualASR/experiments/sepedi-asr-eda/dataset/nchlt_nso/audio/504/nchlt_nso_504f_0193.wav,nchlt_nso_504f_0193,
/Users/khensanichabalala/DSFSI/MultilingualASR/MultilingualASR/experiments/sepedi-asr-eda/dataset/nchlt_nso/audio/504/nchlt_nso_504f_0178.wav,nchlt_nso_504f_0178,
/Users/khensanichabalala/DSFSI/MultilingualASR/MultilingualASR/experiments/sepedi-asr-eda/dataset/nchlt_nso/audio/504/nchlt_nso_504f_0144.wav,nchlt_nso_504f_0144,
/Users/khensanichabalala/DSFSI/MultilingualASR/MultilingualASR/experiments/sepedi-asr-eda/dataset/nchlt_nso/audio/504/nchlt_nso_504f_0391.wav,nchlt_nso_504f_0391,
/Users/khensanichabalala/DSFSI/MultilingualASR/MultilingualASR/experiments/sepedi-asr-eda/dataset/nchlt_nso/audio/504/nchlt_nso_504f_0408.wav,nchlt_nso_504f_0408,
/Users/khensanichabalala/DSFSI/MultilingualASR/MultilingualASR/experiments/sepedi-asr-eda/dataset/nchlt_nso/audio/504/nchlt_nso_504f_0420.wav,nchlt_nso_504f_0420,
/Users/khensanichabalala/DSFSI/MultilingualASR/MultilingualASR/experiments/sepedi-asr-eda/dataset/nchlt_nso/audio/504/nchlt_nso_504f_0434.wav,nchlt_nso_504f_0434,
/Users/khensanichabalala/DSFSI/MultilingualASR/MultilingualASR/experiments/sepedi-asr-eda/dataset/nchlt_nso/audio/504/nchlt_nso_504f_0352.wav,nchlt_nso_504f_0352,
/Users/khensanichabalala/DSFSI/MultilingualASR/MultilingualASR/experiments/sepedi-asr-eda/dataset/nchlt_nso/audio/504/nchlt_nso_504f_0018.wav,nchlt_nso_504f_0018,
/Users/khensanichabalala/DSFSI/MultilingualASR/MultilingualASR/experiments/sepedi-asr-eda/dataset/nchlt_nso/audio/504/nchlt_nso_504f_0030.wav,nchlt_nso_504f_0030,
/Users/khensanichabalala/DSFSI/MultilingualASR/MultilingualASR/experiments/sepedi-asr-eda/dataset/nchlt_nso/audio/504/nchlt_nso_504f_0024.wav,nchlt_nso_504f_0024,
/Users/khensanichabalala/DSFSI/MultilingualASR/MultilingualASR/experiments/sepedi-asr-eda/dataset/nchlt_nso/audio/504/nchlt_nso_504f_0025.wav,nchlt_nso_504f_0025,
/Users/khensanichabalala/DSFSI/MultilingualASR/MultilingualASR/experiments/sepedi-asr-eda/dataset/nchlt_nso/audio/504/nchlt_nso_504f_0031.wav,nchlt_nso_504f_0031,
/Users/khensanichabalala/DSFSI/MultilingualASR/MultilingualASR/experiments/sepedi-asr-eda/dataset/nchlt_nso/audio/504/nchlt_nso_504f_0227.wav,nchlt_nso_504f_0227,
/Users/khensanichabalala/DSFSI/MultilingualASR/MultilingualASR/experiments/sepedi-asr-eda/dataset/nchlt_nso/audio/504/nchlt_nso_504f_0233.wav,nchlt_nso_504f_0233,
/Users/khensanichabalala/DSFSI/MultilingualASR/MultilingualASR/experiments/sepedi-asr-eda/dataset/nchlt_nso/audio/504/nchlt_nso_504f_0435.wav,nchlt_nso_504f_0435,
/Users/khensanichabalala/DSFSI/MultilingualASR/MultilingualASR/experiments/sepedi-asr-eda/dataset/nchlt_nso/audio/504/nchlt_nso_504f_0353.wav,nchlt_nso_504f_0353,
/Users/khensanichabalala/DSFSI/MultilingualASR/MultilingualASR/experiments/sepedi-asr-eda/dataset/nchlt_nso/audio/504/nchlt_nso_504f_0347.wav,nchlt_nso_504f_0347,
/Users/khensanichabalala/DSFSI/MultilingualASR/MultilingualASR/experiments/sepedi-asr-eda/dataset/nchlt_nso/audio/504/nchlt_nso_504f_0409.wav,nchlt_nso_504f_0409,
/Users/khensanichabalala/DSFSI/MultilingualASR/MultilingualASR/experiments/sepedi-asr-eda/dataset/nchlt_nso/audio/504/nchlt_nso_504f_0390.wav,nchlt_nso_504f_0390,
/Users/khensanichabalala/DSFSI/MultilingualASR/MultilingualASR/experiments/sepedi-asr-eda/dataset/nchlt_nso/audio/504/nchlt_nso_504f_0384.wav,nchlt_nso_504f_0384,
/Users/khensanichabalala/DSFSI/MultilingualASR/MultilingualASR/experiments/sepedi-asr-eda/dataset/nchlt_nso/audio/504/nchlt_nso_504f_0151.wav,nchlt_nso_504f_0151,
/Users/khensanichabalala/DSFSI/MultilingualASR/MultilingualASR/experiments/sepedi-asr-eda/dataset/nchlt_nso/audio/504/nchlt_nso_504f_0179.wav,nchlt_nso_504f_0179,
/Users/khensanichabalala/DSFSI/MultilingualASR/MultilingualASR/experiments/sepedi-asr-eda/dataset/nchlt_nso/audio/504/nchlt_nso_504f_0192.wav,nchlt_nso_504f_0192,
/Users/khensanichabalala/DSFSI/MultilingualASR/MultilingualASR/experiments/sepedi-asr-eda/dataset/nchlt_nso/audio/504/nchlt_nso_504f_0153.wav,nchlt_nso_504f_0153,
/Users/khensanichabalala/DSFSI/MultilingualASR/MultilingualASR/experiments/sepedi-asr-eda/dataset/nchlt_nso/audio/504/nchlt_nso_504f_0147.wav,nchlt_nso_504f_0147,
/Users/khensanichabalala/DSFSI/MultilingualASR/MultilingualASR/experiments/sepedi-asr-eda/dataset/nchlt_nso/audio/504/nchlt_nso_504f_0392.wav,nchlt_nso_504f_0392,
/Users/khensanichabalala/DSFSI/MultilingualASR/MultilingualASR/experiments/sepedi-asr-eda/dataset/nchlt_nso/audio/504/nchlt_nso_504f_0379.wav,nchlt_nso_504f_0379,
/Users/khensanichabalala/DSFSI/MultilingualASR/MultilingualASR/experiments/sepedi-asr-eda/dataset/nchlt_nso/audio/504/nchlt_nso_504f_0351.wav,nchlt_nso_504f_0351,
/Users/khensanichabalala/DSFSI/MultilingualASR/MultilingualASR/experiments/sepedi-asr-eda/dataset/nchlt_nso/audio/504/nchlt_nso_504f_0437.wav,nchlt_nso_504f_0437,
/Users/khensanichabalala/DSFSI/MultilingualASR/MultilingualASR/experiments/sepedi-asr-eda/dataset/nchlt_nso/audio/504/nchlt_nso_504f_0423.wav,nchlt_nso_504f_0423,
/Users/khensanichabalala/DSFSI/MultilingualASR/MultilingualASR/experiments/sepedi-asr-eda/dataset/nchlt_nso/audio/504/nchlt_nso_504f_0225.wav,nchlt_nso_504f_0225,
/Users/khensanichabalala/DSFSI/MultilingualASR/MultilingualASR/experiments/sepedi-asr-eda/dataset/nchlt_nso/audio/504/nchlt_nso_504f_0027.wav,nchlt_nso_504f_0027,
/Users/khensanichabalala/DSFSI/MultilingualASR/MultilingualASR/experiments/sepedi-asr-eda/dataset/nchlt_nso/audio/504/nchlt_nso_504f_0033.wav,nchlt_nso_504f_0033,
/Users/khensanichabalala/DSFSI/MultilingualASR/MultilingualASR/experiments/sepedi-asr-eda/dataset/nchlt_nso/audio/504/nchlt_nso_504f_0032.wav,nchlt_nso_504f_0032,
/Users/khensanichabalala/DSFSI/MultilingualASR/MultilingualASR/experiments/sepedi-asr-eda/dataset/nchlt_nso/audio/504/nchlt_nso_504f_0224.wav,nchlt_nso_504f_0224,
/Users/khensanichabalala/DSFSI/MultilingualASR/MultilingualASR/experiments/sepedi-asr-eda/dataset/nchlt_nso/audio/504/nchlt_nso_504f_0218.wav,nchlt_nso_504f_0218,
/Users/khensanichabalala/DSFSI/MultilingualASR/MultilingualASR/experiments/sepedi-asr-eda/dataset/nchlt_nso/audio/504/nchlt_nso_504f_0350.wav,nchlt_nso_504f_0350,
/Users/khensanichabalala/DSFSI/MultilingualASR/MultilingualASR/experiments/sepedi-asr-eda/dataset/nchlt_nso/audio/504/nchlt_nso_504f_0436.wav,nchlt_nso_504f_0436,
/Users/khensanichabalala/DSFSI/MultilingualASR/MultilingualASR/experiments/sepedi-asr-eda/dataset/nchlt_nso/audio/504/nchlt_nso_504f_0378.wav,nchlt_nso_504f_0378,
/Users/khensanichabalala/DSFSI/MultilingualASR/MultilingualASR/experiments/sepedi-asr-eda/dataset/nchlt_nso/audio/504/nchlt_nso_504f_0387.wav,nchlt_nso_504f_0387,
/Users/khensanichabalala/DSFSI/MultilingualASR/MultilingualASR/experiments/sepedi-asr-eda/dataset/nchlt_nso/audio/504/nchlt_nso_504f_0393.wav,nchlt_nso_504f_0393,
/Users/khensanichabalala/DSFSI/MultilingualASR/MultilingualASR/experiments/sepedi-asr-eda/dataset/nchlt_nso/audio/504/nchlt_nso_504f_0146.wav,nchlt_nso_504f_0146,
/Users/khensanichabalala/DSFSI/MultilingualASR/MultilingualASR/experiments/sepedi-asr-eda/dataset/nchlt_nso/audio/504/nchlt_nso_504f_0152.wav,nchlt_nso_504f_0152,
/Users/khensanichabalala/DSFSI/MultilingualASR/MultilingualASR/experiments/sepedi-asr-eda/dataset/nchlt_nso/audio/504/nchlt_nso_504f_0185.wav,nchlt_nso_504f_0185,
/Users/khensanichabalala/DSFSI/MultilingualASR/MultilingualASR/experiments/sepedi-asr-eda/dataset/nchlt_nso/audio/504/nchlt_nso_504f_0191.wav,nchlt_nso_504f_0191,
/Users/khensanichabalala/DSFSI/MultilingualASR/MultilingualASR/experiments/sepedi-asr-eda/dataset/nchlt_nso/audio/504/nchlt_nso_504f_0195.wav,nchlt_nso_504f_0195,
/Users/khensanichabalala/DSFSI/MultilingualASR/MultilingualASR/experiments/sepedi-asr-eda/dataset/nchlt_nso/audio/504/nchlt_nso_504f_0181.wav,nchlt_nso_504f_0181,
/Users/khensanichabalala/DSFSI/MultilingualASR/MultilingualASR/experiments/sepedi-asr-eda/dataset/nchlt_nso/audio/504/nchlt_nso_504f_0142.wav,nchlt_nso_504f_0142,
/Users/khensanichabalala/DSFSI/MultilingualASR/MultilingualASR/experiments/sepedi-asr-eda/dataset/nchlt_nso/audio/504/nchlt_nso_504f_0397.wav,nchlt_nso_504f_0397,
/Users/khensanichabalala/DSFSI/MultilingualASR/MultilingualASR/experiments/sepedi-asr-eda/dataset/nchlt_nso/audio/504/nchlt_nso_504f_0340.wav,nchlt_nso_504f_0340,
/Users/khensanichabalala/DSFSI/MultilingualASR/MultilingualASR/experiments/sepedi-asr-eda/dataset/nchlt_nso/audio/504/nchlt_nso_504f_0426.wav,nchlt_nso_504f_0426,
/Users/khensanichabalala/DSFSI/MultilingualASR/MultilingualASR/experiments/sepedi-asr-eda/dataset/nchlt_nso/audio/504/nchlt_nso_504f_0368.wav,nchlt_nso_504f_0368,
/Users/khensanichabalala/DSFSI/MultilingualASR/MultilingualASR/experiments/sepedi-asr-eda/dataset/nchlt_nso/audio/504/nchlt_nso_504f_0220.wav,nchlt_nso_504f_0220,
/Users/khensanichabalala/DSFSI/MultilingualASR/MultilingualASR/experiments/sepedi-asr-eda/dataset/nchlt_nso/audio/504/nchlt_nso_504f_0234.wav,nchlt_nso_504f_0234,
/Users/khensanichabalala/DSFSI/MultilingualASR/MultilingualASR/experiments/sepedi-asr-eda/dataset/nchlt_nso/audio/504/nchlt_nso_504f_0208.wav,nchlt_nso_504f_0208,
/Users/khensanichabalala/DSFSI/MultilingualASR/MultilingualASR/experiments/sepedi-asr-eda/dataset/nchlt_nso/audio/504/nchlt_nso_504f_0022.wav,nchlt_nso_504f_0022,
/Users/khensanichabalala/DSFSI/MultilingualASR/MultilingualASR/experiments/sepedi-asr-eda/dataset/nchlt_nso/audio/504/nchlt_nso_504f_0036.wav,nchlt_nso_504f_0036,
/Users/khensanichabalala/DSFSI/MultilingualASR/MultilingualASR/experiments/sepedi-asr-eda/dataset/nchlt_nso/audio/504/nchlt_nso_504f_0037.wav,nchlt_nso_504f_0037,
/Users/khensanichabalala/DSFSI/MultilingualASR/MultilingualASR/experiments/sepedi-asr-eda/dataset/nchlt_nso/audio/504/nchlt_nso_504f_0209.wav,nchlt_nso_504f_0209,
/Users/khensanichabalala/DSFSI/MultilingualASR/MultilingualASR/experiments/sepedi-asr-eda/dataset/nchlt_nso/audio/504/nchlt_nso_504f_0235.wav,nchlt_nso_504f_0235,
/Users/khensanichabalala/DSFSI/MultilingualASR/MultilingualASR/experiments/sepedi-asr-eda/dataset/nchlt_nso/audio/504/nchlt_nso_504f_0369.wav,nchlt_nso_504f_0369,
/Users/khensanichabalala/DSFSI/MultilingualASR/MultilingualASR/experiments/sepedi-asr-eda/dataset/nchlt_nso/audio/504/nchlt_nso_504f_0341.wav,nchlt_nso_504f_0341,
/Users/khensanichabalala/DSFSI/MultilingualASR/MultilingualASR/experiments/sepedi-asr-eda/dataset/nchlt_nso/audio/504/nchlt_nso_504f_0427.wav,nchlt_nso_504f_0427,
/Users/khensanichabalala/DSFSI/MultilingualASR/MultilingualASR/experiments/sepedi-asr-eda/dataset/nchlt_nso/audio/504/nchlt_nso_504f_0143.wav,nchlt_nso_504f_0143,
/Users/khensanichabalala/DSFSI/MultilingualASR/MultilingualASR/experiments/sepedi-asr-eda/dataset/nchlt_nso/audio/504/nchlt_nso_504f_0157.wav,nchlt_nso_504f_0157,
/Users/khensanichabalala/DSFSI/MultilingualASR/MultilingualASR/experiments/sepedi-asr-eda/dataset/nchlt_nso/audio/504/nchlt_nso_504f_0194.wav,nchlt_nso_504f_0194,
/Users/khensanichabalala/DSFSI/MultilingualASR/MultilingualASR/experiments/sepedi-asr-eda/dataset/nchlt_nso/audio/504/nchlt_nso_504f_0182.wav,nchlt_nso_504f_0182,
/Users/khensanichabalala/DSFSI/MultilingualASR/MultilingualASR/experiments/sepedi-asr-eda/dataset/nchlt_nso/audio/504/nchlt_nso_504f_0196.wav,nchlt_nso_504f_0196,
/Users/khensanichabalala/DSFSI/MultilingualASR/MultilingualASR/experiments/sepedi-asr-eda/dataset/nchlt_nso/audio/504/nchlt_nso_504f_0141.wav,nchlt_nso_504f_0141,
/Users/khensanichabalala/DSFSI/MultilingualASR/MultilingualASR/experiments/sepedi-asr-eda/dataset/nchlt_nso/audio/504/nchlt_nso_504f_0155.wav,nchlt_nso_504f_0155,
/Users/khensanichabalala/DSFSI/MultilingualASR/MultilingualASR/experiments/sepedi-asr-eda/dataset/nchlt_nso/audio/504/nchlt_nso_504f_0169.wav,nchlt_nso_504f_0169,
/Users/khensanichabalala/DSFSI/MultilingualASR/MultilingualASR/experiments/sepedi-asr-eda/dataset/nchlt_nso/audio/504/nchlt_nso_504f_0380.wav,nchlt_nso_504f_0380,
/Users/khensanichabalala/DSFSI/MultilingualASR/MultilingualASR/experiments/sepedi-asr-eda/dataset/nchlt_nso/audio/504/nchlt_nso_504f_0425.wav,nchlt_nso_504f_0425,
/Users/khensanichabalala/DSFSI/MultilingualASR/MultilingualASR/experiments/sepedi-asr-eda/dataset/nchlt_nso/audio/504/nchlt_nso_504f_0431.wav,nchlt_nso_504f_0431,
/Users/khensanichabalala/DSFSI/MultilingualASR/MultilingualASR/experiments/sepedi-asr-eda/dataset/nchlt_nso/audio/504/nchlt_nso_504f_0237.wav,nchlt_nso_504f_0237,
/Users/khensanichabalala/DSFSI/MultilingualASR/MultilingualASR/experiments/sepedi-asr-eda/dataset/nchlt_nso/audio/504/nchlt_nso_504f_0223.wav,nchlt_nso_504f_0223,
/Users/khensanichabalala/DSFSI/MultilingualASR/MultilingualASR/experiments/sepedi-asr-eda/dataset/nchlt_nso/audio/504/nchlt_nso_504f_0021.wav,nchlt_nso_504f_0021,
/Users/khensanichabalala/DSFSI/MultilingualASR/MultilingualASR/experiments/sepedi-asr-eda/dataset/nchlt_nso/audio/504/nchlt_nso_504f_0009.wav,nchlt_nso_504f_0009,
/Users/khensanichabalala/DSFSI/MultilingualASR/MultilingualASR/experiments/sepedi-asr-eda/dataset/nchlt_nso/audio/504/nchlt_nso_504f_0008.wav,nchlt_nso_504f_0008,
/Users/khensanichabalala/DSFSI/MultilingualASR/MultilingualASR/experiments/sepedi-asr-eda/dataset/nchlt_nso/audio/504/nchlt_nso_504f_0020.wav,nchlt_nso_504f_0020,
/Users/khensanichabalala/DSFSI/MultilingualASR/MultilingualASR/experiments/sepedi-asr-eda/dataset/nchlt_nso/audio/504/nchlt_nso_504f_0034.wav,nchlt_nso_504f_0034,
/Users/khensanichabalala/DSFSI/MultilingualASR/MultilingualASR/experiments/sepedi-asr-eda/dataset/nchlt_nso/audio/504/nchlt_nso_504f_0236.wav,nchlt_nso_504f_0236,
/Users/khensanichabalala/DSFSI/MultilingualASR/MultilingualASR/experiments/sepedi-asr-eda/dataset/nchlt_nso/audio/504/nchlt_nso_504f_0418.wav,nchlt_nso_504f_0418,
/Users/khensanichabalala/DSFSI/MultilingualASR/MultilingualASR/experiments/sepedi-asr-eda/dataset/nchlt_nso/audio/504/nchlt_nso_504f_0356.wav,nchlt_nso_504f_0356,
/Users/khensanichabalala/DSFSI/MultilingualASR/MultilingualASR/experiments/sepedi-asr-eda/dataset/nchlt_nso/audio/504/nchlt_nso_504f_0430.wav,nchlt_nso_504f_0430,
/Users/khensanichabalala/DSFSI/MultilingualASR/MultilingualASR/experiments/sepedi-asr-eda/dataset/nchlt_nso/audio/504/nchlt_nso_504f_0424.wav,nchlt_nso_504f_0424,
/Users/khensanichabalala/DSFSI/MultilingualASR/MultilingualASR/experiments/sepedi-asr-eda/dataset/nchlt_nso/audio/504/nchlt_nso_504f_0342.wav,nchlt_nso_504f_0342,
/Users/khensanichabalala/DSFSI/MultilingualASR/MultilingualASR/experiments/sepedi-asr-eda/dataset/nchlt_nso/audio/504/nchlt_nso_504f_0395.wav,nchlt_nso_504f_0395,
/Users/khensanichabalala/DSFSI/MultilingualASR/MultilingualASR/experiments/sepedi-asr-eda/dataset/nchlt_nso/audio/504/nchlt_nso_504f_0168.wav,nchlt_nso_504f_0168,
/Users/khensanichabalala/DSFSI/MultilingualASR/MultilingualASR/experiments/sepedi-asr-eda/dataset/nchlt_nso/audio/504/nchlt_nso_504f_0154.wav,nchlt_nso_504f_0154,
/Users/khensanichabalala/DSFSI/MultilingualASR/MultilingualASR/experiments/sepedi-asr-eda/dataset/nchlt_nso/audio/504/nchlt_nso_504f_0140.wav,nchlt_nso_504f_0140,
/Users/khensanichabalala/DSFSI/MultilingualASR/MultilingualASR/experiments/sepedi-asr-eda/dataset/nchlt_nso/audio/504/nchlt_nso_504f_0183.wav,nchlt_nso_504f_0183,
/Users/khensanichabalala/DSFSI/MultilingualASR/MultilingualASR/experiments/sepedi-asr-eda/dataset/nchlt_nso/audio/504/nchlt_nso_504f_0133.wav,nchlt_nso_504f_0133,
/Users/khensanichabalala/DSFSI/MultilingualASR/MultilingualASR/experiments/sepedi-asr-eda/dataset/nchlt_nso/audio/504/nchlt_nso_504f_0480.wav,nchlt_nso_504f_0480,
/Users/khensanichabalala/DSFSI/MultilingualASR/MultilingualASR/experiments/sepedi-asr-eda/dataset/nchlt_nso/audio/504/nchlt_nso_504f_0494.wav,nchlt_nso_504f_0494,
/Users/khensanichabalala/DSFSI/MultilingualASR/MultilingualASR/experiments/sepedi-asr-eda/dataset/nchlt_nso/audio/504/nchlt_nso_504f_0319.wav,nchlt_nso_504f_0319,
/Users/khensanichabalala/DSFSI/MultilingualASR/MultilingualASR/experiments/sepedi-asr-eda/dataset/nchlt_nso/audio/504/nchlt_nso_504f_0443.wav,nchlt_nso_504f_0443,
/Users/khensanichabalala/DSFSI/MultilingualASR/MultilingualASR/experiments/sepedi-asr-eda/dataset/nchlt_nso/audio/504/nchlt_nso_504f_0325.wav,nchlt_nso_504f_0325,
/Users/khensanichabalala/DSFSI/MultilingualASR/MultilingualASR/experiments/sepedi-asr-eda/dataset/nchlt_nso/audio/504/nchlt_nso_504f_0331.wav,nchlt_nso_504f_0331,
/Users/khensanichabalala/DSFSI/MultilingualASR/MultilingualASR/experiments/sepedi-asr-eda/dataset/nchlt_nso/audio/504/nchlt_nso_504f_0457.wav,nchlt_nso_504f_0457,
/Users/khensanichabalala/DSFSI/MultilingualASR/MultilingualASR/experiments/sepedi-asr-eda/dataset/nchlt_nso/audio/504/nchlt_nso_504f_0286.wav,nchlt_nso_504f_0286,
/Users/khensanichabalala/DSFSI/MultilingualASR/MultilingualASR/experiments/sepedi-asr-eda/dataset/nchlt_nso/audio/504/nchlt_nso_504f_0279.wav,nchlt_nso_504f_0279,
/Users/khensanichabalala/DSFSI/MultilingualASR/MultilingualASR/experiments/sepedi-asr-eda/dataset/nchlt_nso/audio/504/nchlt_nso_504f_0090.wav,nchlt_nso_504f_0090,
/Users/khensanichabalala/DSFSI/MultilingualASR/MultilingualASR/experiments/sepedi-asr-eda/dataset/nchlt_nso/audio/504/nchlt_nso_504f_0084.wav,nchlt_nso_504f_0084,
/Users/khensanichabalala/DSFSI/MultilingualASR/MultilingualASR/experiments/sepedi-asr-eda/dataset/nchlt_nso/audio/504/nchlt_nso_504f_0053.wav,nchlt_nso_504f_0053,
/Users/khensanichabalala/DSFSI/MultilingualASR/MultilingualASR/experiments/sepedi-asr-eda/dataset/nchlt_nso/audio/504/nchlt_nso_504f_0047.wav,nchlt_nso_504f_0047,
/Users/khensanichabalala/DSFSI/MultilingualASR/MultilingualASR/experiments/sepedi-asr-eda/dataset/nchlt_nso/audio/504/nchlt_nso_504f_0046.wav,nchlt_nso_504f_0046,
/Users/khensanichabalala/DSFSI/MultilingualASR/MultilingualASR/experiments/sepedi-asr-eda/dataset/nchlt_nso/audio/504/nchlt_nso_504f_0052.wav,nchlt_nso_504f_0052,
/Users/khensanichabalala/DSFSI/MultilingualASR/MultilingualASR/experiments/sepedi-asr-eda/dataset/nchlt_nso/audio/504/nchlt_nso_504f_0091.wav,nchlt_nso_504f_0091,
/Users/khensanichabalala/DSFSI/MultilingualASR/MultilingualASR/experiments/sepedi-asr-eda/dataset/nchlt_nso/audio/504/nchlt_nso_504f_0278.wav,nchlt_nso_504f_0278,
/Users/khensanichabalala/DSFSI/MultilingualASR/MultilingualASR/experiments/sepedi-asr-eda/dataset/nchlt_nso/audio/504/nchlt_nso_504f_0287.wav,nchlt_nso_504f_0287,
/Users/khensanichabalala/DSFSI/MultilingualASR/MultilingualASR/experiments/sepedi-asr-eda/dataset/nchlt_nso/audio/504/nchlt_nso_504f_0293.wav,nchlt_nso_504f_0293,
/Users/khensanichabalala/DSFSI/MultilingualASR/MultilingualASR/experiments/sepedi-asr-eda/dataset/nchlt_nso/audio/504/nchlt_nso_504f_0456.wav,nchlt_nso_504f_0456,
/Users/khensanichabalala/DSFSI/MultilingualASR/MultilingualASR/experiments/sepedi-asr-eda/dataset/nchlt_nso/audio/504/nchlt_nso_504f_0442.wav,nchlt_nso_504f_0442,
/Users/khensanichabalala/DSFSI/MultilingualASR/MultilingualASR/experiments/sepedi-asr-eda/dataset/nchlt_nso/audio/504/nchlt_nso_504f_0324.wav,nchlt_nso_504f_0324,
/Users/khensanichabalala/DSFSI/MultilingualASR/MultilingualASR/experiments/sepedi-asr-eda/dataset/nchlt_nso/audio/504/nchlt_nso_504f_0318.wav,nchlt_nso_504f_0318,
/Users/khensanichabalala/DSFSI/MultilingualASR/MultilingualASR/experiments/sepedi-asr-eda/dataset/nchlt_nso/audio/504/nchlt_nso_504f_0495.wav,nchlt_nso_504f_0495,
/Users/khensanichabalala/DSFSI/MultilingualASR/MultilingualASR/experiments/sepedi-asr-eda/dataset/nchlt_nso/audio/504/nchlt_nso_504f_0481.wav,nchlt_nso_504f_0481,
/Users/khensanichabalala/DSFSI/MultilingualASR/MultilingualASR/experiments/sepedi-asr-eda/dataset/nchlt_nso/audio/504/nchlt_nso_504f_0132.wav,nchlt_nso_504f_0132,
/Users/khensanichabalala/DSFSI/MultilingualASR/MultilingualASR/experiments/sepedi-asr-eda/dataset/nchlt_nso/audio/504/nchlt_nso_504f_0126.wav,nchlt_nso_504f_0126,
/Users/khensanichabalala/DSFSI/MultilingualASR/MultilingualASR/experiments/sepedi-asr-eda/dataset/nchlt_nso/audio/504/nchlt_nso_504f_0130.wav,nchlt_nso_504f_0130,
/Users/khensanichabalala/DSFSI/MultilingualASR/MultilingualASR/experiments/sepedi-asr-eda/dataset/nchlt_nso/audio/504/nchlt_nso_504f_0124.wav,nchlt_nso_504f_0124,
/Users/khensanichabalala/DSFSI/MultilingualASR/MultilingualASR/experiments/sepedi-asr-eda/dataset/nchlt_nso/audio/504/nchlt_nso_504f_0497.wav,nchlt_nso_504f_0497,
/Users/khensanichabalala/DSFSI/MultilingualASR/MultilingualASR/experiments/sepedi-asr-eda/dataset/nchlt_nso/audio/504/nchlt_nso_504f_0483.wav,nchlt_nso_504f_0483,
/Users/khensanichabalala/DSFSI/MultilingualASR/MultilingualASR/experiments/sepedi-asr-eda/dataset/nchlt_nso/audio/504/nchlt_nso_504f_0468.wav,nchlt_nso_504f_0468,
/Users/khensanichabalala/DSFSI/MultilingualASR/MultilingualASR/experiments/sepedi-asr-eda/dataset/nchlt_nso/audio/504/nchlt_nso_504f_0332.wav,nchlt_nso_504f_0332,
/Users/khensanichabalala/DSFSI/MultilingualASR/MultilingualASR/experiments/sepedi-asr-eda/dataset/nchlt_nso/audio/504/nchlt_nso_504f_0285.wav,nchlt_nso_504f_0285,
/Users/khensanichabalala/DSFSI/MultilingualASR/MultilingualASR/experiments/sepedi-asr-eda/dataset/nchlt_nso/audio/504/nchlt_nso_504f_0291.wav,nchlt_nso_504f_0291,
/Users/khensanichabalala/DSFSI/MultilingualASR/MultilingualASR/experiments/sepedi-asr-eda/dataset/nchlt_nso/audio/504/nchlt_nso_504f_0246.wav,nchlt_nso_504f_0246,
/Users/khensanichabalala/DSFSI/MultilingualASR/MultilingualASR/experiments/sepedi-asr-eda/dataset/nchlt_nso/audio/504/nchlt_nso_504f_0252.wav,nchlt_nso_504f_0252,
/Users/khensanichabalala/DSFSI/MultilingualASR/MultilingualASR/experiments/sepedi-asr-eda/dataset/nchlt_nso/audio/504/nchlt_nso_504f_0087.wav,nchlt_nso_504f_0087,
/Users/khensanichabalala/DSFSI/MultilingualASR/MultilingualASR/experiments/sepedi-asr-eda/dataset/nchlt_nso/audio/504/nchlt_nso_504f_0093.wav,nchlt_nso_504f_0093,
/Users/khensanichabalala/DSFSI/MultilingualASR/MultilingualASR/experiments/sepedi-asr-eda/dataset/nchlt_nso/audio/504/nchlt_nso_504f_0078.wav,nchlt_nso_504f_0078,
/Users/khensanichabalala/DSFSI/MultilingualASR/MultilingualASR/experiments/sepedi-asr-eda/dataset/nchlt_nso/audio/504/nchlt_nso_504f_0044.wav,nchlt_nso_504f_0044,
/Users/khensanichabalala/DSFSI/MultilingualASR/MultilingualASR/experiments/sepedi-asr-eda/dataset/nchlt_nso/audio/504/nchlt_nso_504f_0050.wav,nchlt_nso_504f_0050,
/Users/khensanichabalala/DSFSI/MultilingualASR/MultilingualASR/experiments/sepedi-asr-eda/dataset/nchlt_nso/audio/504/nchlt_nso_504f_0079.wav,nchlt_nso_504f_0079,
/Users/khensanichabalala/DSFSI/MultilingualASR/MultilingualASR/experiments/sepedi-asr-eda/dataset/nchlt_nso/audio/504/nchlt_nso_504f_0092.wav,nchlt_nso_504f_0092,
/Users/khensanichabalala/DSFSI/MultilingualASR/MultilingualASR/experiments/sepedi-asr-eda/dataset/nchlt_nso/audio/504/nchlt_nso_504f_0086.wav,nchlt_nso_504f_0086,
/Users/khensanichabalala/DSFSI/MultilingualASR/MultilingualASR/experiments/sepedi-asr-eda/dataset/nchlt_nso/audio/504/nchlt_nso_504f_0253.wav,nchlt_nso_504f_0253,
/Users/khensanichabalala/DSFSI/MultilingualASR/MultilingualASR/experiments/sepedi-asr-eda/dataset/nchlt_nso/audio/504/nchlt_nso_504f_0247.wav,nchlt_nso_504f_0247,
/Users/khensanichabalala/DSFSI/MultilingualASR/MultilingualASR/experiments/sepedi-asr-eda/dataset/nchlt_nso/audio/504/nchlt_nso_504f_0290.wav,nchlt_nso_504f_0290,
/Users/khensanichabalala/DSFSI/MultilingualASR/MultilingualASR/experiments/sepedi-asr-eda/dataset/nchlt_nso/audio/504/nchlt_nso_504f_0284.wav,nchlt_nso_504f_0284,
/Users/khensanichabalala/DSFSI/MultilingualASR/MultilingualASR/experiments/sepedi-asr-eda/dataset/nchlt_nso/audio/504/nchlt_nso_504f_0327.wav,nchlt_nso_504f_0327,
/Users/khensanichabalala/DSFSI/MultilingualASR/MultilingualASR/experiments/sepedi-asr-eda/dataset/nchlt_nso/audio/504/nchlt_nso_504f_0441.wav,nchlt_nso_504f_0441,
/Users/khensanichabalala/DSFSI/MultilingualASR/MultilingualASR/experiments/sepedi-asr-eda/dataset/nchlt_nso/audio/504/nchlt_nso_504f_0455.wav,nchlt_nso_504f_0455,
/Users/khensanichabalala/DSFSI/MultilingualASR/MultilingualASR/experiments/sepedi-asr-eda/dataset/nchlt_nso/audio/504/nchlt_nso_504f_0333.wav,nchlt_nso_504f_0333,
/Users/khensanichabalala/DSFSI/MultilingualASR/MultilingualASR/experiments/sepedi-asr-eda/dataset/nchlt_nso/audio/504/nchlt_nso_504f_0469.wav,nchlt_nso_504f_0469,
/Users/khensanichabalala/DSFSI/MultilingualASR/MultilingualASR/experiments/sepedi-asr-eda/dataset/nchlt_nso/audio/504/nchlt_nso_504f_0482.wav,nchlt_nso_504f_0482,
/Users/khensanichabalala/DSFSI/MultilingualASR/MultilingualASR/experiments/sepedi-asr-eda/dataset/nchlt_nso/audio/504/nchlt_nso_504f_0496.wav,nchlt_nso_504f_0496,
/Users/khensanichabalala/DSFSI/MultilingualASR/MultilingualASR/experiments/sepedi-asr-eda/dataset/nchlt_nso/audio/504/nchlt_nso_504f_0131.wav,nchlt_nso_504f_0131,
/Users/khensanichabalala/DSFSI/MultilingualASR/MultilingualASR/experiments/sepedi-asr-eda/dataset/nchlt_nso/audio/504/nchlt_nso_504f_0119.wav,nchlt_nso_504f_0119,
/Users/khensanichabalala/DSFSI/MultilingualASR/MultilingualASR/experiments/sepedi-asr-eda/dataset/nchlt_nso/audio/504/nchlt_nso_504f_0135.wav,nchlt_nso_504f_0135,
/Users/khensanichabalala/DSFSI/MultilingualASR/MultilingualASR/experiments/sepedi-asr-eda/dataset/nchlt_nso/audio/504/nchlt_nso_504f_0121.wav,nchlt_nso_504f_0121,
/Users/khensanichabalala/DSFSI/MultilingualASR/MultilingualASR/experiments/sepedi-asr-eda/dataset/nchlt_nso/audio/504/nchlt_nso_504f_0492.wav,nchlt_nso_504f_0492,
/Users/khensanichabalala/DSFSI/MultilingualASR/MultilingualASR/experiments/sepedi-asr-eda/dataset/nchlt_nso/audio/504/nchlt_nso_504f_0337.wav,nchlt_nso_504f_0337,
/Users/khensanichabalala/DSFSI/MultilingualASR/MultilingualASR/experiments/sepedi-asr-eda/dataset/nchlt_nso/audio/504/nchlt_nso_504f_0451.wav,nchlt_nso_504f_0451,
/Users/khensanichabalala/DSFSI/MultilingualASR/MultilingualASR/experiments/sepedi-asr-eda/dataset/nchlt_nso/audio/504/nchlt_nso_504f_0445.wav,nchlt_nso_504f_0445,
/Users/khensanichabalala/DSFSI/MultilingualASR/MultilingualASR/experiments/sepedi-asr-eda/dataset/nchlt_nso/audio/504/nchlt_nso_504f_0323.wav,nchlt_nso_504f_0323,
/Users/khensanichabalala/DSFSI/MultilingualASR/MultilingualASR/experiments/sepedi-asr-eda/dataset/nchlt_nso/audio/504/nchlt_nso_504f_0479.wav,nchlt_nso_504f_0479,
/Users/khensanichabalala/DSFSI/MultilingualASR/MultilingualASR/experiments/sepedi-asr-eda/dataset/nchlt_nso/audio/504/nchlt_nso_504f_0280.wav,nchlt_nso_504f_0280,
/Users/khensanichabalala/DSFSI/MultilingualASR/MultilingualASR/experiments/sepedi-asr-eda/dataset/nchlt_nso/audio/504/nchlt_nso_504f_0294.wav,nchlt_nso_504f_0294,
/Users/khensanichabalala/DSFSI/MultilingualASR/MultilingualASR/experiments/sepedi-asr-eda/dataset/nchlt_nso/audio/504/nchlt_nso_504f_0243.wav,nchlt_nso_504f_0243,
/Users/khensanichabalala/DSFSI/MultilingualASR/MultilingualASR/experiments/sepedi-asr-eda/dataset/nchlt_nso/audio/504/nchlt_nso_504f_0257.wav,nchlt_nso_504f_0257,
/Users/khensanichabalala/DSFSI/MultilingualASR/MultilingualASR/experiments/sepedi-asr-eda/dataset/nchlt_nso/audio/504/nchlt_nso_504f_0082.wav,nchlt_nso_504f_0082,
/Users/khensanichabalala/DSFSI/MultilingualASR/MultilingualASR/experiments/sepedi-asr-eda/dataset/nchlt_nso/audio/504/nchlt_nso_504f_0055.wav,nchlt_nso_504f_0055,
/Users/khensanichabalala/DSFSI/MultilingualASR/MultilingualASR/experiments/sepedi-asr-eda/dataset/nchlt_nso/audio/504/nchlt_nso_504f_0068.wav,nchlt_nso_504f_0068,
/Users/khensanichabalala/DSFSI/MultilingualASR/MultilingualASR/experiments/sepedi-asr-eda/dataset/nchlt_nso/audio/504/nchlt_nso_504f_0040.wav,nchlt_nso_504f_0040,
/Users/khensanichabalala/DSFSI/MultilingualASR/MultilingualASR/experiments/sepedi-asr-eda/dataset/nchlt_nso/audio/504/nchlt_nso_504f_0083.wav,nchlt_nso_504f_0083,
/Users/khensanichabalala/DSFSI/MultilingualASR/MultilingualASR/experiments/sepedi-asr-eda/dataset/nchlt_nso/audio/504/nchlt_nso_504f_0256.wav,nchlt_nso_504f_0256,
/Users/khensanichabalala/DSFSI/MultilingualASR/MultilingualASR/experiments/sepedi-asr-eda/dataset/nchlt_nso/audio/504/nchlt_nso_504f_0281.wav,nchlt_nso_504f_0281,
/Users/khensanichabalala/DSFSI/MultilingualASR/MultilingualASR/experiments/sepedi-asr-eda/dataset/nchlt_nso/audio/504/nchlt_nso_504f_0478.wav,nchlt_nso_504f_0478,
/Users/khensanichabalala/DSFSI/MultilingualASR/MultilingualASR/experiments/sepedi-asr-eda/dataset/nchlt_nso/audio/504/nchlt_nso_504f_0322.wav,nchlt_nso_504f_0322,
/Users/khensanichabalala/DSFSI/MultilingualASR/MultilingualASR/experiments/sepedi-asr-eda/dataset/nchlt_nso/audio/504/nchlt_nso_504f_0336.wav,nchlt_nso_504f_0336,
/Users/khensanichabalala/DSFSI/MultilingualASR/MultilingualASR/experiments/sepedi-asr-eda/dataset/nchlt_nso/audio/504/nchlt_nso_504f_0450.wav,nchlt_nso_504f_0450,
/Users/khensanichabalala/DSFSI/MultilingualASR/MultilingualASR/experiments/sepedi-asr-eda/dataset/nchlt_nso/audio/504/nchlt_nso_504f_0493.wav,nchlt_nso_504f_0493,
/Users/khensanichabalala/DSFSI/MultilingualASR/MultilingualASR/experiments/sepedi-asr-eda/dataset/nchlt_nso/audio/504/nchlt_nso_504f_0108.wav,nchlt_nso_504f_0108,
/Users/khensanichabalala/DSFSI/MultilingualASR/MultilingualASR/experiments/sepedi-asr-eda/dataset/nchlt_nso/audio/504/nchlt_nso_504f_0120.wav,nchlt_nso_504f_0120,
/Users/khensanichabalala/DSFSI/MultilingualASR/MultilingualASR/experiments/sepedi-asr-eda/dataset/nchlt_nso/audio/504/nchlt_nso_504f_0134.wav,nchlt_nso_504f_0134,
/Users/khensanichabalala/DSFSI/MultilingualASR/MultilingualASR/experiments/sepedi-asr-eda/dataset/nchlt_nso/audio/504/nchlt_nso_504f_0122.wav,nchlt_nso_504f_0122,
/Users/khensanichabalala/DSFSI/MultilingualASR/MultilingualASR/experiments/sepedi-asr-eda/dataset/nchlt_nso/audio/504/nchlt_nso_504f_0491.wav,nchlt_nso_504f_0491,
/Users/khensanichabalala/DSFSI/MultilingualASR/MultilingualASR/experiments/sepedi-asr-eda/dataset/nchlt_nso/audio/504/nchlt_nso_504f_0320.wav,nchlt_nso_504f_0320,
/Users/khensanichabalala/DSFSI/MultilingualASR/MultilingualASR/experiments/sepedi-asr-eda/dataset/nchlt_nso/audio/504/nchlt_nso_504f_0446.wav,nchlt_nso_504f_0446,
/Users/khensanichabalala/DSFSI/MultilingualASR/MultilingualASR/experiments/sepedi-asr-eda/dataset/nchlt_nso/audio/504/nchlt_nso_504f_0334.wav,nchlt_nso_504f_0334,
/Users/khensanichabalala/DSFSI/MultilingualASR/MultilingualASR/experiments/sepedi-asr-eda/dataset/nchlt_nso/audio/504/nchlt_nso_504f_0308.wav,nchlt_nso_504f_0308,
/Users/khensanichabalala/DSFSI/MultilingualASR/MultilingualASR/experiments/sepedi-asr-eda/dataset/nchlt_nso/audio/504/nchlt_nso_504f_0297.wav,nchlt_nso_504f_0297,
/Users/khensanichabalala/DSFSI/MultilingualASR/MultilingualASR/experiments/sepedi-asr-eda/dataset/nchlt_nso/audio/504/nchlt_nso_504f_0283.wav,nchlt_nso_504f_0283,
/Users/khensanichabalala/DSFSI/MultilingualASR/MultilingualASR/experiments/sepedi-asr-eda/dataset/nchlt_nso/audio/504/nchlt_nso_504f_0240.wav,nchlt_nso_504f_0240,
/Users/khensanichabalala/DSFSI/MultilingualASR/MultilingualASR/experiments/sepedi-asr-eda/dataset/nchlt_nso/audio/504/nchlt_nso_504f_0268.wav,nchlt_nso_504f_0268,
/Users/khensanichabalala/DSFSI/MultilingualASR/MultilingualASR/experiments/sepedi-asr-eda/dataset/nchlt_nso/audio/504/nchlt_nso_504f_0081.wav,nchlt_nso_504f_0081,
/Users/khensanichabalala/DSFSI/MultilingualASR/MultilingualASR/experiments/sepedi-asr-eda/dataset/nchlt_nso/audio/504/nchlt_nso_504f_0056.wav,nchlt_nso_504f_0056,
/Users/khensanichabalala/DSFSI/MultilingualASR/MultilingualASR/experiments/sepedi-asr-eda/dataset/nchlt_nso/audio/504/nchlt_nso_504f_0042.wav,nchlt_nso_504f_0042,
/Users/khensanichabalala/DSFSI/MultilingualASR/MultilingualASR/experiments/sepedi-asr-eda/dataset/nchlt_nso/audio/504/nchlt_nso_504f_0057.wav,nchlt_nso_504f_0057,
/Users/khensanichabalala/DSFSI/MultilingualASR/MultilingualASR/experiments/sepedi-asr-eda/dataset/nchlt_nso/audio/504/nchlt_nso_504f_0080.wav,nchlt_nso_504f_0080,
/Users/khensanichabalala/DSFSI/MultilingualASR/MultilingualASR/experiments/sepedi-asr-eda/dataset/nchlt_nso/audio/504/nchlt_nso_504f_0094.wav,nchlt_nso_504f_0094,
/Users/khensanichabalala/DSFSI/MultilingualASR/MultilingualASR/experiments/sepedi-asr-eda/dataset/nchlt_nso/audio/504/nchlt_nso_504f_0296.wav,nchlt_nso_504f_0296,
/Users/khensanichabalala/DSFSI/MultilingualASR/MultilingualASR/experiments/sepedi-asr-eda/dataset/nchlt_nso/audio/504/nchlt_nso_504f_0453.wav,nchlt_nso_504f_0453,
/Users/khensanichabalala/DSFSI/MultilingualASR/MultilingualASR/experiments/sepedi-asr-eda/dataset/nchlt_nso/audio/504/nchlt_nso_504f_0335.wav,nchlt_nso_504f_0335,
/Users/khensanichabalala/DSFSI/MultilingualASR/MultilingualASR/experiments/sepedi-asr-eda/dataset/nchlt_nso/audio/504/nchlt_nso_504f_0321.wav,nchlt_nso_504f_0321,
/Users/khensanichabalala/DSFSI/MultilingualASR/MultilingualASR/experiments/sepedi-asr-eda/dataset/nchlt_nso/audio/504/nchlt_nso_504f_0447.wav,nchlt_nso_504f_0447,
/Users/khensanichabalala/DSFSI/MultilingualASR/MultilingualASR/experiments/sepedi-asr-eda/dataset/nchlt_nso/audio/504/nchlt_nso_504f_0484.wav,nchlt_nso_504f_0484,
/Users/khensanichabalala/DSFSI/MultilingualASR/MultilingualASR/experiments/sepedi-asr-eda/dataset/nchlt_nso/audio/504/nchlt_nso_504f_0123.wav,nchlt_nso_504f_0123,
/Users/khensanichabalala/DSFSI/MultilingualASR/MultilingualASR/experiments/sepedi-asr-eda/dataset/nchlt_nso/audio/503/nchlt_nso_503f_0162.wav,nchlt_nso_503f_0162,
/Users/khensanichabalala/DSFSI/MultilingualASR/MultilingualASR/experiments/sepedi-asr-eda/dataset/nchlt_nso/audio/503/nchlt_nso_503f_0604.wav,nchlt_nso_503f_0604,
/Users/khensanichabalala/DSFSI/MultilingualASR/MultilingualASR/experiments/sepedi-asr-eda/dataset/nchlt_nso/audio/503/nchlt_nso_503f_0610.wav,nchlt_nso_503f_0610,
/Users/khensanichabalala/DSFSI/MultilingualASR/MultilingualASR/experiments/sepedi-asr-eda/dataset/nchlt_nso/audio/503/nchlt_nso_503f_0406.wav,nchlt_nso_503f_0406,
/Users/khensanichabalala/DSFSI/MultilingualASR/MultilingualASR/experiments/sepedi-asr-eda/dataset/nchlt_nso/audio/503/nchlt_nso_503f_0374.wav,nchlt_nso_503f_0374,
/Users/khensanichabalala/DSFSI/MultilingualASR/MultilingualASR/experiments/sepedi-asr-eda/dataset/nchlt_nso/audio/503/nchlt_nso_503f_0412.wav,nchlt_nso_503f_0412,
/Users/khensanichabalala/DSFSI/MultilingualASR/MultilingualASR/experiments/sepedi-asr-eda/dataset/nchlt_nso/audio/503/nchlt_nso_503f_0572.wav,nchlt_nso_503f_0572,
/Users/khensanichabalala/DSFSI/MultilingualASR/MultilingualASR/experiments/sepedi-asr-eda/dataset/nchlt_nso/audio/503/nchlt_nso_503f_0200.wav,nchlt_nso_503f_0200,
/Users/khensanichabalala/DSFSI/MultilingualASR/MultilingualASR/experiments/sepedi-asr-eda/dataset/nchlt_nso/audio/503/nchlt_nso_503f_0566.wav,nchlt_nso_503f_0566,
/Users/khensanichabalala/DSFSI/MultilingualASR/MultilingualASR/experiments/sepedi-asr-eda/dataset/nchlt_nso/audio/503/nchlt_nso_503f_0599.wav,nchlt_nso_503f_0599,
/Users/khensanichabalala/DSFSI/MultilingualASR/MultilingualASR/experiments/sepedi-asr-eda/dataset/nchlt_nso/audio/503/nchlt_nso_503f_0016.wav,nchlt_nso_503f_0016,
/Users/khensanichabalala/DSFSI/MultilingualASR/MultilingualASR/experiments/sepedi-asr-eda/dataset/nchlt_nso/audio/503/nchlt_nso_503f_0017.wav,nchlt_nso_503f_0017,
/Users/khensanichabalala/DSFSI/MultilingualASR/MultilingualASR/experiments/sepedi-asr-eda/dataset/nchlt_nso/audio/503/nchlt_nso_503f_0598.wav,nchlt_nso_503f_0598,
/Users/khensanichabalala/DSFSI/MultilingualASR/MultilingualASR/experiments/sepedi-asr-eda/dataset/nchlt_nso/audio/503/nchlt_nso_503f_0567.wav,nchlt_nso_503f_0567,
/Users/khensanichabalala/DSFSI/MultilingualASR/MultilingualASR/experiments/sepedi-asr-eda/dataset/nchlt_nso/audio/503/nchlt_nso_503f_0229.wav,nchlt_nso_503f_0229,
/Users/khensanichabalala/DSFSI/MultilingualASR/MultilingualASR/experiments/sepedi-asr-eda/dataset/nchlt_nso/audio/503/nchlt_nso_503f_0375.wav,nchlt_nso_503f_0375,
/Users/khensanichabalala/DSFSI/MultilingualASR/MultilingualASR/experiments/sepedi-asr-eda/dataset/nchlt_nso/audio/503/nchlt_nso_503f_0413.wav,nchlt_nso_503f_0413,
/Users/khensanichabalala/DSFSI/MultilingualASR/MultilingualASR/experiments/sepedi-asr-eda/dataset/nchlt_nso/audio/503/nchlt_nso_503f_0407.wav,nchlt_nso_503f_0407,
/Users/khensanichabalala/DSFSI/MultilingualASR/MultilingualASR/experiments/sepedi-asr-eda/dataset/nchlt_nso/audio/503/nchlt_nso_503f_0361.wav,nchlt_nso_503f_0361,
/Users/khensanichabalala/DSFSI/MultilingualASR/MultilingualASR/experiments/sepedi-asr-eda/dataset/nchlt_nso/audio/503/nchlt_nso_503f_0177.wav,nchlt_nso_503f_0177,
/Users/khensanichabalala/DSFSI/MultilingualASR/MultilingualASR/experiments/sepedi-asr-eda/dataset/nchlt_nso/audio/503/nchlt_nso_503f_0149.wav,nchlt_nso_503f_0149,
/Users/khensanichabalala/DSFSI/MultilingualASR/MultilingualASR/experiments/sepedi-asr-eda/dataset/nchlt_nso/audio/503/nchlt_nso_503f_0613.wav,nchlt_nso_503f_0613,
/Users/khensanichabalala/DSFSI/MultilingualASR/MultilingualASR/experiments/sepedi-asr-eda/dataset/nchlt_nso/audio/503/nchlt_nso_503f_0161.wav,nchlt_nso_503f_0161,
/Users/khensanichabalala/DSFSI/MultilingualASR/MultilingualASR/experiments/sepedi-asr-eda/dataset/nchlt_nso/audio/503/nchlt_nso_503f_0217.wav,nchlt_nso_503f_0217,
/Users/khensanichabalala/DSFSI/MultilingualASR/MultilingualASR/experiments/sepedi-asr-eda/dataset/nchlt_nso/audio/503/nchlt_nso_503f_0029.wav,nchlt_nso_503f_0029,
/Users/khensanichabalala/DSFSI/MultilingualASR/MultilingualASR/experiments/sepedi-asr-eda/dataset/nchlt_nso/audio/503/nchlt_nso_503f_0216.wav,nchlt_nso_503f_0216,
/Users/khensanichabalala/DSFSI/MultilingualASR/MultilingualASR/experiments/sepedi-asr-eda/dataset/nchlt_nso/audio/503/nchlt_nso_503f_0570.wav,nchlt_nso_503f_0570,
/Users/khensanichabalala/DSFSI/MultilingualASR/MultilingualASR/experiments/sepedi-asr-eda/dataset/nchlt_nso/audio/503/nchlt_nso_503f_0564.wav,nchlt_nso_503f_0564,
/Users/khensanichabalala/DSFSI/MultilingualASR/MultilingualASR/experiments/sepedi-asr-eda/dataset/nchlt_nso/audio/503/nchlt_nso_503f_0558.wav,nchlt_nso_503f_0558,
/Users/khensanichabalala/DSFSI/MultilingualASR/MultilingualASR/experiments/sepedi-asr-eda/dataset/nchlt_nso/audio/503/nchlt_nso_503f_0362.wav,nchlt_nso_503f_0362,
/Users/khensanichabalala/DSFSI/MultilingualASR/MultilingualASR/experiments/sepedi-asr-eda/dataset/nchlt_nso/audio/503/nchlt_nso_503f_0410.wav,nchlt_nso_503f_0410,
/Users/khensanichabalala/DSFSI/MultilingualASR/MultilingualASR/experiments/sepedi-asr-eda/dataset/nchlt_nso/audio/503/nchlt_nso_503f_0606.wav,nchlt_nso_503f_0606,
/Users/khensanichabalala/DSFSI/MultilingualASR/MultilingualASR/experiments/sepedi-asr-eda/dataset/nchlt_nso/audio/503/nchlt_nso_503f_0174.wav,nchlt_nso_503f_0174,
/Users/khensanichabalala/DSFSI/MultilingualASR/MultilingualASR/experiments/sepedi-asr-eda/dataset/nchlt_nso/audio/503/nchlt_nso_503f_0616.wav,nchlt_nso_503f_0616,
/Users/khensanichabalala/DSFSI/MultilingualASR/MultilingualASR/experiments/sepedi-asr-eda/dataset/nchlt_nso/audio/503/nchlt_nso_503f_0170.wav,nchlt_nso_503f_0170,
/Users/khensanichabalala/DSFSI/MultilingualASR/MultilingualASR/experiments/sepedi-asr-eda/dataset/nchlt_nso/audio/503/nchlt_nso_503f_0164.wav,nchlt_nso_503f_0164,
/Users/khensanichabalala/DSFSI/MultilingualASR/MultilingualASR/experiments/sepedi-asr-eda/dataset/nchlt_nso/audio/503/nchlt_nso_503f_0602.wav,nchlt_nso_503f_0602,
/Users/khensanichabalala/DSFSI/MultilingualASR/MultilingualASR/experiments/sepedi-asr-eda/dataset/nchlt_nso/audio/503/nchlt_nso_503f_0158.wav,nchlt_nso_503f_0158,
/Users/khensanichabalala/DSFSI/MultilingualASR/MultilingualASR/experiments/sepedi-asr-eda/dataset/nchlt_nso/audio/503/nchlt_nso_503f_0372.wav,nchlt_nso_503f_0372,
/Users/khensanichabalala/DSFSI/MultilingualASR/MultilingualASR/experiments/sepedi-asr-eda/dataset/nchlt_nso/audio/503/nchlt_nso_503f_0366.wav,nchlt_nso_503f_0366,
/Users/khensanichabalala/DSFSI/MultilingualASR/MultilingualASR/experiments/sepedi-asr-eda/dataset/nchlt_nso/audio/503/nchlt_nso_503f_0428.wav,nchlt_nso_503f_0428,
/Users/khensanichabalala/DSFSI/MultilingualASR/MultilingualASR/experiments/sepedi-asr-eda/dataset/nchlt_nso/audio/503/nchlt_nso_503f_0206.wav,nchlt_nso_503f_0206,
/Users/khensanichabalala/DSFSI/MultilingualASR/MultilingualASR/experiments/sepedi-asr-eda/dataset/nchlt_nso/audio/503/nchlt_nso_503f_0212.wav,nchlt_nso_503f_0212,
/Users/khensanichabalala/DSFSI/MultilingualASR/MultilingualASR/experiments/sepedi-asr-eda/dataset/nchlt_nso/audio/503/nchlt_nso_503f_0038.wav,nchlt_nso_503f_0038,
/Users/khensanichabalala/DSFSI/MultilingualASR/MultilingualASR/experiments/sepedi-asr-eda/dataset/nchlt_nso/audio/503/nchlt_nso_503f_0039.wav,nchlt_nso_503f_0039,
/Users/khensanichabalala/DSFSI/MultilingualASR/MultilingualASR/experiments/sepedi-asr-eda/dataset/nchlt_nso/audio/503/nchlt_nso_503f_0011.wav,nchlt_nso_503f_0011,
/Users/khensanichabalala/DSFSI/MultilingualASR/MultilingualASR/experiments/sepedi-asr-eda/dataset/nchlt_nso/audio/503/nchlt_nso_503f_0005.wav,nchlt_nso_503f_0005,
/Users/khensanichabalala/DSFSI/MultilingualASR/MultilingualASR/experiments/sepedi-asr-eda/dataset/nchlt_nso/audio/503/nchlt_nso_503f_0549.wav,nchlt_nso_503f_0549,
/Users/khensanichabalala/DSFSI/MultilingualASR/MultilingualASR/experiments/sepedi-asr-eda/dataset/nchlt_nso/audio/503/nchlt_nso_503f_0575.wav,nchlt_nso_503f_0575,
/Users/khensanichabalala/DSFSI/MultilingualASR/MultilingualASR/experiments/sepedi-asr-eda/dataset/nchlt_nso/audio/503/nchlt_nso_503f_0561.wav,nchlt_nso_503f_0561,
/Users/khensanichabalala/DSFSI/MultilingualASR/MultilingualASR/experiments/sepedi-asr-eda/dataset/nchlt_nso/audio/503/nchlt_nso_503f_0429.wav,nchlt_nso_503f_0429,
/Users/khensanichabalala/DSFSI/MultilingualASR/MultilingualASR/experiments/sepedi-asr-eda/dataset/nchlt_nso/audio/503/nchlt_nso_503f_0401.wav,nchlt_nso_503f_0401,
/Users/khensanichabalala/DSFSI/MultilingualASR/MultilingualASR/experiments/sepedi-asr-eda/dataset/nchlt_nso/audio/503/nchlt_nso_503f_0415.wav,nchlt_nso_503f_0415,
/Users/khensanichabalala/DSFSI/MultilingualASR/MultilingualASR/experiments/sepedi-asr-eda/dataset/nchlt_nso/audio/503/nchlt_nso_503f_0159.wav,nchlt_nso_503f_0159,
/Users/khensanichabalala/DSFSI/MultilingualASR/MultilingualASR/experiments/sepedi-asr-eda/dataset/nchlt_nso/audio/503/nchlt_nso_503f_0617.wav,nchlt_nso_503f_0617,
/Users/khensanichabalala/DSFSI/MultilingualASR/MultilingualASR/experiments/sepedi-asr-eda/dataset/nchlt_nso/audio/503/nchlt_nso_503f_0171.wav,nchlt_nso_503f_0171,
/Users/khensanichabalala/DSFSI/MultilingualASR/MultilingualASR/experiments/sepedi-asr-eda/dataset/nchlt_nso/audio/503/nchlt_nso_503f_0601.wav,nchlt_nso_503f_0601,
/Users/khensanichabalala/DSFSI/MultilingualASR/MultilingualASR/experiments/sepedi-asr-eda/dataset/nchlt_nso/audio/503/nchlt_nso_503f_0167.wav,nchlt_nso_503f_0167,
/Users/khensanichabalala/DSFSI/MultilingualASR/MultilingualASR/experiments/sepedi-asr-eda/dataset/nchlt_nso/audio/503/nchlt_nso_503f_0198.wav,nchlt_nso_503f_0198,
/Users/khensanichabalala/DSFSI/MultilingualASR/MultilingualASR/experiments/sepedi-asr-eda/dataset/nchlt_nso/audio/503/nchlt_nso_503f_0365.wav,nchlt_nso_503f_0365,
/Users/khensanichabalala/DSFSI/MultilingualASR/MultilingualASR/experiments/sepedi-asr-eda/dataset/nchlt_nso/audio/503/nchlt_nso_503f_0403.wav,nchlt_nso_503f_0403,
/Users/khensanichabalala/DSFSI/MultilingualASR/MultilingualASR/experiments/sepedi-asr-eda/dataset/nchlt_nso/audio/503/nchlt_nso_503f_0417.wav,nchlt_nso_503f_0417,
/Users/khensanichabalala/DSFSI/MultilingualASR/MultilingualASR/experiments/sepedi-asr-eda/dataset/nchlt_nso/audio/503/nchlt_nso_503f_0371.wav,nchlt_nso_503f_0371,
/Users/khensanichabalala/DSFSI/MultilingualASR/MultilingualASR/experiments/sepedi-asr-eda/dataset/nchlt_nso/audio/503/nchlt_nso_503f_0563.wav,nchlt_nso_503f_0563,
/Users/khensanichabalala/DSFSI/MultilingualASR/MultilingualASR/experiments/sepedi-asr-eda/dataset/nchlt_nso/audio/503/nchlt_nso_503f_0588.wav,nchlt_nso_503f_0588,
/Users/khensanichabalala/DSFSI/MultilingualASR/MultilingualASR/experiments/sepedi-asr-eda/dataset/nchlt_nso/audio/503/nchlt_nso_503f_0007.wav,nchlt_nso_503f_0007,
/Users/khensanichabalala/DSFSI/MultilingualASR/MultilingualASR/experiments/sepedi-asr-eda/dataset/nchlt_nso/audio/503/nchlt_nso_503f_0006.wav,nchlt_nso_503f_0006,
/Users/khensanichabalala/DSFSI/MultilingualASR/MultilingualASR/experiments/sepedi-asr-eda/dataset/nchlt_nso/audio/503/nchlt_nso_503f_0238.wav,nchlt_nso_503f_0238,
/Users/khensanichabalala/DSFSI/MultilingualASR/MultilingualASR/experiments/sepedi-asr-eda/dataset/nchlt_nso/audio/503/nchlt_nso_503f_0562.wav,nchlt_nso_503f_0562,
/Users/khensanichabalala/DSFSI/MultilingualASR/MultilingualASR/experiments/sepedi-asr-eda/dataset/nchlt_nso/audio/503/nchlt_nso_503f_0210.wav,nchlt_nso_503f_0210,
/Users/khensanichabalala/DSFSI/MultilingualASR/MultilingualASR/experiments/sepedi-asr-eda/dataset/nchlt_nso/audio/503/nchlt_nso_503f_0576.wav,nchlt_nso_503f_0576,
/Users/khensanichabalala/DSFSI/MultilingualASR/MultilingualASR/experiments/sepedi-asr-eda/dataset/nchlt_nso/audio/503/nchlt_nso_503f_0358.wav,nchlt_nso_503f_0358,
/Users/khensanichabalala/DSFSI/MultilingualASR/MultilingualASR/experiments/sepedi-asr-eda/dataset/nchlt_nso/audio/503/nchlt_nso_503f_0416.wav,nchlt_nso_503f_0416,
/Users/khensanichabalala/DSFSI/MultilingualASR/MultilingualASR/experiments/sepedi-asr-eda/dataset/nchlt_nso/audio/503/nchlt_nso_503f_0370.wav,nchlt_nso_503f_0370,
/Users/khensanichabalala/DSFSI/MultilingualASR/MultilingualASR/experiments/sepedi-asr-eda/dataset/nchlt_nso/audio/503/nchlt_nso_503f_0172.wav,nchlt_nso_503f_0172,
/Users/khensanichabalala/DSFSI/MultilingualASR/MultilingualASR/experiments/sepedi-asr-eda/dataset/nchlt_nso/audio/503/nchlt_nso_503f_0614.wav,nchlt_nso_503f_0614,
/Users/khensanichabalala/DSFSI/MultilingualASR/MultilingualASR/experiments/sepedi-asr-eda/dataset/nchlt_nso/audio/503/nchlt_nso_503f_0600.wav,nchlt_nso_503f_0600,
/Users/khensanichabalala/DSFSI/MultilingualASR/MultilingualASR/experiments/sepedi-asr-eda/dataset/nchlt_nso/audio/503/nchlt_nso_503f_0459.wav,nchlt_nso_503f_0459,
/Users/khensanichabalala/DSFSI/MultilingualASR/MultilingualASR/experiments/sepedi-asr-eda/dataset/nchlt_nso/audio/503/nchlt_nso_503f_0317.wav,nchlt_nso_503f_0317,
/Users/khensanichabalala/DSFSI/MultilingualASR/MultilingualASR/experiments/sepedi-asr-eda/dataset/nchlt_nso/audio/503/nchlt_nso_503f_0539.wav,nchlt_nso_503f_0539,
/Users/khensanichabalala/DSFSI/MultilingualASR/MultilingualASR/experiments/sepedi-asr-eda/dataset/nchlt_nso/audio/503/nchlt_nso_503f_0277.wav,nchlt_nso_503f_0277,
/Users/khensanichabalala/DSFSI/MultilingualASR/MultilingualASR/experiments/sepedi-asr-eda/dataset/nchlt_nso/audio/503/nchlt_nso_503f_0505.wav,nchlt_nso_503f_0505,
/Users/khensanichabalala/DSFSI/MultilingualASR/MultilingualASR/experiments/sepedi-asr-eda/dataset/nchlt_nso/audio/503/nchlt_nso_503f_0288.wav,nchlt_nso_503f_0288,
/Users/khensanichabalala/DSFSI/MultilingualASR/MultilingualASR/experiments/sepedi-asr-eda/dataset/nchlt_nso/audio/503/nchlt_nso_503f_0049.wav,nchlt_nso_503f_0049,
/Users/khensanichabalala/DSFSI/MultilingualASR/MultilingualASR/experiments/sepedi-asr-eda/dataset/nchlt_nso/audio/503/nchlt_nso_503f_0061.wav,nchlt_nso_503f_0061,
/Users/khensanichabalala/DSFSI/MultilingualASR/MultilingualASR/experiments/sepedi-asr-eda/dataset/nchlt_nso/audio/503/nchlt_nso_503f_0289.wav,nchlt_nso_503f_0289,
/Users/khensanichabalala/DSFSI/MultilingualASR/MultilingualASR/experiments/sepedi-asr-eda/dataset/nchlt_nso/audio/503/nchlt_nso_503f_0276.wav,nchlt_nso_503f_0276,
/Users/khensanichabalala/DSFSI/MultilingualASR/MultilingualASR/experiments/sepedi-asr-eda/dataset/nchlt_nso/audio/503/nchlt_nso_503f_0470.wav,nchlt_nso_503f_0470,
/Users/khensanichabalala/DSFSI/MultilingualASR/MultilingualASR/experiments/sepedi-asr-eda/dataset/nchlt_nso/audio/503/nchlt_nso_503f_0458.wav,nchlt_nso_503f_0458,
/Users/khensanichabalala/DSFSI/MultilingualASR/MultilingualASR/experiments/sepedi-asr-eda/dataset/nchlt_nso/audio/503/nchlt_nso_503f_0114.wav,nchlt_nso_503f_0114,
/Users/khensanichabalala/DSFSI/MultilingualASR/MultilingualASR/experiments/sepedi-asr-eda/dataset/nchlt_nso/audio/503/nchlt_nso_503f_0128.wav,nchlt_nso_503f_0128,
/Users/khensanichabalala/DSFSI/MultilingualASR/MultilingualASR/experiments/sepedi-asr-eda/dataset/nchlt_nso/audio/503/nchlt_nso_503f_0116.wav,nchlt_nso_503f_0116,
/Users/khensanichabalala/DSFSI/MultilingualASR/MultilingualASR/experiments/sepedi-asr-eda/dataset/nchlt_nso/audio/503/nchlt_nso_503f_0328.wav,nchlt_nso_503f_0328,
/Users/khensanichabalala/DSFSI/MultilingualASR/MultilingualASR/experiments/sepedi-asr-eda/dataset/nchlt_nso/audio/503/nchlt_nso_503f_0472.wav,nchlt_nso_503f_0472,
/Users/khensanichabalala/DSFSI/MultilingualASR/MultilingualASR/experiments/sepedi-asr-eda/dataset/nchlt_nso/audio/503/nchlt_nso_503f_0300.wav,nchlt_nso_503f_0300,
/Users/khensanichabalala/DSFSI/MultilingualASR/MultilingualASR/experiments/sepedi-asr-eda/dataset/nchlt_nso/audio/503/nchlt_nso_503f_0248.wav,nchlt_nso_503f_0248,
/Users/khensanichabalala/DSFSI/MultilingualASR/MultilingualASR/experiments/sepedi-asr-eda/dataset/nchlt_nso/audio/503/nchlt_nso_503f_0260.wav,nchlt_nso_503f_0260,
/Users/khensanichabalala/DSFSI/MultilingualASR/MultilingualASR/experiments/sepedi-asr-eda/dataset/nchlt_nso/audio/503/nchlt_nso_503f_0274.wav,nchlt_nso_503f_0274,
/Users/khensanichabalala/DSFSI/MultilingualASR/MultilingualASR/experiments/sepedi-asr-eda/dataset/nchlt_nso/audio/503/nchlt_nso_503f_0089.wav,nchlt_nso_503f_0089,
/Users/khensanichabalala/DSFSI/MultilingualASR/MultilingualASR/experiments/sepedi-asr-eda/dataset/nchlt_nso/audio/503/nchlt_nso_503f_0077.wav,nchlt_nso_503f_0077,
/Users/khensanichabalala/DSFSI/MultilingualASR/MultilingualASR/experiments/sepedi-asr-eda/dataset/nchlt_nso/audio/503/nchlt_nso_503f_0063.wav,nchlt_nso_503f_0063,
/Users/khensanichabalala/DSFSI/MultilingualASR/MultilingualASR/experiments/sepedi-asr-eda/dataset/nchlt_nso/audio/503/nchlt_nso_503f_0513.wav,nchlt_nso_503f_0513,
/Users/khensanichabalala/DSFSI/MultilingualASR/MultilingualASR/experiments/sepedi-asr-eda/dataset/nchlt_nso/audio/503/nchlt_nso_503f_0261.wav,nchlt_nso_503f_0261,
/Users/khensanichabalala/DSFSI/MultilingualASR/MultilingualASR/experiments/sepedi-asr-eda/dataset/nchlt_nso/audio/503/nchlt_nso_503f_0507.wav,nchlt_nso_503f_0507,
/Users/khensanichabalala/DSFSI/MultilingualASR/MultilingualASR/experiments/sepedi-asr-eda/dataset/nchlt_nso/audio/503/nchlt_nso_503f_0301.wav,nchlt_nso_503f_0301,
/Users/khensanichabalala/DSFSI/MultilingualASR/MultilingualASR/experiments/sepedi-asr-eda/dataset/nchlt_nso/audio/503/nchlt_nso_503f_0315.wav,nchlt_nso_503f_0315,
/Users/khensanichabalala/DSFSI/MultilingualASR/MultilingualASR/experiments/sepedi-asr-eda/dataset/nchlt_nso/audio/503/nchlt_nso_503f_0473.wav,nchlt_nso_503f_0473,
/Users/khensanichabalala/DSFSI/MultilingualASR/MultilingualASR/experiments/sepedi-asr-eda/dataset/nchlt_nso/audio/503/nchlt_nso_503f_0329.wav,nchlt_nso_503f_0329,
/Users/khensanichabalala/DSFSI/MultilingualASR/MultilingualASR/experiments/sepedi-asr-eda/dataset/nchlt_nso/audio/503/nchlt_nso_503f_0117.wav,nchlt_nso_503f_0117,
/Users/khensanichabalala/DSFSI/MultilingualASR/MultilingualASR/experiments/sepedi-asr-eda/dataset/nchlt_nso/audio/503/nchlt_nso_503f_0463.wav,nchlt_nso_503f_0463,
/Users/khensanichabalala/DSFSI/MultilingualASR/MultilingualASR/experiments/sepedi-asr-eda/dataset/nchlt_nso/audio/503/nchlt_nso_503f_0339.wav,nchlt_nso_503f_0339,
/Users/khensanichabalala/DSFSI/MultilingualASR/MultilingualASR/experiments/sepedi-asr-eda/dataset/nchlt_nso/audio/503/nchlt_nso_503f_0503.wav,nchlt_nso_503f_0503,
/Users/khensanichabalala/DSFSI/MultilingualASR/MultilingualASR/experiments/sepedi-asr-eda/dataset/nchlt_nso/audio/503/nchlt_nso_503f_0265.wav,nchlt_nso_503f_0265,
/Users/khensanichabalala/DSFSI/MultilingualASR/MultilingualASR/experiments/sepedi-asr-eda/dataset/nchlt_nso/audio/503/nchlt_nso_503f_0517.wav,nchlt_nso_503f_0517,
/Users/khensanichabalala/DSFSI/MultilingualASR/MultilingualASR/experiments/sepedi-asr-eda/dataset/nchlt_nso/audio/503/nchlt_nso_503f_0259.wav,nchlt_nso_503f_0259,
/Users/khensanichabalala/DSFSI/MultilingualASR/MultilingualASR/experiments/sepedi-asr-eda/dataset/nchlt_nso/audio/503/nchlt_nso_503f_0067.wav,nchlt_nso_503f_0067,
/Users/khensanichabalala/DSFSI/MultilingualASR/MultilingualASR/experiments/sepedi-asr-eda/dataset/nchlt_nso/audio/503/nchlt_nso_503f_0073.wav,nchlt_nso_503f_0073,
/Users/khensanichabalala/DSFSI/MultilingualASR/MultilingualASR/experiments/sepedi-asr-eda/dataset/nchlt_nso/audio/503/nchlt_nso_503f_0098.wav,nchlt_nso_503f_0098,
/Users/khensanichabalala/DSFSI/MultilingualASR/MultilingualASR/experiments/sepedi-asr-eda/dataset/nchlt_nso/audio/503/nchlt_nso_503f_0066.wav,nchlt_nso_503f_0066,
/Users/khensanichabalala/DSFSI/MultilingualASR/MultilingualASR/experiments/sepedi-asr-eda/dataset/nchlt_nso/audio/503/nchlt_nso_503f_0270.wav,nchlt_nso_503f_0270,
/Users/khensanichabalala/DSFSI/MultilingualASR/MultilingualASR/experiments/sepedi-asr-eda/dataset/nchlt_nso/audio/503/nchlt_nso_503f_0516.wav,nchlt_nso_503f_0516,
/Users/khensanichabalala/DSFSI/MultilingualASR/MultilingualASR/experiments/sepedi-asr-eda/dataset/nchlt_nso/audio/503/nchlt_nso_503f_0502.wav,nchlt_nso_503f_0502,
/Users/khensanichabalala/DSFSI/MultilingualASR/MultilingualASR/experiments/sepedi-asr-eda/dataset/nchlt_nso/audio/503/nchlt_nso_503f_0264.wav,nchlt_nso_503f_0264,
/Users/khensanichabalala/DSFSI/MultilingualASR/MultilingualASR/experiments/sepedi-asr-eda/dataset/nchlt_nso/audio/503/nchlt_nso_503f_0489.wav,nchlt_nso_503f_0489,
/Users/khensanichabalala/DSFSI/MultilingualASR/MultilingualASR/experiments/sepedi-asr-eda/dataset/nchlt_nso/audio/503/nchlt_nso_503f_0338.wav,nchlt_nso_503f_0338,
/Users/khensanichabalala/DSFSI/MultilingualASR/MultilingualASR/experiments/sepedi-asr-eda/dataset/nchlt_nso/audio/503/nchlt_nso_503f_0304.wav,nchlt_nso_503f_0304,
/Users/khensanichabalala/DSFSI/MultilingualASR/MultilingualASR/experiments/sepedi-asr-eda/dataset/nchlt_nso/audio/503/nchlt_nso_503f_0462.wav,nchlt_nso_503f_0462,
/Users/khensanichabalala/DSFSI/MultilingualASR/MultilingualASR/experiments/sepedi-asr-eda/dataset/nchlt_nso/audio/503/nchlt_nso_503f_0310.wav,nchlt_nso_503f_0310,
/Users/khensanichabalala/DSFSI/MultilingualASR/MultilingualASR/experiments/sepedi-asr-eda/dataset/nchlt_nso/audio/503/nchlt_nso_503f_0112.wav,nchlt_nso_503f_0112,
/Users/khensanichabalala/DSFSI/MultilingualASR/MultilingualASR/experiments/sepedi-asr-eda/dataset/nchlt_nso/audio/503/nchlt_nso_503f_0110.wav,nchlt_nso_503f_0110,
/Users/khensanichabalala/DSFSI/MultilingualASR/MultilingualASR/experiments/sepedi-asr-eda/dataset/nchlt_nso/audio/503/nchlt_nso_503f_0460.wav,nchlt_nso_503f_0460,
/Users/khensanichabalala/DSFSI/MultilingualASR/MultilingualASR/experiments/sepedi-asr-eda/dataset/nchlt_nso/audio/503/nchlt_nso_503f_0306.wav,nchlt_nso_503f_0306,
/Users/khensanichabalala/DSFSI/MultilingualASR/MultilingualASR/experiments/sepedi-asr-eda/dataset/nchlt_nso/audio/503/nchlt_nso_503f_0474.wav,nchlt_nso_503f_0474,
/Users/khensanichabalala/DSFSI/MultilingualASR/MultilingualASR/experiments/sepedi-asr-eda/dataset/nchlt_nso/audio/503/nchlt_nso_503f_0514.wav,nchlt_nso_503f_0514,
/Users/khensanichabalala/DSFSI/MultilingualASR/MultilingualASR/experiments/sepedi-asr-eda/dataset/nchlt_nso/audio/503/nchlt_nso_503f_0528.wav,nchlt_nso_503f_0528,
/Users/khensanichabalala/DSFSI/MultilingualASR/MultilingualASR/experiments/sepedi-asr-eda/dataset/nchlt_nso/audio/503/nchlt_nso_503f_0070.wav,nchlt_nso_503f_0070,
/Users/khensanichabalala/DSFSI/MultilingualASR/MultilingualASR/experiments/sepedi-asr-eda/dataset/nchlt_nso/audio/503/nchlt_nso_503f_0058.wav,nchlt_nso_503f_0058,
/Users/khensanichabalala/DSFSI/MultilingualASR/MultilingualASR/experiments/sepedi-asr-eda/dataset/nchlt_nso/audio/503/nchlt_nso_503f_0059.wav,nchlt_nso_503f_0059,
/Users/khensanichabalala/DSFSI/MultilingualASR/MultilingualASR/experiments/sepedi-asr-eda/dataset/nchlt_nso/audio/503/nchlt_nso_503f_0065.wav,nchlt_nso_503f_0065,
/Users/khensanichabalala/DSFSI/MultilingualASR/MultilingualASR/experiments/sepedi-asr-eda/dataset/nchlt_nso/audio/503/nchlt_nso_503f_0071.wav,nchlt_nso_503f_0071,
/Users/khensanichabalala/DSFSI/MultilingualASR/MultilingualASR/experiments/sepedi-asr-eda/dataset/nchlt_nso/audio/503/nchlt_nso_503f_0298.wav,nchlt_nso_503f_0298,
/Users/khensanichabalala/DSFSI/MultilingualASR/MultilingualASR/experiments/sepedi-asr-eda/dataset/nchlt_nso/audio/503/nchlt_nso_503f_0529.wav,nchlt_nso_503f_0529,
/Users/khensanichabalala/DSFSI/MultilingualASR/MultilingualASR/experiments/sepedi-asr-eda/dataset/nchlt_nso/audio/503/nchlt_nso_503f_0501.wav,nchlt_nso_503f_0501,
/Users/khensanichabalala/DSFSI/MultilingualASR/MultilingualASR/experiments/sepedi-asr-eda/dataset/nchlt_nso/audio/503/nchlt_nso_503f_0273.wav,nchlt_nso_503f_0273,
/Users/khensanichabalala/DSFSI/MultilingualASR/MultilingualASR/experiments/sepedi-asr-eda/dataset/nchlt_nso/audio/503/nchlt_nso_503f_0449.wav,nchlt_nso_503f_0449,
/Users/khensanichabalala/DSFSI/MultilingualASR/MultilingualASR/experiments/sepedi-asr-eda/dataset/nchlt_nso/audio/503/nchlt_nso_503f_0313.wav,nchlt_nso_503f_0313,
/Users/khensanichabalala/DSFSI/MultilingualASR/MultilingualASR/experiments/sepedi-asr-eda/dataset/nchlt_nso/audio/503/nchlt_nso_503f_0475.wav,nchlt_nso_503f_0475,
/Users/khensanichabalala/DSFSI/MultilingualASR/MultilingualASR/experiments/sepedi-asr-eda/dataset/nchlt_nso/audio/503/nchlt_nso_503f_0461.wav,nchlt_nso_503f_0461,
/Users/khensanichabalala/DSFSI/MultilingualASR/MultilingualASR/experiments/sepedi-asr-eda/dataset/nchlt_nso/audio/503/nchlt_nso_503f_0111.wav,nchlt_nso_503f_0111,
/Users/khensanichabalala/DSFSI/MultilingualASR/MultilingualASR/experiments/sepedi-asr-eda/dataset/nchlt_nso/audio/503/nchlt_nso_503f_0105.wav,nchlt_nso_503f_0105,
/Users/khensanichabalala/DSFSI/MultilingualASR/MultilingualASR/experiments/sepedi-asr-eda/dataset/nchlt_nso/audio/503/nchlt_nso_503f_0134.wav,nchlt_nso_503f_0134,
/Users/khensanichabalala/DSFSI/MultilingualASR/MultilingualASR/experiments/sepedi-asr-eda/dataset/nchlt_nso/audio/503/nchlt_nso_503f_0322.wav,nchlt_nso_503f_0322,
/Users/khensanichabalala/DSFSI/MultilingualASR/MultilingualASR/experiments/sepedi-asr-eda/dataset/nchlt_nso/audio/503/nchlt_nso_503f_0336.wav,nchlt_nso_503f_0336,
/Users/khensanichabalala/DSFSI/MultilingualASR/MultilingualASR/experiments/sepedi-asr-eda/dataset/nchlt_nso/audio/503/nchlt_nso_503f_0487.wav,nchlt_nso_503f_0487,
/Users/khensanichabalala/DSFSI/MultilingualASR/MultilingualASR/experiments/sepedi-asr-eda/dataset/nchlt_nso/audio/503/nchlt_nso_503f_0518.wav,nchlt_nso_503f_0518,
/Users/khensanichabalala/DSFSI/MultilingualASR/MultilingualASR/experiments/sepedi-asr-eda/dataset/nchlt_nso/audio/503/nchlt_nso_503f_0256.wav,nchlt_nso_503f_0256,
/Users/khensanichabalala/DSFSI/MultilingualASR/MultilingualASR/experiments/sepedi-asr-eda/dataset/nchlt_nso/audio/503/nchlt_nso_503f_0530.wav,nchlt_nso_503f_0530,
/Users/khensanichabalala/DSFSI/MultilingualASR/MultilingualASR/experiments/sepedi-asr-eda/dataset/nchlt_nso/audio/503/nchlt_nso_503f_0524.wav,nchlt_nso_503f_0524,
/Users/khensanichabalala/DSFSI/MultilingualASR/MultilingualASR/experiments/sepedi-asr-eda/dataset/nchlt_nso/audio/503/nchlt_nso_503f_0295.wav,nchlt_nso_503f_0295,
/Users/khensanichabalala/DSFSI/MultilingualASR/MultilingualASR/experiments/sepedi-asr-eda/dataset/nchlt_nso/audio/503/nchlt_nso_503f_0281.wav,nchlt_nso_503f_0281,
/Users/khensanichabalala/DSFSI/MultilingualASR/MultilingualASR/experiments/sepedi-asr-eda/dataset/nchlt_nso/audio/503/nchlt_nso_503f_0041.wav,nchlt_nso_503f_0041,
/Users/khensanichabalala/DSFSI/MultilingualASR/MultilingualASR/experiments/sepedi-asr-eda/dataset/nchlt_nso/audio/503/nchlt_nso_503f_0055.wav,nchlt_nso_503f_0055,
/Users/khensanichabalala/DSFSI/MultilingualASR/MultilingualASR/experiments/sepedi-asr-eda/dataset/nchlt_nso/audio/503/nchlt_nso_503f_0069.wav,nchlt_nso_503f_0069,
/Users/khensanichabalala/DSFSI/MultilingualASR/MultilingualASR/experiments/sepedi-asr-eda/dataset/nchlt_nso/audio/503/nchlt_nso_503f_0280.wav,nchlt_nso_503f_0280,
/Users/khensanichabalala/DSFSI/MultilingualASR/MultilingualASR/experiments/sepedi-asr-eda/dataset/nchlt_nso/audio/503/nchlt_nso_503f_0294.wav,nchlt_nso_503f_0294,
/Users/khensanichabalala/DSFSI/MultilingualASR/MultilingualASR/experiments/sepedi-asr-eda/dataset/nchlt_nso/audio/503/nchlt_nso_503f_0243.wav,nchlt_nso_503f_0243,
/Users/khensanichabalala/DSFSI/MultilingualASR/MultilingualASR/experiments/sepedi-asr-eda/dataset/nchlt_nso/audio/503/nchlt_nso_503f_0257.wav,nchlt_nso_503f_0257,
/Users/khensanichabalala/DSFSI/MultilingualASR/MultilingualASR/experiments/sepedi-asr-eda/dataset/nchlt_nso/audio/503/nchlt_nso_503f_0531.wav,nchlt_nso_503f_0531,
/Users/khensanichabalala/DSFSI/MultilingualASR/MultilingualASR/experiments/sepedi-asr-eda/dataset/nchlt_nso/audio/503/nchlt_nso_503f_0492.wav,nchlt_nso_503f_0492,
/Users/khensanichabalala/DSFSI/MultilingualASR/MultilingualASR/experiments/sepedi-asr-eda/dataset/nchlt_nso/audio/503/nchlt_nso_503f_0486.wav,nchlt_nso_503f_0486,
/Users/khensanichabalala/DSFSI/MultilingualASR/MultilingualASR/experiments/sepedi-asr-eda/dataset/nchlt_nso/audio/503/nchlt_nso_503f_0337.wav,nchlt_nso_503f_0337,
/Users/khensanichabalala/DSFSI/MultilingualASR/MultilingualASR/experiments/sepedi-asr-eda/dataset/nchlt_nso/audio/503/nchlt_nso_503f_0323.wav,nchlt_nso_503f_0323,
/Users/khensanichabalala/DSFSI/MultilingualASR/MultilingualASR/experiments/sepedi-asr-eda/dataset/nchlt_nso/audio/503/nchlt_nso_503f_0135.wav,nchlt_nso_503f_0135,
/Users/khensanichabalala/DSFSI/MultilingualASR/MultilingualASR/experiments/sepedi-asr-eda/dataset/nchlt_nso/audio/503/nchlt_nso_503f_0121.wav,nchlt_nso_503f_0121,
/Users/khensanichabalala/DSFSI/MultilingualASR/MultilingualASR/experiments/sepedi-asr-eda/dataset/nchlt_nso/audio/503/nchlt_nso_503f_0109.wav,nchlt_nso_503f_0109,
/Users/khensanichabalala/DSFSI/MultilingualASR/MultilingualASR/experiments/sepedi-asr-eda/dataset/nchlt_nso/audio/503/nchlt_nso_503f_0137.wav,nchlt_nso_503f_0137,
/Users/khensanichabalala/DSFSI/MultilingualASR/MultilingualASR/experiments/sepedi-asr-eda/dataset/nchlt_nso/audio/503/nchlt_nso_503f_0309.wav,nchlt_nso_503f_0309,
/Users/khensanichabalala/DSFSI/MultilingualASR/MultilingualASR/experiments/sepedi-asr-eda/dataset/nchlt_nso/audio/503/nchlt_nso_503f_0447.wav,nchlt_nso_503f_0447,
/Users/khensanichabalala/DSFSI/MultilingualASR/MultilingualASR/experiments/sepedi-asr-eda/dataset/nchlt_nso/audio/503/nchlt_nso_503f_0321.wav,nchlt_nso_503f_0321,
/Users/khensanichabalala/DSFSI/MultilingualASR/MultilingualASR/experiments/sepedi-asr-eda/dataset/nchlt_nso/audio/503/nchlt_nso_503f_0527.wav,nchlt_nso_503f_0527,
/Users/khensanichabalala/DSFSI/MultilingualASR/MultilingualASR/experiments/sepedi-asr-eda/dataset/nchlt_nso/audio/503/nchlt_nso_503f_0296.wav,nchlt_nso_503f_0296,
/Users/khensanichabalala/DSFSI/MultilingualASR/MultilingualASR/experiments/sepedi-asr-eda/dataset/nchlt_nso/audio/503/nchlt_nso_503f_0080.wav,nchlt_nso_503f_0080,
/Users/khensanichabalala/DSFSI/MultilingualASR/MultilingualASR/experiments/sepedi-asr-eda/dataset/nchlt_nso/audio/503/nchlt_nso_503f_0095.wav,nchlt_nso_503f_0095,
/Users/khensanichabalala/DSFSI/MultilingualASR/MultilingualASR/experiments/sepedi-asr-eda/dataset/nchlt_nso/audio/503/nchlt_nso_503f_0081.wav,nchlt_nso_503f_0081,
/Users/khensanichabalala/DSFSI/MultilingualASR/MultilingualASR/experiments/sepedi-asr-eda/dataset/nchlt_nso/audio/503/nchlt_nso_503f_0042.wav,nchlt_nso_503f_0042,
/Users/khensanichabalala/DSFSI/MultilingualASR/MultilingualASR/experiments/sepedi-asr-eda/dataset/nchlt_nso/audio/503/nchlt_nso_503f_0297.wav,nchlt_nso_503f_0297,
/Users/khensanichabalala/DSFSI/MultilingualASR/MultilingualASR/experiments/sepedi-asr-eda/dataset/nchlt_nso/audio/503/nchlt_nso_503f_0283.wav,nchlt_nso_503f_0283,
/Users/khensanichabalala/DSFSI/MultilingualASR/MultilingualASR/experiments/sepedi-asr-eda/dataset/nchlt_nso/audio/503/nchlt_nso_503f_0532.wav,nchlt_nso_503f_0532,
/Users/khensanichabalala/DSFSI/MultilingualASR/MultilingualASR/experiments/sepedi-asr-eda/dataset/nchlt_nso/audio/503/nchlt_nso_503f_0254.wav,nchlt_nso_503f_0254,
/Users/khensanichabalala/DSFSI/MultilingualASR/MultilingualASR/experiments/sepedi-asr-eda/dataset/nchlt_nso/audio/503/nchlt_nso_503f_0526.wav,nchlt_nso_503f_0526,
/Users/khensanichabalala/DSFSI/MultilingualASR/MultilingualASR/experiments/sepedi-asr-eda/dataset/nchlt_nso/audio/503/nchlt_nso_503f_0491.wav,nchlt_nso_503f_0491,
/Users/khensanichabalala/DSFSI/MultilingualASR/MultilingualASR/experiments/sepedi-asr-eda/dataset/nchlt_nso/audio/503/nchlt_nso_503f_0446.wav,nchlt_nso_503f_0446,
/Users/khensanichabalala/DSFSI/MultilingualASR/MultilingualASR/experiments/sepedi-asr-eda/dataset/nchlt_nso/audio/503/nchlt_nso_503f_0320.wav,nchlt_nso_503f_0320,
/Users/khensanichabalala/DSFSI/MultilingualASR/MultilingualASR/experiments/sepedi-asr-eda/dataset/nchlt_nso/audio/503/nchlt_nso_503f_0452.wav,nchlt_nso_503f_0452,
/Users/khensanichabalala/DSFSI/MultilingualASR/MultilingualASR/experiments/sepedi-asr-eda/dataset/nchlt_nso/audio/503/nchlt_nso_503f_0308.wav,nchlt_nso_503f_0308,
/Users/khensanichabalala/DSFSI/MultilingualASR/MultilingualASR/experiments/sepedi-asr-eda/dataset/nchlt_nso/audio/503/nchlt_nso_503f_0122.wav,nchlt_nso_503f_0122,
/Users/khensanichabalala/DSFSI/MultilingualASR/MultilingualASR/experiments/sepedi-asr-eda/dataset/nchlt_nso/audio/503/nchlt_nso_503f_0132.wav,nchlt_nso_503f_0132,
/Users/khensanichabalala/DSFSI/MultilingualASR/MultilingualASR/experiments/sepedi-asr-eda/dataset/nchlt_nso/audio/503/nchlt_nso_503f_0456.wav,nchlt_nso_503f_0456,
/Users/khensanichabalala/DSFSI/MultilingualASR/MultilingualASR/experiments/sepedi-asr-eda/dataset/nchlt_nso/audio/503/nchlt_nso_503f_0330.wav,nchlt_nso_503f_0330,
/Users/khensanichabalala/DSFSI/MultilingualASR/MultilingualASR/experiments/sepedi-asr-eda/dataset/nchlt_nso/audio/503/nchlt_nso_503f_0318.wav,nchlt_nso_503f_0318,
/Users/khensanichabalala/DSFSI/MultilingualASR/MultilingualASR/experiments/sepedi-asr-eda/dataset/nchlt_nso/audio/503/nchlt_nso_503f_0244.wav,nchlt_nso_503f_0244,
/Users/khensanichabalala/DSFSI/MultilingualASR/MultilingualASR/experiments/sepedi-asr-eda/dataset/nchlt_nso/audio/503/nchlt_nso_503f_0250.wav,nchlt_nso_503f_0250,
/Users/khensanichabalala/DSFSI/MultilingualASR/MultilingualASR/experiments/sepedi-asr-eda/dataset/nchlt_nso/audio/503/nchlt_nso_503f_0293.wav,nchlt_nso_503f_0293,
/Users/khensanichabalala/DSFSI/MultilingualASR/MultilingualASR/experiments/sepedi-asr-eda/dataset/nchlt_nso/audio/503/nchlt_nso_503f_0052.wav,nchlt_nso_503f_0052,
/Users/khensanichabalala/DSFSI/MultilingualASR/MultilingualASR/experiments/sepedi-asr-eda/dataset/nchlt_nso/audio/503/nchlt_nso_503f_0090.wav,nchlt_nso_503f_0090,
/Users/khensanichabalala/DSFSI/MultilingualASR/MultilingualASR/experiments/sepedi-asr-eda/dataset/nchlt_nso/audio/503/nchlt_nso_503f_0053.wav,nchlt_nso_503f_0053,
/Users/khensanichabalala/DSFSI/MultilingualASR/MultilingualASR/experiments/sepedi-asr-eda/dataset/nchlt_nso/audio/503/nchlt_nso_503f_0286.wav,nchlt_nso_503f_0286,
/Users/khensanichabalala/DSFSI/MultilingualASR/MultilingualASR/experiments/sepedi-asr-eda/dataset/nchlt_nso/audio/503/nchlt_nso_503f_0251.wav,nchlt_nso_503f_0251,
/Users/khensanichabalala/DSFSI/MultilingualASR/MultilingualASR/experiments/sepedi-asr-eda/dataset/nchlt_nso/audio/503/nchlt_nso_503f_0480.wav,nchlt_nso_503f_0480,
/Users/khensanichabalala/DSFSI/MultilingualASR/MultilingualASR/experiments/sepedi-asr-eda/dataset/nchlt_nso/audio/503/nchlt_nso_503f_0127.wav,nchlt_nso_503f_0127,
/Users/khensanichabalala/DSFSI/MultilingualASR/MultilingualASR/experiments/sepedi-asr-eda/dataset/nchlt_nso/audio/503/nchlt_nso_503f_0133.wav,nchlt_nso_503f_0133,
/Users/khensanichabalala/DSFSI/MultilingualASR/MultilingualASR/experiments/sepedi-asr-eda/dataset/nchlt_nso/audio/503/nchlt_nso_503f_0131.wav,nchlt_nso_503f_0131,
/Users/khensanichabalala/DSFSI/MultilingualASR/MultilingualASR/experiments/sepedi-asr-eda/dataset/nchlt_nso/audio/503/nchlt_nso_503f_0441.wav,nchlt_nso_503f_0441,
/Users/khensanichabalala/DSFSI/MultilingualASR/MultilingualASR/experiments/sepedi-asr-eda/dataset/nchlt_nso/audio/503/nchlt_nso_503f_0333.wav,nchlt_nso_503f_0333,
/Users/khensanichabalala/DSFSI/MultilingualASR/MultilingualASR/experiments/sepedi-asr-eda/dataset/nchlt_nso/audio/503/nchlt_nso_503f_0469.wav,nchlt_nso_503f_0469,
/Users/khensanichabalala/DSFSI/MultilingualASR/MultilingualASR/experiments/sepedi-asr-eda/dataset/nchlt_nso/audio/503/nchlt_nso_503f_0482.wav,nchlt_nso_503f_0482,
/Users/khensanichabalala/DSFSI/MultilingualASR/MultilingualASR/experiments/sepedi-asr-eda/dataset/nchlt_nso/audio/503/nchlt_nso_503f_0253.wav,nchlt_nso_503f_0253,
/Users/khensanichabalala/DSFSI/MultilingualASR/MultilingualASR/experiments/sepedi-asr-eda/dataset/nchlt_nso/audio/503/nchlt_nso_503f_0521.wav,nchlt_nso_503f_0521,
/Users/khensanichabalala/DSFSI/MultilingualASR/MultilingualASR/experiments/sepedi-asr-eda/dataset/nchlt_nso/audio/503/nchlt_nso_503f_0290.wav,nchlt_nso_503f_0290,
/Users/khensanichabalala/DSFSI/MultilingualASR/MultilingualASR/experiments/sepedi-asr-eda/dataset/nchlt_nso/audio/503/nchlt_nso_503f_0051.wav,nchlt_nso_503f_0051,
/Users/khensanichabalala/DSFSI/MultilingualASR/MultilingualASR/experiments/sepedi-asr-eda/dataset/nchlt_nso/audio/503/nchlt_nso_503f_0092.wav,nchlt_nso_503f_0092,
/Users/khensanichabalala/DSFSI/MultilingualASR/MultilingualASR/experiments/sepedi-asr-eda/dataset/nchlt_nso/audio/503/nchlt_nso_503f_0087.wav,nchlt_nso_503f_0087,
/Users/khensanichabalala/DSFSI/MultilingualASR/MultilingualASR/experiments/sepedi-asr-eda/dataset/nchlt_nso/audio/503/nchlt_nso_503f_0093.wav,nchlt_nso_503f_0093,
/Users/khensanichabalala/DSFSI/MultilingualASR/MultilingualASR/experiments/sepedi-asr-eda/dataset/nchlt_nso/audio/503/nchlt_nso_503f_0050.wav,nchlt_nso_503f_0050,
/Users/khensanichabalala/DSFSI/MultilingualASR/MultilingualASR/experiments/sepedi-asr-eda/dataset/nchlt_nso/audio/503/nchlt_nso_503f_0285.wav,nchlt_nso_503f_0285,
/Users/khensanichabalala/DSFSI/MultilingualASR/MultilingualASR/experiments/sepedi-asr-eda/dataset/nchlt_nso/audio/503/nchlt_nso_503f_0520.wav,nchlt_nso_503f_0520,
/Users/khensanichabalala/DSFSI/MultilingualASR/MultilingualASR/experiments/sepedi-asr-eda/dataset/nchlt_nso/audio/503/nchlt_nso_503f_0252.wav,nchlt_nso_503f_0252,
/Users/khensanichabalala/DSFSI/MultilingualASR/MultilingualASR/experiments/sepedi-asr-eda/dataset/nchlt_nso/audio/503/nchlt_nso_503f_0497.wav,nchlt_nso_503f_0497,
/Users/khensanichabalala/DSFSI/MultilingualASR/MultilingualASR/experiments/sepedi-asr-eda/dataset/nchlt_nso/audio/503/nchlt_nso_503f_0483.wav,nchlt_nso_503f_0483,
/Users/khensanichabalala/DSFSI/MultilingualASR/MultilingualASR/experiments/sepedi-asr-eda/dataset/nchlt_nso/audio/503/nchlt_nso_503f_0468.wav,nchlt_nso_503f_0468,
/Users/khensanichabalala/DSFSI/MultilingualASR/MultilingualASR/experiments/sepedi-asr-eda/dataset/nchlt_nso/audio/503/nchlt_nso_503f_0440.wav,nchlt_nso_503f_0440,
/Users/khensanichabalala/DSFSI/MultilingualASR/MultilingualASR/experiments/sepedi-asr-eda/dataset/nchlt_nso/audio/503/nchlt_nso_503f_0118.wav,nchlt_nso_503f_0118,
/Users/khensanichabalala/DSFSI/MultilingualASR/MultilingualASR/experiments/sepedi-asr-eda/dataset/nchlt_nso/audio/503/nchlt_nso_503f_0130.wav,nchlt_nso_503f_0130,
/Users/khensanichabalala/DSFSI/MultilingualASR/MultilingualASR/experiments/sepedi-asr-eda/dataset/nchlt_nso/audio/503/nchlt_nso_503f_0619.wav,nchlt_nso_503f_0619,
/Users/khensanichabalala/DSFSI/MultilingualASR/MultilingualASR/experiments/sepedi-asr-eda/dataset/nchlt_nso/audio/503/nchlt_nso_503f_0625.wav,nchlt_nso_503f_0625,
/Users/khensanichabalala/DSFSI/MultilingualASR/MultilingualASR/experiments/sepedi-asr-eda/dataset/nchlt_nso/audio/503/nchlt_nso_503f_0427.wav,nchlt_nso_503f_0427,
/Users/khensanichabalala/DSFSI/MultilingualASR/MultilingualASR/experiments/sepedi-asr-eda/dataset/nchlt_nso/audio/503/nchlt_nso_503f_0341.wav,nchlt_nso_503f_0341,
/Users/khensanichabalala/DSFSI/MultilingualASR/MultilingualASR/experiments/sepedi-asr-eda/dataset/nchlt_nso/audio/503/nchlt_nso_503f_0396.wav,nchlt_nso_503f_0396,
/Users/khensanichabalala/DSFSI/MultilingualASR/MultilingualASR/experiments/sepedi-asr-eda/dataset/nchlt_nso/audio/503/nchlt_nso_503f_0553.wav,nchlt_nso_503f_0553,
/Users/khensanichabalala/DSFSI/MultilingualASR/MultilingualASR/experiments/sepedi-asr-eda/dataset/nchlt_nso/audio/503/nchlt_nso_503f_0235.wav,nchlt_nso_503f_0235,
/Users/khensanichabalala/DSFSI/MultilingualASR/MultilingualASR/experiments/sepedi-asr-eda/dataset/nchlt_nso/audio/503/nchlt_nso_503f_0547.wav,nchlt_nso_503f_0547,
/Users/khensanichabalala/DSFSI/MultilingualASR/MultilingualASR/experiments/sepedi-asr-eda/dataset/nchlt_nso/audio/503/nchlt_nso_503f_0037.wav,nchlt_nso_503f_0037,
/Users/khensanichabalala/DSFSI/MultilingualASR/MultilingualASR/experiments/sepedi-asr-eda/dataset/nchlt_nso/audio/503/nchlt_nso_503f_0023.wav,nchlt_nso_503f_0023,
/Users/khensanichabalala/DSFSI/MultilingualASR/MultilingualASR/experiments/sepedi-asr-eda/dataset/nchlt_nso/audio/503/nchlt_nso_503f_0591.wav,nchlt_nso_503f_0591,
/Users/khensanichabalala/DSFSI/MultilingualASR/MultilingualASR/experiments/sepedi-asr-eda/dataset/nchlt_nso/audio/503/nchlt_nso_503f_0220.wav,nchlt_nso_503f_0220,
/Users/khensanichabalala/DSFSI/MultilingualASR/MultilingualASR/experiments/sepedi-asr-eda/dataset/nchlt_nso/audio/503/nchlt_nso_503f_0546.wav,nchlt_nso_503f_0546,
/Users/khensanichabalala/DSFSI/MultilingualASR/MultilingualASR/experiments/sepedi-asr-eda/dataset/nchlt_nso/audio/503/nchlt_nso_503f_0552.wav,nchlt_nso_503f_0552,
/Users/khensanichabalala/DSFSI/MultilingualASR/MultilingualASR/experiments/sepedi-asr-eda/dataset/nchlt_nso/audio/503/nchlt_nso_503f_0234.wav,nchlt_nso_503f_0234,
/Users/khensanichabalala/DSFSI/MultilingualASR/MultilingualASR/experiments/sepedi-asr-eda/dataset/nchlt_nso/audio/503/nchlt_nso_503f_0208.wav,nchlt_nso_503f_0208,
/Users/khensanichabalala/DSFSI/MultilingualASR/MultilingualASR/experiments/sepedi-asr-eda/dataset/nchlt_nso/audio/503/nchlt_nso_503f_0383.wav,nchlt_nso_503f_0383,
/Users/khensanichabalala/DSFSI/MultilingualASR/MultilingualASR/experiments/sepedi-asr-eda/dataset/nchlt_nso/audio/503/nchlt_nso_503f_0354.wav,nchlt_nso_503f_0354,
/Users/khensanichabalala/DSFSI/MultilingualASR/MultilingualASR/experiments/sepedi-asr-eda/dataset/nchlt_nso/audio/503/nchlt_nso_503f_0426.wav,nchlt_nso_503f_0426,
/Users/khensanichabalala/DSFSI/MultilingualASR/MultilingualASR/experiments/sepedi-asr-eda/dataset/nchlt_nso/audio/503/nchlt_nso_503f_0340.wav,nchlt_nso_503f_0340,
/Users/khensanichabalala/DSFSI/MultilingualASR/MultilingualASR/experiments/sepedi-asr-eda/dataset/nchlt_nso/audio/503/nchlt_nso_503f_0368.wav,nchlt_nso_503f_0368,
/Users/khensanichabalala/DSFSI/MultilingualASR/MultilingualASR/experiments/sepedi-asr-eda/dataset/nchlt_nso/audio/503/nchlt_nso_503f_0195.wav,nchlt_nso_503f_0195,
/Users/khensanichabalala/DSFSI/MultilingualASR/MultilingualASR/experiments/sepedi-asr-eda/dataset/nchlt_nso/audio/503/nchlt_nso_503f_0181.wav,nchlt_nso_503f_0181,
/Users/khensanichabalala/DSFSI/MultilingualASR/MultilingualASR/experiments/sepedi-asr-eda/dataset/nchlt_nso/audio/503/nchlt_nso_503f_0156.wav,nchlt_nso_503f_0156,
/Users/khensanichabalala/DSFSI/MultilingualASR/MultilingualASR/experiments/sepedi-asr-eda/dataset/nchlt_nso/audio/503/nchlt_nso_503f_0624.wav,nchlt_nso_503f_0624,
/Users/khensanichabalala/DSFSI/MultilingualASR/MultilingualASR/experiments/sepedi-asr-eda/dataset/nchlt_nso/audio/503/nchlt_nso_503f_0618.wav,nchlt_nso_503f_0618,
/Users/khensanichabalala/DSFSI/MultilingualASR/MultilingualASR/experiments/sepedi-asr-eda/dataset/nchlt_nso/audio/503/nchlt_nso_503f_0626.wav,nchlt_nso_503f_0626,
/Users/khensanichabalala/DSFSI/MultilingualASR/MultilingualASR/experiments/sepedi-asr-eda/dataset/nchlt_nso/audio/503/nchlt_nso_503f_0197.wav,nchlt_nso_503f_0197,
/Users/khensanichabalala/DSFSI/MultilingualASR/MultilingualASR/experiments/sepedi-asr-eda/dataset/nchlt_nso/audio/503/nchlt_nso_503f_0183.wav,nchlt_nso_503f_0183,
/Users/khensanichabalala/DSFSI/MultilingualASR/MultilingualASR/experiments/sepedi-asr-eda/dataset/nchlt_nso/audio/503/nchlt_nso_503f_0418.wav,nchlt_nso_503f_0418,
/Users/khensanichabalala/DSFSI/MultilingualASR/MultilingualASR/experiments/sepedi-asr-eda/dataset/nchlt_nso/audio/503/nchlt_nso_503f_0430.wav,nchlt_nso_503f_0430,
/Users/khensanichabalala/DSFSI/MultilingualASR/MultilingualASR/experiments/sepedi-asr-eda/dataset/nchlt_nso/audio/503/nchlt_nso_503f_0356.wav,nchlt_nso_503f_0356,
/Users/khensanichabalala/DSFSI/MultilingualASR/MultilingualASR/experiments/sepedi-asr-eda/dataset/nchlt_nso/audio/503/nchlt_nso_503f_0424.wav,nchlt_nso_503f_0424,
/Users/khensanichabalala/DSFSI/MultilingualASR/MultilingualASR/experiments/sepedi-asr-eda/dataset/nchlt_nso/audio/503/nchlt_nso_503f_0381.wav,nchlt_nso_503f_0381,
/Users/khensanichabalala/DSFSI/MultilingualASR/MultilingualASR/experiments/sepedi-asr-eda/dataset/nchlt_nso/audio/503/nchlt_nso_503f_0587.wav,nchlt_nso_503f_0587,
/Users/khensanichabalala/DSFSI/MultilingualASR/MultilingualASR/experiments/sepedi-asr-eda/dataset/nchlt_nso/audio/503/nchlt_nso_503f_0020.wav,nchlt_nso_503f_0020,
/Users/khensanichabalala/DSFSI/MultilingualASR/MultilingualASR/experiments/sepedi-asr-eda/dataset/nchlt_nso/audio/503/nchlt_nso_503f_0586.wav,nchlt_nso_503f_0586,
/Users/khensanichabalala/DSFSI/MultilingualASR/MultilingualASR/experiments/sepedi-asr-eda/dataset/nchlt_nso/audio/503/nchlt_nso_503f_0237.wav,nchlt_nso_503f_0237,
/Users/khensanichabalala/DSFSI/MultilingualASR/MultilingualASR/experiments/sepedi-asr-eda/dataset/nchlt_nso/audio/503/nchlt_nso_503f_0545.wav,nchlt_nso_503f_0545,
/Users/khensanichabalala/DSFSI/MultilingualASR/MultilingualASR/experiments/sepedi-asr-eda/dataset/nchlt_nso/audio/503/nchlt_nso_503f_0579.wav,nchlt_nso_503f_0579,
/Users/khensanichabalala/DSFSI/MultilingualASR/MultilingualASR/experiments/sepedi-asr-eda/dataset/nchlt_nso/audio/503/nchlt_nso_503f_0394.wav,nchlt_nso_503f_0394,
/Users/khensanichabalala/DSFSI/MultilingualASR/MultilingualASR/experiments/sepedi-asr-eda/dataset/nchlt_nso/audio/503/nchlt_nso_503f_0425.wav,nchlt_nso_503f_0425,
/Users/khensanichabalala/DSFSI/MultilingualASR/MultilingualASR/experiments/sepedi-asr-eda/dataset/nchlt_nso/audio/503/nchlt_nso_503f_0431.wav,nchlt_nso_503f_0431,
/Users/khensanichabalala/DSFSI/MultilingualASR/MultilingualASR/experiments/sepedi-asr-eda/dataset/nchlt_nso/audio/503/nchlt_nso_503f_0196.wav,nchlt_nso_503f_0196,
/Users/khensanichabalala/DSFSI/MultilingualASR/MultilingualASR/experiments/sepedi-asr-eda/dataset/nchlt_nso/audio/503/nchlt_nso_503f_0141.wav,nchlt_nso_503f_0141,
/Users/khensanichabalala/DSFSI/MultilingualASR/MultilingualASR/experiments/sepedi-asr-eda/dataset/nchlt_nso/audio/503/nchlt_nso_503f_0169.wav,nchlt_nso_503f_0169,
/Users/khensanichabalala/DSFSI/MultilingualASR/MultilingualASR/experiments/sepedi-asr-eda/dataset/nchlt_nso/audio/503/nchlt_nso_503f_0623.wav,nchlt_nso_503f_0623,
/Users/khensanichabalala/DSFSI/MultilingualASR/MultilingualASR/experiments/sepedi-asr-eda/dataset/nchlt_nso/audio/503/nchlt_nso_503f_0192.wav,nchlt_nso_503f_0192,
/Users/khensanichabalala/DSFSI/MultilingualASR/MultilingualASR/experiments/sepedi-asr-eda/dataset/nchlt_nso/audio/503/nchlt_nso_503f_0186.wav,nchlt_nso_503f_0186,
/Users/khensanichabalala/DSFSI/MultilingualASR/MultilingualASR/experiments/sepedi-asr-eda/dataset/nchlt_nso/audio/503/nchlt_nso_503f_0353.wav,nchlt_nso_503f_0353,
/Users/khensanichabalala/DSFSI/MultilingualASR/MultilingualASR/experiments/sepedi-asr-eda/dataset/nchlt_nso/audio/503/nchlt_nso_503f_0347.wav,nchlt_nso_503f_0347,
/Users/khensanichabalala/DSFSI/MultilingualASR/MultilingualASR/experiments/sepedi-asr-eda/dataset/nchlt_nso/audio/503/nchlt_nso_503f_0409.wav,nchlt_nso_503f_0409,
/Users/khensanichabalala/DSFSI/MultilingualASR/MultilingualASR/experiments/sepedi-asr-eda/dataset/nchlt_nso/audio/503/nchlt_nso_503f_0227.wav,nchlt_nso_503f_0227,
/Users/khensanichabalala/DSFSI/MultilingualASR/MultilingualASR/experiments/sepedi-asr-eda/dataset/nchlt_nso/audio/503/nchlt_nso_503f_0541.wav,nchlt_nso_503f_0541,
/Users/khensanichabalala/DSFSI/MultilingualASR/MultilingualASR/experiments/sepedi-asr-eda/dataset/nchlt_nso/audio/503/nchlt_nso_503f_0569.wav,nchlt_nso_503f_0569,
/Users/khensanichabalala/DSFSI/MultilingualASR/MultilingualASR/experiments/sepedi-asr-eda/dataset/nchlt_nso/audio/503/nchlt_nso_503f_0025.wav,nchlt_nso_503f_0025,
/Users/khensanichabalala/DSFSI/MultilingualASR/MultilingualASR/experiments/sepedi-asr-eda/dataset/nchlt_nso/audio/503/nchlt_nso_503f_0031.wav,nchlt_nso_503f_0031,
/Users/khensanichabalala/DSFSI/MultilingualASR/MultilingualASR/experiments/sepedi-asr-eda/dataset/nchlt_nso/audio/503/nchlt_nso_503f_0019.wav,nchlt_nso_503f_0019,
/Users/khensanichabalala/DSFSI/MultilingualASR/MultilingualASR/experiments/sepedi-asr-eda/dataset/nchlt_nso/audio/503/nchlt_nso_503f_0018.wav,nchlt_nso_503f_0018,
/Users/khensanichabalala/DSFSI/MultilingualASR/MultilingualASR/experiments/sepedi-asr-eda/dataset/nchlt_nso/audio/503/nchlt_nso_503f_0030.wav,nchlt_nso_503f_0030,
/Users/khensanichabalala/DSFSI/MultilingualASR/MultilingualASR/experiments/sepedi-asr-eda/dataset/nchlt_nso/audio/503/nchlt_nso_503f_0583.wav,nchlt_nso_503f_0583,
/Users/khensanichabalala/DSFSI/MultilingualASR/MultilingualASR/experiments/sepedi-asr-eda/dataset/nchlt_nso/audio/503/nchlt_nso_503f_0554.wav,nchlt_nso_503f_0554,
/Users/khensanichabalala/DSFSI/MultilingualASR/MultilingualASR/experiments/sepedi-asr-eda/dataset/nchlt_nso/audio/503/nchlt_nso_503f_0232.wav,nchlt_nso_503f_0232,
/Users/khensanichabalala/DSFSI/MultilingualASR/MultilingualASR/experiments/sepedi-asr-eda/dataset/nchlt_nso/audio/503/nchlt_nso_503f_0226.wav,nchlt_nso_503f_0226,
/Users/khensanichabalala/DSFSI/MultilingualASR/MultilingualASR/experiments/sepedi-asr-eda/dataset/nchlt_nso/audio/503/nchlt_nso_503f_0540.wav,nchlt_nso_503f_0540,
/Users/khensanichabalala/DSFSI/MultilingualASR/MultilingualASR/experiments/sepedi-asr-eda/dataset/nchlt_nso/audio/503/nchlt_nso_503f_0391.wav,nchlt_nso_503f_0391,
/Users/khensanichabalala/DSFSI/MultilingualASR/MultilingualASR/experiments/sepedi-asr-eda/dataset/nchlt_nso/audio/503/nchlt_nso_503f_0420.wav,nchlt_nso_503f_0420,
/Users/khensanichabalala/DSFSI/MultilingualASR/MultilingualASR/experiments/sepedi-asr-eda/dataset/nchlt_nso/audio/503/nchlt_nso_503f_0346.wav,nchlt_nso_503f_0346,
/Users/khensanichabalala/DSFSI/MultilingualASR/MultilingualASR/experiments/sepedi-asr-eda/dataset/nchlt_nso/audio/503/nchlt_nso_503f_0434.wav,nchlt_nso_503f_0434,
/Users/khensanichabalala/DSFSI/MultilingualASR/MultilingualASR/experiments/sepedi-asr-eda/dataset/nchlt_nso/audio/503/nchlt_nso_503f_0187.wav,nchlt_nso_503f_0187,
/Users/khensanichabalala/DSFSI/MultilingualASR/MultilingualASR/experiments/sepedi-asr-eda/dataset/nchlt_nso/audio/503/nchlt_nso_503f_0193.wav,nchlt_nso_503f_0193,
/Users/khensanichabalala/DSFSI/MultilingualASR/MultilingualASR/experiments/sepedi-asr-eda/dataset/nchlt_nso/audio/503/nchlt_nso_503f_0178.wav,nchlt_nso_503f_0178,
/Users/khensanichabalala/DSFSI/MultilingualASR/MultilingualASR/experiments/sepedi-asr-eda/dataset/nchlt_nso/audio/503/nchlt_nso_503f_0144.wav,nchlt_nso_503f_0144,
/Users/khensanichabalala/DSFSI/MultilingualASR/MultilingualASR/experiments/sepedi-asr-eda/dataset/nchlt_nso/audio/503/nchlt_nso_503f_0622.wav,nchlt_nso_503f_0622,
/Users/khensanichabalala/DSFSI/MultilingualASR/MultilingualASR/experiments/sepedi-asr-eda/dataset/nchlt_nso/audio/503/nchlt_nso_503f_0146.wav,nchlt_nso_503f_0146,
/Users/khensanichabalala/DSFSI/MultilingualASR/MultilingualASR/experiments/sepedi-asr-eda/dataset/nchlt_nso/audio/503/nchlt_nso_503f_0152.wav,nchlt_nso_503f_0152,
/Users/khensanichabalala/DSFSI/MultilingualASR/MultilingualASR/experiments/sepedi-asr-eda/dataset/nchlt_nso/audio/503/nchlt_nso_503f_0608.wav,nchlt_nso_503f_0608,
/Users/khensanichabalala/DSFSI/MultilingualASR/MultilingualASR/experiments/sepedi-asr-eda/dataset/nchlt_nso/audio/503/nchlt_nso_503f_0422.wav,nchlt_nso_503f_0422,
/Users/khensanichabalala/DSFSI/MultilingualASR/MultilingualASR/experiments/sepedi-asr-eda/dataset/nchlt_nso/audio/503/nchlt_nso_503f_0350.wav,nchlt_nso_503f_0350,
/Users/khensanichabalala/DSFSI/MultilingualASR/MultilingualASR/experiments/sepedi-asr-eda/dataset/nchlt_nso/audio/503/nchlt_nso_503f_0378.wav,nchlt_nso_503f_0378,
/Users/khensanichabalala/DSFSI/MultilingualASR/MultilingualASR/experiments/sepedi-asr-eda/dataset/nchlt_nso/audio/503/nchlt_nso_503f_0387.wav,nchlt_nso_503f_0387,
/Users/khensanichabalala/DSFSI/MultilingualASR/MultilingualASR/experiments/sepedi-asr-eda/dataset/nchlt_nso/audio/503/nchlt_nso_503f_0393.wav,nchlt_nso_503f_0393,
/Users/khensanichabalala/DSFSI/MultilingualASR/MultilingualASR/experiments/sepedi-asr-eda/dataset/nchlt_nso/audio/503/nchlt_nso_503f_0026.wav,nchlt_nso_503f_0026,
/Users/khensanichabalala/DSFSI/MultilingualASR/MultilingualASR/experiments/sepedi-asr-eda/dataset/nchlt_nso/audio/503/nchlt_nso_503f_0027.wav,nchlt_nso_503f_0027,
/Users/khensanichabalala/DSFSI/MultilingualASR/MultilingualASR/experiments/sepedi-asr-eda/dataset/nchlt_nso/audio/503/nchlt_nso_503f_0543.wav,nchlt_nso_503f_0543,
/Users/khensanichabalala/DSFSI/MultilingualASR/MultilingualASR/experiments/sepedi-asr-eda/dataset/nchlt_nso/audio/503/nchlt_nso_503f_0231.wav,nchlt_nso_503f_0231,
/Users/khensanichabalala/DSFSI/MultilingualASR/MultilingualASR/experiments/sepedi-asr-eda/dataset/nchlt_nso/audio/503/nchlt_nso_503f_0392.wav,nchlt_nso_503f_0392,
/Users/khensanichabalala/DSFSI/MultilingualASR/MultilingualASR/experiments/sepedi-asr-eda/dataset/nchlt_nso/audio/503/nchlt_nso_503f_0386.wav,nchlt_nso_503f_0386,
/Users/khensanichabalala/DSFSI/MultilingualASR/MultilingualASR/experiments/sepedi-asr-eda/dataset/nchlt_nso/audio/503/nchlt_nso_503f_0379.wav,nchlt_nso_503f_0379,
/Users/khensanichabalala/DSFSI/MultilingualASR/MultilingualASR/experiments/sepedi-asr-eda/dataset/nchlt_nso/audio/503/nchlt_nso_503f_0345.wav,nchlt_nso_503f_0345,
/Users/khensanichabalala/DSFSI/MultilingualASR/MultilingualASR/experiments/sepedi-asr-eda/dataset/nchlt_nso/audio/503/nchlt_nso_503f_0423.wav,nchlt_nso_503f_0423,
/Users/khensanichabalala/DSFSI/MultilingualASR/MultilingualASR/experiments/sepedi-asr-eda/dataset/nchlt_nso/audio/503/nchlt_nso_503f_0190.wav,nchlt_nso_503f_0190,
/Users/khensanichabalala/DSFSI/MultilingualASR/MultilingualASR/experiments/sepedi-asr-eda/dataset/nchlt_nso/audio/503/nchlt_nso_503f_0153.wav,nchlt_nso_503f_0153,
/Users/khensanichabalala/DSFSI/MultilingualASR/MultilingualASR/experiments/sepedi-asr-eda/dataset/nchlt_nso/audio/503/nchlt_nso_503f_0621.wav,nchlt_nso_503f_0621,
/Users/khensanichabalala/DSFSI/MultilingualASR/MultilingualASR/experiments/sepedi-asr-eda/dataset/nchlt_nso/audio/506/nchlt_nso_506m_0146.wav,nchlt_nso_506m_0146,
/Users/khensanichabalala/DSFSI/MultilingualASR/MultilingualASR/experiments/sepedi-asr-eda/dataset/nchlt_nso/audio/506/nchlt_nso_506m_0185.wav,nchlt_nso_506m_0185,
/Users/khensanichabalala/DSFSI/MultilingualASR/MultilingualASR/experiments/sepedi-asr-eda/dataset/nchlt_nso/audio/506/nchlt_nso_506m_0350.wav,nchlt_nso_506m_0350,
/Users/khensanichabalala/DSFSI/MultilingualASR/MultilingualASR/experiments/sepedi-asr-eda/dataset/nchlt_nso/audio/506/nchlt_nso_506m_0344.wav,nchlt_nso_506m_0344,
/Users/khensanichabalala/DSFSI/MultilingualASR/MultilingualASR/experiments/sepedi-asr-eda/dataset/nchlt_nso/audio/506/nchlt_nso_506m_0422.wav,nchlt_nso_506m_0422,
/Users/khensanichabalala/DSFSI/MultilingualASR/MultilingualASR/experiments/sepedi-asr-eda/dataset/nchlt_nso/audio/506/nchlt_nso_506m_0393.wav,nchlt_nso_506m_0393,
/Users/khensanichabalala/DSFSI/MultilingualASR/MultilingualASR/experiments/sepedi-asr-eda/dataset/nchlt_nso/audio/506/nchlt_nso_506m_0387.wav,nchlt_nso_506m_0387,
/Users/khensanichabalala/DSFSI/MultilingualASR/MultilingualASR/experiments/sepedi-asr-eda/dataset/nchlt_nso/audio/506/nchlt_nso_506m_0224.wav,nchlt_nso_506m_0224,
/Users/khensanichabalala/DSFSI/MultilingualASR/MultilingualASR/experiments/sepedi-asr-eda/dataset/nchlt_nso/audio/506/nchlt_nso_506m_0230.wav,nchlt_nso_506m_0230,
/Users/khensanichabalala/DSFSI/MultilingualASR/MultilingualASR/experiments/sepedi-asr-eda/dataset/nchlt_nso/audio/506/nchlt_nso_506m_0032.wav,nchlt_nso_506m_0032,
/Users/khensanichabalala/DSFSI/MultilingualASR/MultilingualASR/experiments/sepedi-asr-eda/dataset/nchlt_nso/audio/506/nchlt_nso_506m_0033.wav,nchlt_nso_506m_0033,
/Users/khensanichabalala/DSFSI/MultilingualASR/MultilingualASR/experiments/sepedi-asr-eda/dataset/nchlt_nso/audio/506/nchlt_nso_506m_0027.wav,nchlt_nso_506m_0027,
/Users/khensanichabalala/DSFSI/MultilingualASR/MultilingualASR/experiments/sepedi-asr-eda/dataset/nchlt_nso/audio/506/nchlt_nso_506m_0219.wav,nchlt_nso_506m_0219,
/Users/khensanichabalala/DSFSI/MultilingualASR/MultilingualASR/experiments/sepedi-asr-eda/dataset/nchlt_nso/audio/506/nchlt_nso_506m_0225.wav,nchlt_nso_506m_0225,
/Users/khensanichabalala/DSFSI/MultilingualASR/MultilingualASR/experiments/sepedi-asr-eda/dataset/nchlt_nso/audio/506/nchlt_nso_506m_0386.wav,nchlt_nso_506m_0386,
/Users/khensanichabalala/DSFSI/MultilingualASR/MultilingualASR/experiments/sepedi-asr-eda/dataset/nchlt_nso/audio/506/nchlt_nso_506m_0392.wav,nchlt_nso_506m_0392,
/Users/khensanichabalala/DSFSI/MultilingualASR/MultilingualASR/experiments/sepedi-asr-eda/dataset/nchlt_nso/audio/506/nchlt_nso_506m_0423.wav,nchlt_nso_506m_0423,
/Users/khensanichabalala/DSFSI/MultilingualASR/MultilingualASR/experiments/sepedi-asr-eda/dataset/nchlt_nso/audio/506/nchlt_nso_506m_0190.wav,nchlt_nso_506m_0190,
/Users/khensanichabalala/DSFSI/MultilingualASR/MultilingualASR/experiments/sepedi-asr-eda/dataset/nchlt_nso/audio/506/nchlt_nso_506m_0147.wav,nchlt_nso_506m_0147,
/Users/khensanichabalala/DSFSI/MultilingualASR/MultilingualASR/experiments/sepedi-asr-eda/dataset/nchlt_nso/audio/506/nchlt_nso_506m_0153.wav,nchlt_nso_506m_0153,
/Users/khensanichabalala/DSFSI/MultilingualASR/MultilingualASR/experiments/sepedi-asr-eda/dataset/nchlt_nso/audio/506/nchlt_nso_506m_0151.wav,nchlt_nso_506m_0151,
/Users/khensanichabalala/DSFSI/MultilingualASR/MultilingualASR/experiments/sepedi-asr-eda/dataset/nchlt_nso/audio/506/nchlt_nso_506m_0186.wav,nchlt_nso_506m_0186,
/Users/khensanichabalala/DSFSI/MultilingualASR/MultilingualASR/experiments/sepedi-asr-eda/dataset/nchlt_nso/audio/506/nchlt_nso_506m_0192.wav,nchlt_nso_506m_0192,
/Users/khensanichabalala/DSFSI/MultilingualASR/MultilingualASR/experiments/sepedi-asr-eda/dataset/nchlt_nso/audio/506/nchlt_nso_506m_0347.wav,nchlt_nso_506m_0347,
/Users/khensanichabalala/DSFSI/MultilingualASR/MultilingualASR/experiments/sepedi-asr-eda/dataset/nchlt_nso/audio/506/nchlt_nso_506m_0390.wav,nchlt_nso_506m_0390,
/Users/khensanichabalala/DSFSI/MultilingualASR/MultilingualASR/experiments/sepedi-asr-eda/dataset/nchlt_nso/audio/506/nchlt_nso_506m_0233.wav,nchlt_nso_506m_0233,
/Users/khensanichabalala/DSFSI/MultilingualASR/MultilingualASR/experiments/sepedi-asr-eda/dataset/nchlt_nso/audio/506/nchlt_nso_506m_0227.wav,nchlt_nso_506m_0227,
/Users/khensanichabalala/DSFSI/MultilingualASR/MultilingualASR/experiments/sepedi-asr-eda/dataset/nchlt_nso/audio/506/nchlt_nso_506m_0031.wav,nchlt_nso_506m_0031,
/Users/khensanichabalala/DSFSI/MultilingualASR/MultilingualASR/experiments/sepedi-asr-eda/dataset/nchlt_nso/audio/506/nchlt_nso_506m_0025.wav,nchlt_nso_506m_0025,
/Users/khensanichabalala/DSFSI/MultilingualASR/MultilingualASR/experiments/sepedi-asr-eda/dataset/nchlt_nso/audio/506/nchlt_nso_506m_0019.wav,nchlt_nso_506m_0019,
/Users/khensanichabalala/DSFSI/MultilingualASR/MultilingualASR/experiments/sepedi-asr-eda/dataset/nchlt_nso/audio/506/nchlt_nso_506m_0018.wav,nchlt_nso_506m_0018,
/Users/khensanichabalala/DSFSI/MultilingualASR/MultilingualASR/experiments/sepedi-asr-eda/dataset/nchlt_nso/audio/506/nchlt_nso_506m_0030.wav,nchlt_nso_506m_0030,
/Users/khensanichabalala/DSFSI/MultilingualASR/MultilingualASR/experiments/sepedi-asr-eda/dataset/nchlt_nso/audio/506/nchlt_nso_506m_0226.wav,nchlt_nso_506m_0226,
/Users/khensanichabalala/DSFSI/MultilingualASR/MultilingualASR/experiments/sepedi-asr-eda/dataset/nchlt_nso/audio/506/nchlt_nso_506m_0385.wav,nchlt_nso_506m_0385,
/Users/khensanichabalala/DSFSI/MultilingualASR/MultilingualASR/experiments/sepedi-asr-eda/dataset/nchlt_nso/audio/506/nchlt_nso_506m_0408.wav,nchlt_nso_506m_0408,
/Users/khensanichabalala/DSFSI/MultilingualASR/MultilingualASR/experiments/sepedi-asr-eda/dataset/nchlt_nso/audio/506/nchlt_nso_506m_0420.wav,nchlt_nso_506m_0420,
/Users/khensanichabalala/DSFSI/MultilingualASR/MultilingualASR/experiments/sepedi-asr-eda/dataset/nchlt_nso/audio/506/nchlt_nso_506m_0346.wav,nchlt_nso_506m_0346,
/Users/khensanichabalala/DSFSI/MultilingualASR/MultilingualASR/experiments/sepedi-asr-eda/dataset/nchlt_nso/audio/506/nchlt_nso_506m_0193.wav,nchlt_nso_506m_0193,
/Users/khensanichabalala/DSFSI/MultilingualASR/MultilingualASR/experiments/sepedi-asr-eda/dataset/nchlt_nso/audio/506/nchlt_nso_506m_0187.wav,nchlt_nso_506m_0187,
/Users/khensanichabalala/DSFSI/MultilingualASR/MultilingualASR/experiments/sepedi-asr-eda/dataset/nchlt_nso/audio/506/nchlt_nso_506m_0150.wav,nchlt_nso_506m_0150,
/Users/khensanichabalala/DSFSI/MultilingualASR/MultilingualASR/experiments/sepedi-asr-eda/dataset/nchlt_nso/audio/506/nchlt_nso_506m_0168.wav,nchlt_nso_506m_0168,
/Users/khensanichabalala/DSFSI/MultilingualASR/MultilingualASR/experiments/sepedi-asr-eda/dataset/nchlt_nso/audio/506/nchlt_nso_506m_0140.wav,nchlt_nso_506m_0140,
/Users/khensanichabalala/DSFSI/MultilingualASR/MultilingualASR/experiments/sepedi-asr-eda/dataset/nchlt_nso/audio/506/nchlt_nso_506m_0154.wav,nchlt_nso_506m_0154,
/Users/khensanichabalala/DSFSI/MultilingualASR/MultilingualASR/experiments/sepedi-asr-eda/dataset/nchlt_nso/audio/506/nchlt_nso_506m_0183.wav,nchlt_nso_506m_0183,
/Users/khensanichabalala/DSFSI/MultilingualASR/MultilingualASR/experiments/sepedi-asr-eda/dataset/nchlt_nso/audio/506/nchlt_nso_506m_0197.wav,nchlt_nso_506m_0197,
/Users/khensanichabalala/DSFSI/MultilingualASR/MultilingualASR/experiments/sepedi-asr-eda/dataset/nchlt_nso/audio/506/nchlt_nso_506m_0418.wav,nchlt_nso_506m_0418,
/Users/khensanichabalala/DSFSI/MultilingualASR/MultilingualASR/experiments/sepedi-asr-eda/dataset/nchlt_nso/audio/506/nchlt_nso_506m_0342.wav,nchlt_nso_506m_0342,
/Users/khensanichabalala/DSFSI/MultilingualASR/MultilingualASR/experiments/sepedi-asr-eda/dataset/nchlt_nso/audio/506/nchlt_nso_506m_0424.wav,nchlt_nso_506m_0424,
/Users/khensanichabalala/DSFSI/MultilingualASR/MultilingualASR/experiments/sepedi-asr-eda/dataset/nchlt_nso/audio/506/nchlt_nso_506m_0430.wav,nchlt_nso_506m_0430,
/Users/khensanichabalala/DSFSI/MultilingualASR/MultilingualASR/experiments/sepedi-asr-eda/dataset/nchlt_nso/audio/506/nchlt_nso_506m_0356.wav,nchlt_nso_506m_0356,
/Users/khensanichabalala/DSFSI/MultilingualASR/MultilingualASR/experiments/sepedi-asr-eda/dataset/nchlt_nso/audio/506/nchlt_nso_506m_0381.wav,nchlt_nso_506m_0381,
/Users/khensanichabalala/DSFSI/MultilingualASR/MultilingualASR/experiments/sepedi-asr-eda/dataset/nchlt_nso/audio/506/nchlt_nso_506m_0395.wav,nchlt_nso_506m_0395,
/Users/khensanichabalala/DSFSI/MultilingualASR/MultilingualASR/experiments/sepedi-asr-eda/dataset/nchlt_nso/audio/506/nchlt_nso_506m_0236.wav,nchlt_nso_506m_0236,
/Users/khensanichabalala/DSFSI/MultilingualASR/MultilingualASR/experiments/sepedi-asr-eda/dataset/nchlt_nso/audio/506/nchlt_nso_506m_0222.wav,nchlt_nso_506m_0222,
/Users/khensanichabalala/DSFSI/MultilingualASR/MultilingualASR/experiments/sepedi-asr-eda/dataset/nchlt_nso/audio/506/nchlt_nso_506m_0008.wav,nchlt_nso_506m_0008,
/Users/khensanichabalala/DSFSI/MultilingualASR/MultilingualASR/experiments/sepedi-asr-eda/dataset/nchlt_nso/audio/506/nchlt_nso_506m_0020.wav,nchlt_nso_506m_0020,
/Users/khensanichabalala/DSFSI/MultilingualASR/MultilingualASR/experiments/sepedi-asr-eda/dataset/nchlt_nso/audio/506/nchlt_nso_506m_0021.wav,nchlt_nso_506m_0021,
/Users/khensanichabalala/DSFSI/MultilingualASR/MultilingualASR/experiments/sepedi-asr-eda/dataset/nchlt_nso/audio/506/nchlt_nso_506m_0009.wav,nchlt_nso_506m_0009,
/Users/khensanichabalala/DSFSI/MultilingualASR/MultilingualASR/experiments/sepedi-asr-eda/dataset/nchlt_nso/audio/506/nchlt_nso_506m_0223.wav,nchlt_nso_506m_0223,
/Users/khensanichabalala/DSFSI/MultilingualASR/MultilingualASR/experiments/sepedi-asr-eda/dataset/nchlt_nso/audio/506/nchlt_nso_506m_0394.wav,nchlt_nso_506m_0394,
/Users/khensanichabalala/DSFSI/MultilingualASR/MultilingualASR/experiments/sepedi-asr-eda/dataset/nchlt_nso/audio/506/nchlt_nso_506m_0380.wav,nchlt_nso_506m_0380,
/Users/khensanichabalala/DSFSI/MultilingualASR/MultilingualASR/experiments/sepedi-asr-eda/dataset/nchlt_nso/audio/506/nchlt_nso_506m_0431.wav,nchlt_nso_506m_0431,
/Users/khensanichabalala/DSFSI/MultilingualASR/MultilingualASR/experiments/sepedi-asr-eda/dataset/nchlt_nso/audio/506/nchlt_nso_506m_0343.wav,nchlt_nso_506m_0343,
/Users/khensanichabalala/DSFSI/MultilingualASR/MultilingualASR/experiments/sepedi-asr-eda/dataset/nchlt_nso/audio/506/nchlt_nso_506m_0425.wav,nchlt_nso_506m_0425,
/Users/khensanichabalala/DSFSI/MultilingualASR/MultilingualASR/experiments/sepedi-asr-eda/dataset/nchlt_nso/audio/506/nchlt_nso_506m_0419.wav,nchlt_nso_506m_0419,
/Users/khensanichabalala/DSFSI/MultilingualASR/MultilingualASR/experiments/sepedi-asr-eda/dataset/nchlt_nso/audio/506/nchlt_nso_506m_0196.wav,nchlt_nso_506m_0196,
/Users/khensanichabalala/DSFSI/MultilingualASR/MultilingualASR/experiments/sepedi-asr-eda/dataset/nchlt_nso/audio/506/nchlt_nso_506m_0155.wav,nchlt_nso_506m_0155,
/Users/khensanichabalala/DSFSI/MultilingualASR/MultilingualASR/experiments/sepedi-asr-eda/dataset/nchlt_nso/audio/506/nchlt_nso_506m_0141.wav,nchlt_nso_506m_0141,
/Users/khensanichabalala/DSFSI/MultilingualASR/MultilingualASR/experiments/sepedi-asr-eda/dataset/nchlt_nso/audio/506/nchlt_nso_506m_0169.wav,nchlt_nso_506m_0169,
/Users/khensanichabalala/DSFSI/MultilingualASR/MultilingualASR/experiments/sepedi-asr-eda/dataset/nchlt_nso/audio/506/nchlt_nso_506m_0157.wav,nchlt_nso_506m_0157,
/Users/khensanichabalala/DSFSI/MultilingualASR/MultilingualASR/experiments/sepedi-asr-eda/dataset/nchlt_nso/audio/506/nchlt_nso_506m_0143.wav,nchlt_nso_506m_0143,
/Users/khensanichabalala/DSFSI/MultilingualASR/MultilingualASR/experiments/sepedi-asr-eda/dataset/nchlt_nso/audio/506/nchlt_nso_506m_0194.wav,nchlt_nso_506m_0194,
/Users/khensanichabalala/DSFSI/MultilingualASR/MultilingualASR/experiments/sepedi-asr-eda/dataset/nchlt_nso/audio/506/nchlt_nso_506m_0369.wav,nchlt_nso_506m_0369,
/Users/khensanichabalala/DSFSI/MultilingualASR/MultilingualASR/experiments/sepedi-asr-eda/dataset/nchlt_nso/audio/506/nchlt_nso_506m_0355.wav,nchlt_nso_506m_0355,
/Users/khensanichabalala/DSFSI/MultilingualASR/MultilingualASR/experiments/sepedi-asr-eda/dataset/nchlt_nso/audio/506/nchlt_nso_506m_0427.wav,nchlt_nso_506m_0427,
/Users/khensanichabalala/DSFSI/MultilingualASR/MultilingualASR/experiments/sepedi-asr-eda/dataset/nchlt_nso/audio/506/nchlt_nso_506m_0396.wav,nchlt_nso_506m_0396,
/Users/khensanichabalala/DSFSI/MultilingualASR/MultilingualASR/experiments/sepedi-asr-eda/dataset/nchlt_nso/audio/506/nchlt_nso_506m_0209.wav,nchlt_nso_506m_0209,
/Users/khensanichabalala/DSFSI/MultilingualASR/MultilingualASR/experiments/sepedi-asr-eda/dataset/nchlt_nso/audio/506/nchlt_nso_506m_0235.wav,nchlt_nso_506m_0235,
/Users/khensanichabalala/DSFSI/MultilingualASR/MultilingualASR/experiments/sepedi-asr-eda/dataset/nchlt_nso/audio/506/nchlt_nso_506m_0023.wav,nchlt_nso_506m_0023,
/Users/khensanichabalala/DSFSI/MultilingualASR/MultilingualASR/experiments/sepedi-asr-eda/dataset/nchlt_nso/audio/506/nchlt_nso_506m_0037.wav,nchlt_nso_506m_0037,
/Users/khensanichabalala/DSFSI/MultilingualASR/MultilingualASR/experiments/sepedi-asr-eda/dataset/nchlt_nso/audio/506/nchlt_nso_506m_0036.wav,nchlt_nso_506m_0036,
/Users/khensanichabalala/DSFSI/MultilingualASR/MultilingualASR/experiments/sepedi-asr-eda/dataset/nchlt_nso/audio/506/nchlt_nso_506m_0022.wav,nchlt_nso_506m_0022,
/Users/khensanichabalala/DSFSI/MultilingualASR/MultilingualASR/experiments/sepedi-asr-eda/dataset/nchlt_nso/audio/506/nchlt_nso_506m_0234.wav,nchlt_nso_506m_0234,
/Users/khensanichabalala/DSFSI/MultilingualASR/MultilingualASR/experiments/sepedi-asr-eda/dataset/nchlt_nso/audio/506/nchlt_nso_506m_0208.wav,nchlt_nso_506m_0208,
/Users/khensanichabalala/DSFSI/MultilingualASR/MultilingualASR/experiments/sepedi-asr-eda/dataset/nchlt_nso/audio/506/nchlt_nso_506m_0383.wav,nchlt_nso_506m_0383,
/Users/khensanichabalala/DSFSI/MultilingualASR/MultilingualASR/experiments/sepedi-asr-eda/dataset/nchlt_nso/audio/506/nchlt_nso_506m_0426.wav,nchlt_nso_506m_0426,
/Users/khensanichabalala/DSFSI/MultilingualASR/MultilingualASR/experiments/sepedi-asr-eda/dataset/nchlt_nso/audio/506/nchlt_nso_506m_0354.wav,nchlt_nso_506m_0354,
/Users/khensanichabalala/DSFSI/MultilingualASR/MultilingualASR/experiments/sepedi-asr-eda/dataset/nchlt_nso/audio/506/nchlt_nso_506m_0432.wav,nchlt_nso_506m_0432,
/Users/khensanichabalala/DSFSI/MultilingualASR/MultilingualASR/experiments/sepedi-asr-eda/dataset/nchlt_nso/audio/506/nchlt_nso_506m_0181.wav,nchlt_nso_506m_0181,
/Users/khensanichabalala/DSFSI/MultilingualASR/MultilingualASR/experiments/sepedi-asr-eda/dataset/nchlt_nso/audio/506/nchlt_nso_506m_0195.wav,nchlt_nso_506m_0195,
/Users/khensanichabalala/DSFSI/MultilingualASR/MultilingualASR/experiments/sepedi-asr-eda/dataset/nchlt_nso/audio/506/nchlt_nso_506m_0156.wav,nchlt_nso_506m_0156,
/Users/khensanichabalala/DSFSI/MultilingualASR/MultilingualASR/experiments/sepedi-asr-eda/dataset/nchlt_nso/audio/506/nchlt_nso_506m_0125.wav,nchlt_nso_506m_0125,
/Users/khensanichabalala/DSFSI/MultilingualASR/MultilingualASR/experiments/sepedi-asr-eda/dataset/nchlt_nso/audio/506/nchlt_nso_506m_0119.wav,nchlt_nso_506m_0119,
/Users/khensanichabalala/DSFSI/MultilingualASR/MultilingualASR/experiments/sepedi-asr-eda/dataset/nchlt_nso/audio/506/nchlt_nso_506m_0333.wav,nchlt_nso_506m_0333,
/Users/khensanichabalala/DSFSI/MultilingualASR/MultilingualASR/experiments/sepedi-asr-eda/dataset/nchlt_nso/audio/506/nchlt_nso_506m_0455.wav,nchlt_nso_506m_0455,
/Users/khensanichabalala/DSFSI/MultilingualASR/MultilingualASR/experiments/sepedi-asr-eda/dataset/nchlt_nso/audio/506/nchlt_nso_506m_0441.wav,nchlt_nso_506m_0441,
/Users/khensanichabalala/DSFSI/MultilingualASR/MultilingualASR/experiments/sepedi-asr-eda/dataset/nchlt_nso/audio/506/nchlt_nso_506m_0469.wav,nchlt_nso_506m_0469,
/Users/khensanichabalala/DSFSI/MultilingualASR/MultilingualASR/experiments/sepedi-asr-eda/dataset/nchlt_nso/audio/506/nchlt_nso_506m_0496.wav,nchlt_nso_506m_0496,
/Users/khensanichabalala/DSFSI/MultilingualASR/MultilingualASR/experiments/sepedi-asr-eda/dataset/nchlt_nso/audio/506/nchlt_nso_506m_0482.wav,nchlt_nso_506m_0482,
/Users/khensanichabalala/DSFSI/MultilingualASR/MultilingualASR/experiments/sepedi-asr-eda/dataset/nchlt_nso/audio/506/nchlt_nso_506m_0253.wav,nchlt_nso_506m_0253,
/Users/khensanichabalala/DSFSI/MultilingualASR/MultilingualASR/experiments/sepedi-asr-eda/dataset/nchlt_nso/audio/506/nchlt_nso_506m_0509.wav,nchlt_nso_506m_0509,
/Users/khensanichabalala/DSFSI/MultilingualASR/MultilingualASR/experiments/sepedi-asr-eda/dataset/nchlt_nso/audio/506/nchlt_nso_506m_0290.wav,nchlt_nso_506m_0290,
/Users/khensanichabalala/DSFSI/MultilingualASR/MultilingualASR/experiments/sepedi-asr-eda/dataset/nchlt_nso/audio/506/nchlt_nso_506m_0045.wav,nchlt_nso_506m_0045,
/Users/khensanichabalala/DSFSI/MultilingualASR/MultilingualASR/experiments/sepedi-asr-eda/dataset/nchlt_nso/audio/506/nchlt_nso_506m_0051.wav,nchlt_nso_506m_0051,
/Users/khensanichabalala/DSFSI/MultilingualASR/MultilingualASR/experiments/sepedi-asr-eda/dataset/nchlt_nso/audio/506/nchlt_nso_506m_0079.wav,nchlt_nso_506m_0079,
/Users/khensanichabalala/DSFSI/MultilingualASR/MultilingualASR/experiments/sepedi-asr-eda/dataset/nchlt_nso/audio/506/nchlt_nso_506m_0086.wav,nchlt_nso_506m_0086,
/Users/khensanichabalala/DSFSI/MultilingualASR/MultilingualASR/experiments/sepedi-asr-eda/dataset/nchlt_nso/audio/506/nchlt_nso_506m_0092.wav,nchlt_nso_506m_0092,
/Users/khensanichabalala/DSFSI/MultilingualASR/MultilingualASR/experiments/sepedi-asr-eda/dataset/nchlt_nso/audio/506/nchlt_nso_506m_0087.wav,nchlt_nso_506m_0087,
/Users/khensanichabalala/DSFSI/MultilingualASR/MultilingualASR/experiments/sepedi-asr-eda/dataset/nchlt_nso/audio/506/nchlt_nso_506m_0050.wav,nchlt_nso_506m_0050,
/Users/khensanichabalala/DSFSI/MultilingualASR/MultilingualASR/experiments/sepedi-asr-eda/dataset/nchlt_nso/audio/506/nchlt_nso_506m_0291.wav,nchlt_nso_506m_0291,
/Users/khensanichabalala/DSFSI/MultilingualASR/MultilingualASR/experiments/sepedi-asr-eda/dataset/nchlt_nso/audio/506/nchlt_nso_506m_0285.wav,nchlt_nso_506m_0285,
/Users/khensanichabalala/DSFSI/MultilingualASR/MultilingualASR/experiments/sepedi-asr-eda/dataset/nchlt_nso/audio/506/nchlt_nso_506m_0508.wav,nchlt_nso_506m_0508,
/Users/khensanichabalala/DSFSI/MultilingualASR/MultilingualASR/experiments/sepedi-asr-eda/dataset/nchlt_nso/audio/506/nchlt_nso_506m_0252.wav,nchlt_nso_506m_0252,
/Users/khensanichabalala/DSFSI/MultilingualASR/MultilingualASR/experiments/sepedi-asr-eda/dataset/nchlt_nso/audio/506/nchlt_nso_506m_0246.wav,nchlt_nso_506m_0246,
/Users/khensanichabalala/DSFSI/MultilingualASR/MultilingualASR/experiments/sepedi-asr-eda/dataset/nchlt_nso/audio/506/nchlt_nso_506m_0483.wav,nchlt_nso_506m_0483,
/Users/khensanichabalala/DSFSI/MultilingualASR/MultilingualASR/experiments/sepedi-asr-eda/dataset/nchlt_nso/audio/506/nchlt_nso_506m_0497.wav,nchlt_nso_506m_0497,
/Users/khensanichabalala/DSFSI/MultilingualASR/MultilingualASR/experiments/sepedi-asr-eda/dataset/nchlt_nso/audio/506/nchlt_nso_506m_0118.wav,nchlt_nso_506m_0118,
/Users/khensanichabalala/DSFSI/MultilingualASR/MultilingualASR/experiments/sepedi-asr-eda/dataset/nchlt_nso/audio/506/nchlt_nso_506m_0124.wav,nchlt_nso_506m_0124,
/Users/khensanichabalala/DSFSI/MultilingualASR/MultilingualASR/experiments/sepedi-asr-eda/dataset/nchlt_nso/audio/506/nchlt_nso_506m_0126.wav,nchlt_nso_506m_0126,
/Users/khensanichabalala/DSFSI/MultilingualASR/MultilingualASR/experiments/sepedi-asr-eda/dataset/nchlt_nso/audio/506/nchlt_nso_506m_0132.wav,nchlt_nso_506m_0132,
/Users/khensanichabalala/DSFSI/MultilingualASR/MultilingualASR/experiments/sepedi-asr-eda/dataset/nchlt_nso/audio/506/nchlt_nso_506m_0442.wav,nchlt_nso_506m_0442,
/Users/khensanichabalala/DSFSI/MultilingualASR/MultilingualASR/experiments/sepedi-asr-eda/dataset/nchlt_nso/audio/506/nchlt_nso_506m_0318.wav,nchlt_nso_506m_0318,
/Users/khensanichabalala/DSFSI/MultilingualASR/MultilingualASR/experiments/sepedi-asr-eda/dataset/nchlt_nso/audio/506/nchlt_nso_506m_0481.wav,nchlt_nso_506m_0481,
/Users/khensanichabalala/DSFSI/MultilingualASR/MultilingualASR/experiments/sepedi-asr-eda/dataset/nchlt_nso/audio/506/nchlt_nso_506m_0250.wav,nchlt_nso_506m_0250,
/Users/khensanichabalala/DSFSI/MultilingualASR/MultilingualASR/experiments/sepedi-asr-eda/dataset/nchlt_nso/audio/506/nchlt_nso_506m_0244.wav,nchlt_nso_506m_0244,
/Users/khensanichabalala/DSFSI/MultilingualASR/MultilingualASR/experiments/sepedi-asr-eda/dataset/nchlt_nso/audio/506/nchlt_nso_506m_0287.wav,nchlt_nso_506m_0287,
/Users/khensanichabalala/DSFSI/MultilingualASR/MultilingualASR/experiments/sepedi-asr-eda/dataset/nchlt_nso/audio/506/nchlt_nso_506m_0052.wav,nchlt_nso_506m_0052,
/Users/khensanichabalala/DSFSI/MultilingualASR/MultilingualASR/experiments/sepedi-asr-eda/dataset/nchlt_nso/audio/506/nchlt_nso_506m_0046.wav,nchlt_nso_506m_0046,
/Users/khensanichabalala/DSFSI/MultilingualASR/MultilingualASR/experiments/sepedi-asr-eda/dataset/nchlt_nso/audio/506/nchlt_nso_506m_0091.wav,nchlt_nso_506m_0091,
/Users/khensanichabalala/DSFSI/MultilingualASR/MultilingualASR/experiments/sepedi-asr-eda/dataset/nchlt_nso/audio/506/nchlt_nso_506m_0084.wav,nchlt_nso_506m_0084,
/Users/khensanichabalala/DSFSI/MultilingualASR/MultilingualASR/experiments/sepedi-asr-eda/dataset/nchlt_nso/audio/506/nchlt_nso_506m_0047.wav,nchlt_nso_506m_0047,
/Users/khensanichabalala/DSFSI/MultilingualASR/MultilingualASR/experiments/sepedi-asr-eda/dataset/nchlt_nso/audio/506/nchlt_nso_506m_0286.wav,nchlt_nso_506m_0286,
/Users/khensanichabalala/DSFSI/MultilingualASR/MultilingualASR/experiments/sepedi-asr-eda/dataset/nchlt_nso/audio/506/nchlt_nso_506m_0279.wav,nchlt_nso_506m_0279,
/Users/khensanichabalala/DSFSI/MultilingualASR/MultilingualASR/experiments/sepedi-asr-eda/dataset/nchlt_nso/audio/506/nchlt_nso_506m_0251.wav,nchlt_nso_506m_0251,
/Users/khensanichabalala/DSFSI/MultilingualASR/MultilingualASR/experiments/sepedi-asr-eda/dataset/nchlt_nso/audio/506/nchlt_nso_506m_0494.wav,nchlt_nso_506m_0494,
/Users/khensanichabalala/DSFSI/MultilingualASR/MultilingualASR/experiments/sepedi-asr-eda/dataset/nchlt_nso/audio/506/nchlt_nso_506m_0325.wav,nchlt_nso_506m_0325,
/Users/khensanichabalala/DSFSI/MultilingualASR/MultilingualASR/experiments/sepedi-asr-eda/dataset/nchlt_nso/audio/506/nchlt_nso_506m_0443.wav,nchlt_nso_506m_0443,
/Users/khensanichabalala/DSFSI/MultilingualASR/MultilingualASR/experiments/sepedi-asr-eda/dataset/nchlt_nso/audio/506/nchlt_nso_506m_0133.wav,nchlt_nso_506m_0133,
/Users/khensanichabalala/DSFSI/MultilingualASR/MultilingualASR/experiments/sepedi-asr-eda/dataset/nchlt_nso/audio/506/nchlt_nso_506m_0127.wav,nchlt_nso_506m_0127,
/Users/khensanichabalala/DSFSI/MultilingualASR/MultilingualASR/experiments/sepedi-asr-eda/dataset/nchlt_nso/audio/506/nchlt_nso_506m_0137.wav,nchlt_nso_506m_0137,
/Users/khensanichabalala/DSFSI/MultilingualASR/MultilingualASR/experiments/sepedi-asr-eda/dataset/nchlt_nso/audio/506/nchlt_nso_506m_0309.wav,nchlt_nso_506m_0309,
/Users/khensanichabalala/DSFSI/MultilingualASR/MultilingualASR/experiments/sepedi-asr-eda/dataset/nchlt_nso/audio/506/nchlt_nso_506m_0321.wav,nchlt_nso_506m_0321,
/Users/khensanichabalala/DSFSI/MultilingualASR/MultilingualASR/experiments/sepedi-asr-eda/dataset/nchlt_nso/audio/506/nchlt_nso_506m_0335.wav,nchlt_nso_506m_0335,
/Users/khensanichabalala/DSFSI/MultilingualASR/MultilingualASR/experiments/sepedi-asr-eda/dataset/nchlt_nso/audio/506/nchlt_nso_506m_0453.wav,nchlt_nso_506m_0453,
/Users/khensanichabalala/DSFSI/MultilingualASR/MultilingualASR/experiments/sepedi-asr-eda/dataset/nchlt_nso/audio/506/nchlt_nso_506m_0484.wav,nchlt_nso_506m_0484,
/Users/khensanichabalala/DSFSI/MultilingualASR/MultilingualASR/experiments/sepedi-asr-eda/dataset/nchlt_nso/audio/506/nchlt_nso_506m_0269.wav,nchlt_nso_506m_0269,
/Users/khensanichabalala/DSFSI/MultilingualASR/MultilingualASR/experiments/sepedi-asr-eda/dataset/nchlt_nso/audio/506/nchlt_nso_506m_0255.wav,nchlt_nso_506m_0255,
/Users/khensanichabalala/DSFSI/MultilingualASR/MultilingualASR/experiments/sepedi-asr-eda/dataset/nchlt_nso/audio/506/nchlt_nso_506m_0296.wav,nchlt_nso_506m_0296,
/Users/khensanichabalala/DSFSI/MultilingualASR/MultilingualASR/experiments/sepedi-asr-eda/dataset/nchlt_nso/audio/506/nchlt_nso_506m_0057.wav,nchlt_nso_506m_0057,
/Users/khensanichabalala/DSFSI/MultilingualASR/MultilingualASR/experiments/sepedi-asr-eda/dataset/nchlt_nso/audio/506/nchlt_nso_506m_0043.wav,nchlt_nso_506m_0043,
/Users/khensanichabalala/DSFSI/MultilingualASR/MultilingualASR/experiments/sepedi-asr-eda/dataset/nchlt_nso/audio/506/nchlt_nso_506m_0080.wav,nchlt_nso_506m_0080,
/Users/khensanichabalala/DSFSI/MultilingualASR/MultilingualASR/experiments/sepedi-asr-eda/dataset/nchlt_nso/audio/506/nchlt_nso_506m_0081.wav,nchlt_nso_506m_0081,
/Users/khensanichabalala/DSFSI/MultilingualASR/MultilingualASR/experiments/sepedi-asr-eda/dataset/nchlt_nso/audio/506/nchlt_nso_506m_0095.wav,nchlt_nso_506m_0095,
/Users/khensanichabalala/DSFSI/MultilingualASR/MultilingualASR/experiments/sepedi-asr-eda/dataset/nchlt_nso/audio/506/nchlt_nso_506m_0056.wav,nchlt_nso_506m_0056,
/Users/khensanichabalala/DSFSI/MultilingualASR/MultilingualASR/experiments/sepedi-asr-eda/dataset/nchlt_nso/audio/506/nchlt_nso_506m_0283.wav,nchlt_nso_506m_0283,
/Users/khensanichabalala/DSFSI/MultilingualASR/MultilingualASR/experiments/sepedi-asr-eda/dataset/nchlt_nso/audio/506/nchlt_nso_506m_0297.wav,nchlt_nso_506m_0297,
/Users/khensanichabalala/DSFSI/MultilingualASR/MultilingualASR/experiments/sepedi-asr-eda/dataset/nchlt_nso/audio/506/nchlt_nso_506m_0240.wav,nchlt_nso_506m_0240,
/Users/khensanichabalala/DSFSI/MultilingualASR/MultilingualASR/experiments/sepedi-asr-eda/dataset/nchlt_nso/audio/506/nchlt_nso_506m_0254.wav,nchlt_nso_506m_0254,
/Users/khensanichabalala/DSFSI/MultilingualASR/MultilingualASR/experiments/sepedi-asr-eda/dataset/nchlt_nso/audio/506/nchlt_nso_506m_0268.wav,nchlt_nso_506m_0268,
/Users/khensanichabalala/DSFSI/MultilingualASR/MultilingualASR/experiments/sepedi-asr-eda/dataset/nchlt_nso/audio/506/nchlt_nso_506m_0491.wav,nchlt_nso_506m_0491,
/Users/khensanichabalala/DSFSI/MultilingualASR/MultilingualASR/experiments/sepedi-asr-eda/dataset/nchlt_nso/audio/506/nchlt_nso_506m_0485.wav,nchlt_nso_506m_0485,
/Users/khensanichabalala/DSFSI/MultilingualASR/MultilingualASR/experiments/sepedi-asr-eda/dataset/nchlt_nso/audio/506/nchlt_nso_506m_0334.wav,nchlt_nso_506m_0334,
/Users/khensanichabalala/DSFSI/MultilingualASR/MultilingualASR/experiments/sepedi-asr-eda/dataset/nchlt_nso/audio/506/nchlt_nso_506m_0452.wav,nchlt_nso_506m_0452,
/Users/khensanichabalala/DSFSI/MultilingualASR/MultilingualASR/experiments/sepedi-asr-eda/dataset/nchlt_nso/audio/506/nchlt_nso_506m_0446.wav,nchlt_nso_506m_0446,
/Users/khensanichabalala/DSFSI/MultilingualASR/MultilingualASR/experiments/sepedi-asr-eda/dataset/nchlt_nso/audio/506/nchlt_nso_506m_0320.wav,nchlt_nso_506m_0320,
/Users/khensanichabalala/DSFSI/MultilingualASR/MultilingualASR/experiments/sepedi-asr-eda/dataset/nchlt_nso/audio/506/nchlt_nso_506m_0308.wav,nchlt_nso_506m_0308,
/Users/khensanichabalala/DSFSI/MultilingualASR/MultilingualASR/experiments/sepedi-asr-eda/dataset/nchlt_nso/audio/506/nchlt_nso_506m_0108.wav,nchlt_nso_506m_0108,
/Users/khensanichabalala/DSFSI/MultilingualASR/MultilingualASR/experiments/sepedi-asr-eda/dataset/nchlt_nso/audio/506/nchlt_nso_506m_0134.wav,nchlt_nso_506m_0134,
/Users/khensanichabalala/DSFSI/MultilingualASR/MultilingualASR/experiments/sepedi-asr-eda/dataset/nchlt_nso/audio/506/nchlt_nso_506m_0120.wav,nchlt_nso_506m_0120,
/Users/khensanichabalala/DSFSI/MultilingualASR/MultilingualASR/experiments/sepedi-asr-eda/dataset/nchlt_nso/audio/506/nchlt_nso_506m_0478.wav,nchlt_nso_506m_0478,
/Users/khensanichabalala/DSFSI/MultilingualASR/MultilingualASR/experiments/sepedi-asr-eda/dataset/nchlt_nso/audio/506/nchlt_nso_506m_0322.wav,nchlt_nso_506m_0322,
/Users/khensanichabalala/DSFSI/MultilingualASR/MultilingualASR/experiments/sepedi-asr-eda/dataset/nchlt_nso/audio/506/nchlt_nso_506m_0493.wav,nchlt_nso_506m_0493,
/Users/khensanichabalala/DSFSI/MultilingualASR/MultilingualASR/experiments/sepedi-asr-eda/dataset/nchlt_nso/audio/506/nchlt_nso_506m_0487.wav,nchlt_nso_506m_0487,
/Users/khensanichabalala/DSFSI/MultilingualASR/MultilingualASR/experiments/sepedi-asr-eda/dataset/nchlt_nso/audio/506/nchlt_nso_506m_0518.wav,nchlt_nso_506m_0518,
/Users/khensanichabalala/DSFSI/MultilingualASR/MultilingualASR/experiments/sepedi-asr-eda/dataset/nchlt_nso/audio/506/nchlt_nso_506m_0242.wav,nchlt_nso_506m_0242,
/Users/khensanichabalala/DSFSI/MultilingualASR/MultilingualASR/experiments/sepedi-asr-eda/dataset/nchlt_nso/audio/506/nchlt_nso_506m_0256.wav,nchlt_nso_506m_0256,
/Users/khensanichabalala/DSFSI/MultilingualASR/MultilingualASR/experiments/sepedi-asr-eda/dataset/nchlt_nso/audio/506/nchlt_nso_506m_0281.wav,nchlt_nso_506m_0281,
/Users/khensanichabalala/DSFSI/MultilingualASR/MultilingualASR/experiments/sepedi-asr-eda/dataset/nchlt_nso/audio/506/nchlt_nso_506m_0295.wav,nchlt_nso_506m_0295,
/Users/khensanichabalala/DSFSI/MultilingualASR/MultilingualASR/experiments/sepedi-asr-eda/dataset/nchlt_nso/audio/506/nchlt_nso_506m_0068.wav,nchlt_nso_506m_0068,
/Users/khensanichabalala/DSFSI/MultilingualASR/MultilingualASR/experiments/sepedi-asr-eda/dataset/nchlt_nso/audio/506/nchlt_nso_506m_0040.wav,nchlt_nso_506m_0040,
/Users/khensanichabalala/DSFSI/MultilingualASR/MultilingualASR/experiments/sepedi-asr-eda/dataset/nchlt_nso/audio/506/nchlt_nso_506m_0054.wav,nchlt_nso_506m_0054,
/Users/khensanichabalala/DSFSI/MultilingualASR/MultilingualASR/experiments/sepedi-asr-eda/dataset/nchlt_nso/audio/506/nchlt_nso_506m_0083.wav,nchlt_nso_506m_0083,
/Users/khensanichabalala/DSFSI/MultilingualASR/MultilingualASR/experiments/sepedi-asr-eda/dataset/nchlt_nso/audio/506/nchlt_nso_506m_0096.wav,nchlt_nso_506m_0096,
/Users/khensanichabalala/DSFSI/MultilingualASR/MultilingualASR/experiments/sepedi-asr-eda/dataset/nchlt_nso/audio/506/nchlt_nso_506m_0055.wav,nchlt_nso_506m_0055,
/Users/khensanichabalala/DSFSI/MultilingualASR/MultilingualASR/experiments/sepedi-asr-eda/dataset/nchlt_nso/audio/506/nchlt_nso_506m_0041.wav,nchlt_nso_506m_0041,
/Users/khensanichabalala/DSFSI/MultilingualASR/MultilingualASR/experiments/sepedi-asr-eda/dataset/nchlt_nso/audio/506/nchlt_nso_506m_0069.wav,nchlt_nso_506m_0069,
/Users/khensanichabalala/DSFSI/MultilingualASR/MultilingualASR/experiments/sepedi-asr-eda/dataset/nchlt_nso/audio/506/nchlt_nso_506m_0280.wav,nchlt_nso_506m_0280,
/Users/khensanichabalala/DSFSI/MultilingualASR/MultilingualASR/experiments/sepedi-asr-eda/dataset/nchlt_nso/audio/506/nchlt_nso_506m_0257.wav,nchlt_nso_506m_0257,
/Users/khensanichabalala/DSFSI/MultilingualASR/MultilingualASR/experiments/sepedi-asr-eda/dataset/nchlt_nso/audio/506/nchlt_nso_506m_0243.wav,nchlt_nso_506m_0243,
/Users/khensanichabalala/DSFSI/MultilingualASR/MultilingualASR/experiments/sepedi-asr-eda/dataset/nchlt_nso/audio/506/nchlt_nso_506m_0519.wav,nchlt_nso_506m_0519,
/Users/khensanichabalala/DSFSI/MultilingualASR/MultilingualASR/experiments/sepedi-asr-eda/dataset/nchlt_nso/audio/506/nchlt_nso_506m_0323.wav,nchlt_nso_506m_0323,
/Users/khensanichabalala/DSFSI/MultilingualASR/MultilingualASR/experiments/sepedi-asr-eda/dataset/nchlt_nso/audio/506/nchlt_nso_506m_0445.wav,nchlt_nso_506m_0445,
/Users/khensanichabalala/DSFSI/MultilingualASR/MultilingualASR/experiments/sepedi-asr-eda/dataset/nchlt_nso/audio/506/nchlt_nso_506m_0451.wav,nchlt_nso_506m_0451,
/Users/khensanichabalala/DSFSI/MultilingualASR/MultilingualASR/experiments/sepedi-asr-eda/dataset/nchlt_nso/audio/506/nchlt_nso_506m_0479.wav,nchlt_nso_506m_0479,
/Users/khensanichabalala/DSFSI/MultilingualASR/MultilingualASR/experiments/sepedi-asr-eda/dataset/nchlt_nso/audio/506/nchlt_nso_506m_0109.wav,nchlt_nso_506m_0109,
/Users/khensanichabalala/DSFSI/MultilingualASR/MultilingualASR/experiments/sepedi-asr-eda/dataset/nchlt_nso/audio/506/nchlt_nso_506m_0104.wav,nchlt_nso_506m_0104,
/Users/khensanichabalala/DSFSI/MultilingualASR/MultilingualASR/experiments/sepedi-asr-eda/dataset/nchlt_nso/audio/506/nchlt_nso_506m_0138.wav,nchlt_nso_506m_0138,
/Users/khensanichabalala/DSFSI/MultilingualASR/MultilingualASR/experiments/sepedi-asr-eda/dataset/nchlt_nso/audio/506/nchlt_nso_506m_0312.wav,nchlt_nso_506m_0312,
/Users/khensanichabalala/DSFSI/MultilingualASR/MultilingualASR/experiments/sepedi-asr-eda/dataset/nchlt_nso/audio/506/nchlt_nso_506m_0474.wav,nchlt_nso_506m_0474,
/Users/khensanichabalala/DSFSI/MultilingualASR/MultilingualASR/experiments/sepedi-asr-eda/dataset/nchlt_nso/audio/506/nchlt_nso_506m_0460.wav,nchlt_nso_506m_0460,
/Users/khensanichabalala/DSFSI/MultilingualASR/MultilingualASR/experiments/sepedi-asr-eda/dataset/nchlt_nso/audio/506/nchlt_nso_506m_0306.wav,nchlt_nso_506m_0306,
/Users/khensanichabalala/DSFSI/MultilingualASR/MultilingualASR/experiments/sepedi-asr-eda/dataset/nchlt_nso/audio/506/nchlt_nso_506m_0266.wav,nchlt_nso_506m_0266,
/Users/khensanichabalala/DSFSI/MultilingualASR/MultilingualASR/experiments/sepedi-asr-eda/dataset/nchlt_nso/audio/506/nchlt_nso_506m_0500.wav,nchlt_nso_506m_0500,
/Users/khensanichabalala/DSFSI/MultilingualASR/MultilingualASR/experiments/sepedi-asr-eda/dataset/nchlt_nso/audio/506/nchlt_nso_506m_0514.wav,nchlt_nso_506m_0514,
/Users/khensanichabalala/DSFSI/MultilingualASR/MultilingualASR/experiments/sepedi-asr-eda/dataset/nchlt_nso/audio/506/nchlt_nso_506m_0272.wav,nchlt_nso_506m_0272,
/Users/khensanichabalala/DSFSI/MultilingualASR/MultilingualASR/experiments/sepedi-asr-eda/dataset/nchlt_nso/audio/506/nchlt_nso_506m_0064.wav,nchlt_nso_506m_0064,
/Users/khensanichabalala/DSFSI/MultilingualASR/MultilingualASR/experiments/sepedi-asr-eda/dataset/nchlt_nso/audio/506/nchlt_nso_506m_0070.wav,nchlt_nso_506m_0070,
/Users/khensanichabalala/DSFSI/MultilingualASR/MultilingualASR/experiments/sepedi-asr-eda/dataset/nchlt_nso/audio/506/nchlt_nso_506m_0058.wav,nchlt_nso_506m_0058,
/Users/khensanichabalala/DSFSI/MultilingualASR/MultilingualASR/experiments/sepedi-asr-eda/dataset/nchlt_nso/audio/506/nchlt_nso_506m_0059.wav,nchlt_nso_506m_0059,
/Users/khensanichabalala/DSFSI/MultilingualASR/MultilingualASR/experiments/sepedi-asr-eda/dataset/nchlt_nso/audio/506/nchlt_nso_506m_0071.wav,nchlt_nso_506m_0071,
/Users/khensanichabalala/DSFSI/MultilingualASR/MultilingualASR/experiments/sepedi-asr-eda/dataset/nchlt_nso/audio/506/nchlt_nso_506m_0298.wav,nchlt_nso_506m_0298,
/Users/khensanichabalala/DSFSI/MultilingualASR/MultilingualASR/experiments/sepedi-asr-eda/dataset/nchlt_nso/audio/506/nchlt_nso_506m_0515.wav,nchlt_nso_506m_0515,
/Users/khensanichabalala/DSFSI/MultilingualASR/MultilingualASR/experiments/sepedi-asr-eda/dataset/nchlt_nso/audio/506/nchlt_nso_506m_0267.wav,nchlt_nso_506m_0267,
/Users/khensanichabalala/DSFSI/MultilingualASR/MultilingualASR/experiments/sepedi-asr-eda/dataset/nchlt_nso/audio/506/nchlt_nso_506m_0501.wav,nchlt_nso_506m_0501,
/Users/khensanichabalala/DSFSI/MultilingualASR/MultilingualASR/experiments/sepedi-asr-eda/dataset/nchlt_nso/audio/506/nchlt_nso_506m_0449.wav,nchlt_nso_506m_0449,
/Users/khensanichabalala/DSFSI/MultilingualASR/MultilingualASR/experiments/sepedi-asr-eda/dataset/nchlt_nso/audio/506/nchlt_nso_506m_0461.wav,nchlt_nso_506m_0461,
/Users/khensanichabalala/DSFSI/MultilingualASR/MultilingualASR/experiments/sepedi-asr-eda/dataset/nchlt_nso/audio/506/nchlt_nso_506m_0105.wav,nchlt_nso_506m_0105,
/Users/khensanichabalala/DSFSI/MultilingualASR/MultilingualASR/experiments/sepedi-asr-eda/dataset/nchlt_nso/audio/506/nchlt_nso_506m_0111.wav,nchlt_nso_506m_0111,
/Users/khensanichabalala/DSFSI/MultilingualASR/MultilingualASR/experiments/sepedi-asr-eda/dataset/nchlt_nso/audio/506/nchlt_nso_506m_0107.wav,nchlt_nso_506m_0107,
/Users/khensanichabalala/DSFSI/MultilingualASR/MultilingualASR/experiments/sepedi-asr-eda/dataset/nchlt_nso/audio/506/nchlt_nso_506m_0113.wav,nchlt_nso_506m_0113,
/Users/khensanichabalala/DSFSI/MultilingualASR/MultilingualASR/experiments/sepedi-asr-eda/dataset/nchlt_nso/audio/506/nchlt_nso_506m_0463.wav,nchlt_nso_506m_0463,
/Users/khensanichabalala/DSFSI/MultilingualASR/MultilingualASR/experiments/sepedi-asr-eda/dataset/nchlt_nso/audio/506/nchlt_nso_506m_0311.wav,nchlt_nso_506m_0311,
/Users/khensanichabalala/DSFSI/MultilingualASR/MultilingualASR/experiments/sepedi-asr-eda/dataset/nchlt_nso/audio/506/nchlt_nso_506m_0488.wav,nchlt_nso_506m_0488,
/Users/khensanichabalala/DSFSI/MultilingualASR/MultilingualASR/experiments/sepedi-asr-eda/dataset/nchlt_nso/audio/506/nchlt_nso_506m_0271.wav,nchlt_nso_506m_0271,
/Users/khensanichabalala/DSFSI/MultilingualASR/MultilingualASR/experiments/sepedi-asr-eda/dataset/nchlt_nso/audio/506/nchlt_nso_506m_0503.wav,nchlt_nso_506m_0503,
/Users/khensanichabalala/DSFSI/MultilingualASR/MultilingualASR/experiments/sepedi-asr-eda/dataset/nchlt_nso/audio/506/nchlt_nso_506m_0265.wav,nchlt_nso_506m_0265,
/Users/khensanichabalala/DSFSI/MultilingualASR/MultilingualASR/experiments/sepedi-asr-eda/dataset/nchlt_nso/audio/506/nchlt_nso_506m_0259.wav,nchlt_nso_506m_0259,
/Users/khensanichabalala/DSFSI/MultilingualASR/MultilingualASR/experiments/sepedi-asr-eda/dataset/nchlt_nso/audio/506/nchlt_nso_506m_0073.wav,nchlt_nso_506m_0073,
/Users/khensanichabalala/DSFSI/MultilingualASR/MultilingualASR/experiments/sepedi-asr-eda/dataset/nchlt_nso/audio/506/nchlt_nso_506m_0067.wav,nchlt_nso_506m_0067,
/Users/khensanichabalala/DSFSI/MultilingualASR/MultilingualASR/experiments/sepedi-asr-eda/dataset/nchlt_nso/audio/506/nchlt_nso_506m_0099.wav,nchlt_nso_506m_0099,
/Users/khensanichabalala/DSFSI/MultilingualASR/MultilingualASR/experiments/sepedi-asr-eda/dataset/nchlt_nso/audio/506/nchlt_nso_506m_0066.wav,nchlt_nso_506m_0066,
/Users/khensanichabalala/DSFSI/MultilingualASR/MultilingualASR/experiments/sepedi-asr-eda/dataset/nchlt_nso/audio/506/nchlt_nso_506m_0502.wav,nchlt_nso_506m_0502,
/Users/khensanichabalala/DSFSI/MultilingualASR/MultilingualASR/experiments/sepedi-asr-eda/dataset/nchlt_nso/audio/506/nchlt_nso_506m_0270.wav,nchlt_nso_506m_0270,
/Users/khensanichabalala/DSFSI/MultilingualASR/MultilingualASR/experiments/sepedi-asr-eda/dataset/nchlt_nso/audio/506/nchlt_nso_506m_0476.wav,nchlt_nso_506m_0476,
/Users/khensanichabalala/DSFSI/MultilingualASR/MultilingualASR/experiments/sepedi-asr-eda/dataset/nchlt_nso/audio/506/nchlt_nso_506m_0304.wav,nchlt_nso_506m_0304,
/Users/khensanichabalala/DSFSI/MultilingualASR/MultilingualASR/experiments/sepedi-asr-eda/dataset/nchlt_nso/audio/506/nchlt_nso_506m_0102.wav,nchlt_nso_506m_0102,
/Users/khensanichabalala/DSFSI/MultilingualASR/MultilingualASR/experiments/sepedi-asr-eda/dataset/nchlt_nso/audio/506/nchlt_nso_506m_0116.wav,nchlt_nso_506m_0116,
/Users/khensanichabalala/DSFSI/MultilingualASR/MultilingualASR/experiments/sepedi-asr-eda/dataset/nchlt_nso/audio/506/nchlt_nso_506m_0314.wav,nchlt_nso_506m_0314,
/Users/khensanichabalala/DSFSI/MultilingualASR/MultilingualASR/experiments/sepedi-asr-eda/dataset/nchlt_nso/audio/506/nchlt_nso_506m_0472.wav,nchlt_nso_506m_0472,
/Users/khensanichabalala/DSFSI/MultilingualASR/MultilingualASR/experiments/sepedi-asr-eda/dataset/nchlt_nso/audio/506/nchlt_nso_506m_0499.wav,nchlt_nso_506m_0499,
/Users/khensanichabalala/DSFSI/MultilingualASR/MultilingualASR/experiments/sepedi-asr-eda/dataset/nchlt_nso/audio/506/nchlt_nso_506m_0248.wav,nchlt_nso_506m_0248,
/Users/khensanichabalala/DSFSI/MultilingualASR/MultilingualASR/experiments/sepedi-asr-eda/dataset/nchlt_nso/audio/506/nchlt_nso_506m_0260.wav,nchlt_nso_506m_0260,
/Users/khensanichabalala/DSFSI/MultilingualASR/MultilingualASR/experiments/sepedi-asr-eda/dataset/nchlt_nso/audio/506/nchlt_nso_506m_0506.wav,nchlt_nso_506m_0506,
/Users/khensanichabalala/DSFSI/MultilingualASR/MultilingualASR/experiments/sepedi-asr-eda/dataset/nchlt_nso/audio/506/nchlt_nso_506m_0076.wav,nchlt_nso_506m_0076,
/Users/khensanichabalala/DSFSI/MultilingualASR/MultilingualASR/experiments/sepedi-asr-eda/dataset/nchlt_nso/audio/506/nchlt_nso_506m_0062.wav,nchlt_nso_506m_0062,
/Users/khensanichabalala/DSFSI/MultilingualASR/MultilingualASR/experiments/sepedi-asr-eda/dataset/nchlt_nso/audio/506/nchlt_nso_506m_0089.wav,nchlt_nso_506m_0089,
/Users/khensanichabalala/DSFSI/MultilingualASR/MultilingualASR/experiments/sepedi-asr-eda/dataset/nchlt_nso/audio/506/nchlt_nso_506m_0088.wav,nchlt_nso_506m_0088,
/Users/khensanichabalala/DSFSI/MultilingualASR/MultilingualASR/experiments/sepedi-asr-eda/dataset/nchlt_nso/audio/506/nchlt_nso_506m_0063.wav,nchlt_nso_506m_0063,
/Users/khensanichabalala/DSFSI/MultilingualASR/MultilingualASR/experiments/sepedi-asr-eda/dataset/nchlt_nso/audio/506/nchlt_nso_506m_0077.wav,nchlt_nso_506m_0077,
/Users/khensanichabalala/DSFSI/MultilingualASR/MultilingualASR/experiments/sepedi-asr-eda/dataset/nchlt_nso/audio/506/nchlt_nso_506m_0249.wav,nchlt_nso_506m_0249,
/Users/khensanichabalala/DSFSI/MultilingualASR/MultilingualASR/experiments/sepedi-asr-eda/dataset/nchlt_nso/audio/506/nchlt_nso_506m_0467.wav,nchlt_nso_506m_0467,
/Users/khensanichabalala/DSFSI/MultilingualASR/MultilingualASR/experiments/sepedi-asr-eda/dataset/nchlt_nso/audio/506/nchlt_nso_506m_0117.wav,nchlt_nso_506m_0117,
/Users/khensanichabalala/DSFSI/MultilingualASR/MultilingualASR/experiments/sepedi-asr-eda/dataset/nchlt_nso/audio/506/nchlt_nso_506m_0103.wav,nchlt_nso_506m_0103,
/Users/khensanichabalala/DSFSI/MultilingualASR/MultilingualASR/experiments/sepedi-asr-eda/dataset/nchlt_nso/audio/506/nchlt_nso_506m_0115.wav,nchlt_nso_506m_0115,
/Users/khensanichabalala/DSFSI/MultilingualASR/MultilingualASR/experiments/sepedi-asr-eda/dataset/nchlt_nso/audio/506/nchlt_nso_506m_0101.wav,nchlt_nso_506m_0101,
/Users/khensanichabalala/DSFSI/MultilingualASR/MultilingualASR/experiments/sepedi-asr-eda/dataset/nchlt_nso/audio/506/nchlt_nso_506m_0471.wav,nchlt_nso_506m_0471,
/Users/khensanichabalala/DSFSI/MultilingualASR/MultilingualASR/experiments/sepedi-asr-eda/dataset/nchlt_nso/audio/506/nchlt_nso_506m_0303.wav,nchlt_nso_506m_0303,
/Users/khensanichabalala/DSFSI/MultilingualASR/MultilingualASR/experiments/sepedi-asr-eda/dataset/nchlt_nso/audio/506/nchlt_nso_506m_0505.wav,nchlt_nso_506m_0505,
/Users/khensanichabalala/DSFSI/MultilingualASR/MultilingualASR/experiments/sepedi-asr-eda/dataset/nchlt_nso/audio/506/nchlt_nso_506m_0263.wav,nchlt_nso_506m_0263,
/Users/khensanichabalala/DSFSI/MultilingualASR/MultilingualASR/experiments/sepedi-asr-eda/dataset/nchlt_nso/audio/506/nchlt_nso_506m_0049.wav,nchlt_nso_506m_0049,
/Users/khensanichabalala/DSFSI/MultilingualASR/MultilingualASR/experiments/sepedi-asr-eda/dataset/nchlt_nso/audio/506/nchlt_nso_506m_0074.wav,nchlt_nso_506m_0074,
/Users/khensanichabalala/DSFSI/MultilingualASR/MultilingualASR/experiments/sepedi-asr-eda/dataset/nchlt_nso/audio/506/nchlt_nso_506m_0289.wav,nchlt_nso_506m_0289,
/Users/khensanichabalala/DSFSI/MultilingualASR/MultilingualASR/experiments/sepedi-asr-eda/dataset/nchlt_nso/audio/506/nchlt_nso_506m_0510.wav,nchlt_nso_506m_0510,
/Users/khensanichabalala/DSFSI/MultilingualASR/MultilingualASR/experiments/sepedi-asr-eda/dataset/nchlt_nso/audio/506/nchlt_nso_506m_0504.wav,nchlt_nso_506m_0504,
/Users/khensanichabalala/DSFSI/MultilingualASR/MultilingualASR/experiments/sepedi-asr-eda/dataset/nchlt_nso/audio/506/nchlt_nso_506m_0262.wav,nchlt_nso_506m_0262,
/Users/khensanichabalala/DSFSI/MultilingualASR/MultilingualASR/experiments/sepedi-asr-eda/dataset/nchlt_nso/audio/506/nchlt_nso_506m_0470.wav,nchlt_nso_506m_0470,
/Users/khensanichabalala/DSFSI/MultilingualASR/MultilingualASR/experiments/sepedi-asr-eda/dataset/nchlt_nso/audio/506/nchlt_nso_506m_0316.wav,nchlt_nso_506m_0316,
/Users/khensanichabalala/DSFSI/MultilingualASR/MultilingualASR/experiments/sepedi-asr-eda/dataset/nchlt_nso/audio/506/nchlt_nso_506m_0114.wav,nchlt_nso_506m_0114,
/Users/khensanichabalala/DSFSI/MultilingualASR/MultilingualASR/experiments/sepedi-asr-eda/dataset/nchlt_nso/audio/506/nchlt_nso_506m_0128.wav,nchlt_nso_506m_0128,
/Users/khensanichabalala/DSFSI/MultilingualASR/MultilingualASR/experiments/sepedi-asr-eda/dataset/nchlt_nso/audio/506/nchlt_nso_506m_0417.wav,nchlt_nso_506m_0417,
/Users/khensanichabalala/DSFSI/MultilingualASR/MultilingualASR/experiments/sepedi-asr-eda/dataset/nchlt_nso/audio/506/nchlt_nso_506m_0371.wav,nchlt_nso_506m_0371,
/Users/khensanichabalala/DSFSI/MultilingualASR/MultilingualASR/experiments/sepedi-asr-eda/dataset/nchlt_nso/audio/506/nchlt_nso_506m_0365.wav,nchlt_nso_506m_0365,
/Users/khensanichabalala/DSFSI/MultilingualASR/MultilingualASR/experiments/sepedi-asr-eda/dataset/nchlt_nso/audio/506/nchlt_nso_506m_0403.wav,nchlt_nso_506m_0403,
/Users/khensanichabalala/DSFSI/MultilingualASR/MultilingualASR/experiments/sepedi-asr-eda/dataset/nchlt_nso/audio/506/nchlt_nso_506m_0359.wav,nchlt_nso_506m_0359,
/Users/khensanichabalala/DSFSI/MultilingualASR/MultilingualASR/experiments/sepedi-asr-eda/dataset/nchlt_nso/audio/506/nchlt_nso_506m_0211.wav,nchlt_nso_506m_0211,
/Users/khensanichabalala/DSFSI/MultilingualASR/MultilingualASR/experiments/sepedi-asr-eda/dataset/nchlt_nso/audio/506/nchlt_nso_506m_0239.wav,nchlt_nso_506m_0239,
/Users/khensanichabalala/DSFSI/MultilingualASR/MultilingualASR/experiments/sepedi-asr-eda/dataset/nchlt_nso/audio/506/nchlt_nso_506m_0007.wav,nchlt_nso_506m_0007,
/Users/khensanichabalala/DSFSI/MultilingualASR/MultilingualASR/experiments/sepedi-asr-eda/dataset/nchlt_nso/audio/506/nchlt_nso_506m_0012.wav,nchlt_nso_506m_0012,
/Users/khensanichabalala/DSFSI/MultilingualASR/MultilingualASR/experiments/sepedi-asr-eda/dataset/nchlt_nso/audio/506/nchlt_nso_506m_0204.wav,nchlt_nso_506m_0204,
/Users/khensanichabalala/DSFSI/MultilingualASR/MultilingualASR/experiments/sepedi-asr-eda/dataset/nchlt_nso/audio/506/nchlt_nso_506m_0358.wav,nchlt_nso_506m_0358,
/Users/khensanichabalala/DSFSI/MultilingualASR/MultilingualASR/experiments/sepedi-asr-eda/dataset/nchlt_nso/audio/506/nchlt_nso_506m_0402.wav,nchlt_nso_506m_0402,
/Users/khensanichabalala/DSFSI/MultilingualASR/MultilingualASR/experiments/sepedi-asr-eda/dataset/nchlt_nso/audio/506/nchlt_nso_506m_0416.wav,nchlt_nso_506m_0416,
/Users/khensanichabalala/DSFSI/MultilingualASR/MultilingualASR/experiments/sepedi-asr-eda/dataset/nchlt_nso/audio/506/nchlt_nso_506m_0199.wav,nchlt_nso_506m_0199,
/Users/khensanichabalala/DSFSI/MultilingualASR/MultilingualASR/experiments/sepedi-asr-eda/dataset/nchlt_nso/audio/506/nchlt_nso_506m_0166.wav,nchlt_nso_506m_0166,
/Users/khensanichabalala/DSFSI/MultilingualASR/MultilingualASR/experiments/sepedi-asr-eda/dataset/nchlt_nso/audio/506/nchlt_nso_506m_0172.wav,nchlt_nso_506m_0172,
/Users/khensanichabalala/DSFSI/MultilingualASR/MultilingualASR/experiments/sepedi-asr-eda/dataset/nchlt_nso/audio/506/nchlt_nso_506m_0164.wav,nchlt_nso_506m_0164,
/Users/khensanichabalala/DSFSI/MultilingualASR/MultilingualASR/experiments/sepedi-asr-eda/dataset/nchlt_nso/audio/506/nchlt_nso_506m_0170.wav,nchlt_nso_506m_0170,
/Users/khensanichabalala/DSFSI/MultilingualASR/MultilingualASR/experiments/sepedi-asr-eda/dataset/nchlt_nso/audio/506/nchlt_nso_506m_0400.wav,nchlt_nso_506m_0400,
/Users/khensanichabalala/DSFSI/MultilingualASR/MultilingualASR/experiments/sepedi-asr-eda/dataset/nchlt_nso/audio/506/nchlt_nso_506m_0372.wav,nchlt_nso_506m_0372,
/Users/khensanichabalala/DSFSI/MultilingualASR/MultilingualASR/experiments/sepedi-asr-eda/dataset/nchlt_nso/audio/506/nchlt_nso_506m_0399.wav,nchlt_nso_506m_0399,
/Users/khensanichabalala/DSFSI/MultilingualASR/MultilingualASR/experiments/sepedi-asr-eda/dataset/nchlt_nso/audio/506/nchlt_nso_506m_0038.wav,nchlt_nso_506m_0038,
/Users/khensanichabalala/DSFSI/MultilingualASR/MultilingualASR/experiments/sepedi-asr-eda/dataset/nchlt_nso/audio/506/nchlt_nso_506m_0039.wav,nchlt_nso_506m_0039,
/Users/khensanichabalala/DSFSI/MultilingualASR/MultilingualASR/experiments/sepedi-asr-eda/dataset/nchlt_nso/audio/506/nchlt_nso_506m_0207.wav,nchlt_nso_506m_0207,
/Users/khensanichabalala/DSFSI/MultilingualASR/MultilingualASR/experiments/sepedi-asr-eda/dataset/nchlt_nso/audio/506/nchlt_nso_506m_0213.wav,nchlt_nso_506m_0213,
/Users/khensanichabalala/DSFSI/MultilingualASR/MultilingualASR/experiments/sepedi-asr-eda/dataset/nchlt_nso/audio/506/nchlt_nso_506m_0398.wav,nchlt_nso_506m_0398,
/Users/khensanichabalala/DSFSI/MultilingualASR/MultilingualASR/experiments/sepedi-asr-eda/dataset/nchlt_nso/audio/506/nchlt_nso_506m_0429.wav,nchlt_nso_506m_0429,
/Users/khensanichabalala/DSFSI/MultilingualASR/MultilingualASR/experiments/sepedi-asr-eda/dataset/nchlt_nso/audio/506/nchlt_nso_506m_0373.wav,nchlt_nso_506m_0373,
/Users/khensanichabalala/DSFSI/MultilingualASR/MultilingualASR/experiments/sepedi-asr-eda/dataset/nchlt_nso/audio/506/nchlt_nso_506m_0415.wav,nchlt_nso_506m_0415,
/Users/khensanichabalala/DSFSI/MultilingualASR/MultilingualASR/experiments/sepedi-asr-eda/dataset/nchlt_nso/audio/506/nchlt_nso_506m_0401.wav,nchlt_nso_506m_0401,
/Users/khensanichabalala/DSFSI/MultilingualASR/MultilingualASR/experiments/sepedi-asr-eda/dataset/nchlt_nso/audio/506/nchlt_nso_506m_0367.wav,nchlt_nso_506m_0367,
/Users/khensanichabalala/DSFSI/MultilingualASR/MultilingualASR/experiments/sepedi-asr-eda/dataset/nchlt_nso/audio/506/nchlt_nso_506m_0159.wav,nchlt_nso_506m_0159,
/Users/khensanichabalala/DSFSI/MultilingualASR/MultilingualASR/experiments/sepedi-asr-eda/dataset/nchlt_nso/audio/506/nchlt_nso_506m_0165.wav,nchlt_nso_506m_0165,
/Users/khensanichabalala/DSFSI/MultilingualASR/MultilingualASR/experiments/sepedi-asr-eda/dataset/nchlt_nso/audio/506/nchlt_nso_506m_0149.wav,nchlt_nso_506m_0149,
/Users/khensanichabalala/DSFSI/MultilingualASR/MultilingualASR/experiments/sepedi-asr-eda/dataset/nchlt_nso/audio/506/nchlt_nso_506m_0439.wav,nchlt_nso_506m_0439,
/Users/khensanichabalala/DSFSI/MultilingualASR/MultilingualASR/experiments/sepedi-asr-eda/dataset/nchlt_nso/audio/506/nchlt_nso_506m_0363.wav,nchlt_nso_506m_0363,
/Users/khensanichabalala/DSFSI/MultilingualASR/MultilingualASR/experiments/sepedi-asr-eda/dataset/nchlt_nso/audio/506/nchlt_nso_506m_0405.wav,nchlt_nso_506m_0405,
/Users/khensanichabalala/DSFSI/MultilingualASR/MultilingualASR/experiments/sepedi-asr-eda/dataset/nchlt_nso/audio/506/nchlt_nso_506m_0411.wav,nchlt_nso_506m_0411,
/Users/khensanichabalala/DSFSI/MultilingualASR/MultilingualASR/experiments/sepedi-asr-eda/dataset/nchlt_nso/audio/506/nchlt_nso_506m_0388.wav,nchlt_nso_506m_0388,
/Users/khensanichabalala/DSFSI/MultilingualASR/MultilingualASR/experiments/sepedi-asr-eda/dataset/nchlt_nso/audio/506/nchlt_nso_506m_0203.wav,nchlt_nso_506m_0203,
/Users/khensanichabalala/DSFSI/MultilingualASR/MultilingualASR/experiments/sepedi-asr-eda/dataset/nchlt_nso/audio/506/nchlt_nso_506m_0015.wav,nchlt_nso_506m_0015,
/Users/khensanichabalala/DSFSI/MultilingualASR/MultilingualASR/experiments/sepedi-asr-eda/dataset/nchlt_nso/audio/506/nchlt_nso_506m_0001.wav,nchlt_nso_506m_0001,
/Users/khensanichabalala/DSFSI/MultilingualASR/MultilingualASR/experiments/sepedi-asr-eda/dataset/nchlt_nso/audio/506/nchlt_nso_506m_0014.wav,nchlt_nso_506m_0014,
/Users/khensanichabalala/DSFSI/MultilingualASR/MultilingualASR/experiments/sepedi-asr-eda/dataset/nchlt_nso/audio/506/nchlt_nso_506m_0389.wav,nchlt_nso_506m_0389,
/Users/khensanichabalala/DSFSI/MultilingualASR/MultilingualASR/experiments/sepedi-asr-eda/dataset/nchlt_nso/audio/506/nchlt_nso_506m_0376.wav,nchlt_nso_506m_0376,
/Users/khensanichabalala/DSFSI/MultilingualASR/MultilingualASR/experiments/sepedi-asr-eda/dataset/nchlt_nso/audio/506/nchlt_nso_506m_0362.wav,nchlt_nso_506m_0362,
/Users/khensanichabalala/DSFSI/MultilingualASR/MultilingualASR/experiments/sepedi-asr-eda/dataset/nchlt_nso/audio/506/nchlt_nso_506m_0174.wav,nchlt_nso_506m_0174,
/Users/khensanichabalala/DSFSI/MultilingualASR/MultilingualASR/experiments/sepedi-asr-eda/dataset/nchlt_nso/audio/506/nchlt_nso_506m_0148.wav,nchlt_nso_506m_0148,
/Users/khensanichabalala/DSFSI/MultilingualASR/MultilingualASR/experiments/sepedi-asr-eda/dataset/nchlt_nso/audio/506/nchlt_nso_506m_0162.wav,nchlt_nso_506m_0162,
/Users/khensanichabalala/DSFSI/MultilingualASR/MultilingualASR/experiments/sepedi-asr-eda/dataset/nchlt_nso/audio/506/nchlt_nso_506m_0348.wav,nchlt_nso_506m_0348,
/Users/khensanichabalala/DSFSI/MultilingualASR/MultilingualASR/experiments/sepedi-asr-eda/dataset/nchlt_nso/audio/506/nchlt_nso_506m_0374.wav,nchlt_nso_506m_0374,
/Users/khensanichabalala/DSFSI/MultilingualASR/MultilingualASR/experiments/sepedi-asr-eda/dataset/nchlt_nso/audio/506/nchlt_nso_506m_0406.wav,nchlt_nso_506m_0406,
/Users/khensanichabalala/DSFSI/MultilingualASR/MultilingualASR/experiments/sepedi-asr-eda/dataset/nchlt_nso/audio/506/nchlt_nso_506m_0228.wav,nchlt_nso_506m_0228,
/Users/khensanichabalala/DSFSI/MultilingualASR/MultilingualASR/experiments/sepedi-asr-eda/dataset/nchlt_nso/audio/506/nchlt_nso_506m_0200.wav,nchlt_nso_506m_0200,
/Users/khensanichabalala/DSFSI/MultilingualASR/MultilingualASR/experiments/sepedi-asr-eda/dataset/nchlt_nso/audio/506/nchlt_nso_506m_0002.wav,nchlt_nso_506m_0002,
/Users/khensanichabalala/DSFSI/MultilingualASR/MultilingualASR/experiments/sepedi-asr-eda/dataset/nchlt_nso/audio/506/nchlt_nso_506m_0215.wav,nchlt_nso_506m_0215,
/Users/khensanichabalala/DSFSI/MultilingualASR/MultilingualASR/experiments/sepedi-asr-eda/dataset/nchlt_nso/audio/506/nchlt_nso_506m_0407.wav,nchlt_nso_506m_0407,
/Users/khensanichabalala/DSFSI/MultilingualASR/MultilingualASR/experiments/sepedi-asr-eda/dataset/nchlt_nso/audio/506/nchlt_nso_506m_0361.wav,nchlt_nso_506m_0361,
/Users/khensanichabalala/DSFSI/MultilingualASR/MultilingualASR/experiments/sepedi-asr-eda/dataset/nchlt_nso/audio/506/nchlt_nso_506m_0375.wav,nchlt_nso_506m_0375,
/Users/khensanichabalala/DSFSI/MultilingualASR/MultilingualASR/experiments/sepedi-asr-eda/dataset/nchlt_nso/audio/506/nchlt_nso_506m_0349.wav,nchlt_nso_506m_0349,
/Users/khensanichabalala/DSFSI/MultilingualASR/MultilingualASR/experiments/sepedi-asr-eda/dataset/nchlt_nso/audio/506/nchlt_nso_506m_0163.wav,nchlt_nso_506m_0163,
/Users/khensanichabalala/DSFSI/MultilingualASR/MultilingualASR/experiments/sepedi-asr-eda/dataset/nchlt_nso/audio/506/nchlt_nso_506m_0177.wav,nchlt_nso_506m_0177,
/Users/khensanichabalala/DSFSI/MultilingualASR/MultilingualASR/experiments/sepedi-asr-eda/dataset/nchlt_nso/audio/501/nchlt_nso_501f_0041.wav,nchlt_nso_501f_0041,
/Users/khensanichabalala/DSFSI/MultilingualASR/MultilingualASR/experiments/sepedi-asr-eda/dataset/nchlt_nso/audio/501/nchlt_nso_501f_0096.wav,nchlt_nso_501f_0096,
/Users/khensanichabalala/DSFSI/MultilingualASR/MultilingualASR/experiments/sepedi-asr-eda/dataset/nchlt_nso/audio/501/nchlt_nso_501f_0525.wav,nchlt_nso_501f_0525,
/Users/khensanichabalala/DSFSI/MultilingualASR/MultilingualASR/experiments/sepedi-asr-eda/dataset/nchlt_nso/audio/501/nchlt_nso_501f_0531.wav,nchlt_nso_501f_0531,
/Users/khensanichabalala/DSFSI/MultilingualASR/MultilingualASR/experiments/sepedi-asr-eda/dataset/nchlt_nso/audio/501/nchlt_nso_501f_0257.wav,nchlt_nso_501f_0257,
/Users/khensanichabalala/DSFSI/MultilingualASR/MultilingualASR/experiments/sepedi-asr-eda/dataset/nchlt_nso/audio/501/nchlt_nso_501f_0280.wav,nchlt_nso_501f_0280,
/Users/khensanichabalala/DSFSI/MultilingualASR/MultilingualASR/experiments/sepedi-asr-eda/dataset/nchlt_nso/audio/501/nchlt_nso_501f_0486.wav,nchlt_nso_501f_0486,
/Users/khensanichabalala/DSFSI/MultilingualASR/MultilingualASR/experiments/sepedi-asr-eda/dataset/nchlt_nso/audio/501/nchlt_nso_501f_0109.wav,nchlt_nso_501f_0109,
/Users/khensanichabalala/DSFSI/MultilingualASR/MultilingualASR/experiments/sepedi-asr-eda/dataset/nchlt_nso/audio/501/nchlt_nso_501f_0108.wav,nchlt_nso_501f_0108,
/Users/khensanichabalala/DSFSI/MultilingualASR/MultilingualASR/experiments/sepedi-asr-eda/dataset/nchlt_nso/audio/501/nchlt_nso_501f_0134.wav,nchlt_nso_501f_0134,
/Users/khensanichabalala/DSFSI/MultilingualASR/MultilingualASR/experiments/sepedi-asr-eda/dataset/nchlt_nso/audio/501/nchlt_nso_501f_0487.wav,nchlt_nso_501f_0487,
/Users/khensanichabalala/DSFSI/MultilingualASR/MultilingualASR/experiments/sepedi-asr-eda/dataset/nchlt_nso/audio/501/nchlt_nso_501f_0336.wav,nchlt_nso_501f_0336,
/Users/khensanichabalala/DSFSI/MultilingualASR/MultilingualASR/experiments/sepedi-asr-eda/dataset/nchlt_nso/audio/501/nchlt_nso_501f_0450.wav,nchlt_nso_501f_0450,
/Users/khensanichabalala/DSFSI/MultilingualASR/MultilingualASR/experiments/sepedi-asr-eda/dataset/nchlt_nso/audio/501/nchlt_nso_501f_0518.wav,nchlt_nso_501f_0518,
/Users/khensanichabalala/DSFSI/MultilingualASR/MultilingualASR/experiments/sepedi-asr-eda/dataset/nchlt_nso/audio/501/nchlt_nso_501f_0530.wav,nchlt_nso_501f_0530,
/Users/khensanichabalala/DSFSI/MultilingualASR/MultilingualASR/experiments/sepedi-asr-eda/dataset/nchlt_nso/audio/501/nchlt_nso_501f_0256.wav,nchlt_nso_501f_0256,
/Users/khensanichabalala/DSFSI/MultilingualASR/MultilingualASR/experiments/sepedi-asr-eda/dataset/nchlt_nso/audio/501/nchlt_nso_501f_0242.wav,nchlt_nso_501f_0242,
/Users/khensanichabalala/DSFSI/MultilingualASR/MultilingualASR/experiments/sepedi-asr-eda/dataset/nchlt_nso/audio/501/nchlt_nso_501f_0083.wav,nchlt_nso_501f_0083,
/Users/khensanichabalala/DSFSI/MultilingualASR/MultilingualASR/experiments/sepedi-asr-eda/dataset/nchlt_nso/audio/501/nchlt_nso_501f_0054.wav,nchlt_nso_501f_0054,
/Users/khensanichabalala/DSFSI/MultilingualASR/MultilingualASR/experiments/sepedi-asr-eda/dataset/nchlt_nso/audio/501/nchlt_nso_501f_0042.wav,nchlt_nso_501f_0042,
/Users/khensanichabalala/DSFSI/MultilingualASR/MultilingualASR/experiments/sepedi-asr-eda/dataset/nchlt_nso/audio/501/nchlt_nso_501f_0254.wav,nchlt_nso_501f_0254,
/Users/khensanichabalala/DSFSI/MultilingualASR/MultilingualASR/experiments/sepedi-asr-eda/dataset/nchlt_nso/audio/501/nchlt_nso_501f_0532.wav,nchlt_nso_501f_0532,
/Users/khensanichabalala/DSFSI/MultilingualASR/MultilingualASR/experiments/sepedi-asr-eda/dataset/nchlt_nso/audio/501/nchlt_nso_501f_0268.wav,nchlt_nso_501f_0268,
/Users/khensanichabalala/DSFSI/MultilingualASR/MultilingualASR/experiments/sepedi-asr-eda/dataset/nchlt_nso/audio/501/nchlt_nso_501f_0297.wav,nchlt_nso_501f_0297,
/Users/khensanichabalala/DSFSI/MultilingualASR/MultilingualASR/experiments/sepedi-asr-eda/dataset/nchlt_nso/audio/501/nchlt_nso_501f_0283.wav,nchlt_nso_501f_0283,
/Users/khensanichabalala/DSFSI/MultilingualASR/MultilingualASR/experiments/sepedi-asr-eda/dataset/nchlt_nso/audio/501/nchlt_nso_501f_0320.wav,nchlt_nso_501f_0320,
/Users/khensanichabalala/DSFSI/MultilingualASR/MultilingualASR/experiments/sepedi-asr-eda/dataset/nchlt_nso/audio/501/nchlt_nso_501f_0446.wav,nchlt_nso_501f_0446,
/Users/khensanichabalala/DSFSI/MultilingualASR/MultilingualASR/experiments/sepedi-asr-eda/dataset/nchlt_nso/audio/501/nchlt_nso_501f_0452.wav,nchlt_nso_501f_0452,
/Users/khensanichabalala/DSFSI/MultilingualASR/MultilingualASR/experiments/sepedi-asr-eda/dataset/nchlt_nso/audio/501/nchlt_nso_501f_0308.wav,nchlt_nso_501f_0308,
/Users/khensanichabalala/DSFSI/MultilingualASR/MultilingualASR/experiments/sepedi-asr-eda/dataset/nchlt_nso/audio/501/nchlt_nso_501f_0485.wav,nchlt_nso_501f_0485,
/Users/khensanichabalala/DSFSI/MultilingualASR/MultilingualASR/experiments/sepedi-asr-eda/dataset/nchlt_nso/audio/501/nchlt_nso_501f_0491.wav,nchlt_nso_501f_0491,
/Users/khensanichabalala/DSFSI/MultilingualASR/MultilingualASR/experiments/sepedi-asr-eda/dataset/nchlt_nso/audio/501/nchlt_nso_501f_0136.wav,nchlt_nso_501f_0136,
/Users/khensanichabalala/DSFSI/MultilingualASR/MultilingualASR/experiments/sepedi-asr-eda/dataset/nchlt_nso/audio/501/nchlt_nso_501f_0137.wav,nchlt_nso_501f_0137,
/Users/khensanichabalala/DSFSI/MultilingualASR/MultilingualASR/experiments/sepedi-asr-eda/dataset/nchlt_nso/audio/501/nchlt_nso_501f_0484.wav,nchlt_nso_501f_0484,
/Users/khensanichabalala/DSFSI/MultilingualASR/MultilingualASR/experiments/sepedi-asr-eda/dataset/nchlt_nso/audio/501/nchlt_nso_501f_0309.wav,nchlt_nso_501f_0309,
/Users/khensanichabalala/DSFSI/MultilingualASR/MultilingualASR/experiments/sepedi-asr-eda/dataset/nchlt_nso/audio/501/nchlt_nso_501f_0453.wav,nchlt_nso_501f_0453,
/Users/khensanichabalala/DSFSI/MultilingualASR/MultilingualASR/experiments/sepedi-asr-eda/dataset/nchlt_nso/audio/501/nchlt_nso_501f_0447.wav,nchlt_nso_501f_0447,
/Users/khensanichabalala/DSFSI/MultilingualASR/MultilingualASR/experiments/sepedi-asr-eda/dataset/nchlt_nso/audio/501/nchlt_nso_501f_0282.wav,nchlt_nso_501f_0282,
/Users/khensanichabalala/DSFSI/MultilingualASR/MultilingualASR/experiments/sepedi-asr-eda/dataset/nchlt_nso/audio/501/nchlt_nso_501f_0527.wav,nchlt_nso_501f_0527,
/Users/khensanichabalala/DSFSI/MultilingualASR/MultilingualASR/experiments/sepedi-asr-eda/dataset/nchlt_nso/audio/501/nchlt_nso_501f_0241.wav,nchlt_nso_501f_0241,
/Users/khensanichabalala/DSFSI/MultilingualASR/MultilingualASR/experiments/sepedi-asr-eda/dataset/nchlt_nso/audio/501/nchlt_nso_501f_0255.wav,nchlt_nso_501f_0255,
/Users/khensanichabalala/DSFSI/MultilingualASR/MultilingualASR/experiments/sepedi-asr-eda/dataset/nchlt_nso/audio/501/nchlt_nso_501f_0533.wav,nchlt_nso_501f_0533,
/Users/khensanichabalala/DSFSI/MultilingualASR/MultilingualASR/experiments/sepedi-asr-eda/dataset/nchlt_nso/audio/501/nchlt_nso_501f_0080.wav,nchlt_nso_501f_0080,
/Users/khensanichabalala/DSFSI/MultilingualASR/MultilingualASR/experiments/sepedi-asr-eda/dataset/nchlt_nso/audio/501/nchlt_nso_501f_0094.wav,nchlt_nso_501f_0094,
/Users/khensanichabalala/DSFSI/MultilingualASR/MultilingualASR/experiments/sepedi-asr-eda/dataset/nchlt_nso/audio/501/nchlt_nso_501f_0043.wav,nchlt_nso_501f_0043,
/Users/khensanichabalala/DSFSI/MultilingualASR/MultilingualASR/experiments/sepedi-asr-eda/dataset/nchlt_nso/audio/501/nchlt_nso_501f_0057.wav,nchlt_nso_501f_0057,
/Users/khensanichabalala/DSFSI/MultilingualASR/MultilingualASR/experiments/sepedi-asr-eda/dataset/nchlt_nso/audio/501/nchlt_nso_501f_0053.wav,nchlt_nso_501f_0053,
/Users/khensanichabalala/DSFSI/MultilingualASR/MultilingualASR/experiments/sepedi-asr-eda/dataset/nchlt_nso/audio/501/nchlt_nso_501f_0047.wav,nchlt_nso_501f_0047,
/Users/khensanichabalala/DSFSI/MultilingualASR/MultilingualASR/experiments/sepedi-asr-eda/dataset/nchlt_nso/audio/501/nchlt_nso_501f_0090.wav,nchlt_nso_501f_0090,
/Users/khensanichabalala/DSFSI/MultilingualASR/MultilingualASR/experiments/sepedi-asr-eda/dataset/nchlt_nso/audio/501/nchlt_nso_501f_0279.wav,nchlt_nso_501f_0279,
/Users/khensanichabalala/DSFSI/MultilingualASR/MultilingualASR/experiments/sepedi-asr-eda/dataset/nchlt_nso/audio/501/nchlt_nso_501f_0537.wav,nchlt_nso_501f_0537,
/Users/khensanichabalala/DSFSI/MultilingualASR/MultilingualASR/experiments/sepedi-asr-eda/dataset/nchlt_nso/audio/501/nchlt_nso_501f_0245.wav,nchlt_nso_501f_0245,
/Users/khensanichabalala/DSFSI/MultilingualASR/MultilingualASR/experiments/sepedi-asr-eda/dataset/nchlt_nso/audio/501/nchlt_nso_501f_0523.wav,nchlt_nso_501f_0523,
/Users/khensanichabalala/DSFSI/MultilingualASR/MultilingualASR/experiments/sepedi-asr-eda/dataset/nchlt_nso/audio/501/nchlt_nso_501f_0292.wav,nchlt_nso_501f_0292,
/Users/khensanichabalala/DSFSI/MultilingualASR/MultilingualASR/experiments/sepedi-asr-eda/dataset/nchlt_nso/audio/501/nchlt_nso_501f_0319.wav,nchlt_nso_501f_0319,
/Users/khensanichabalala/DSFSI/MultilingualASR/MultilingualASR/experiments/sepedi-asr-eda/dataset/nchlt_nso/audio/501/nchlt_nso_501f_0325.wav,nchlt_nso_501f_0325,
/Users/khensanichabalala/DSFSI/MultilingualASR/MultilingualASR/experiments/sepedi-asr-eda/dataset/nchlt_nso/audio/501/nchlt_nso_501f_0494.wav,nchlt_nso_501f_0494,
/Users/khensanichabalala/DSFSI/MultilingualASR/MultilingualASR/experiments/sepedi-asr-eda/dataset/nchlt_nso/audio/501/nchlt_nso_501f_0127.wav,nchlt_nso_501f_0127,
/Users/khensanichabalala/DSFSI/MultilingualASR/MultilingualASR/experiments/sepedi-asr-eda/dataset/nchlt_nso/audio/501/nchlt_nso_501f_0132.wav,nchlt_nso_501f_0132,
/Users/khensanichabalala/DSFSI/MultilingualASR/MultilingualASR/experiments/sepedi-asr-eda/dataset/nchlt_nso/audio/501/nchlt_nso_501f_0126.wav,nchlt_nso_501f_0126,
/Users/khensanichabalala/DSFSI/MultilingualASR/MultilingualASR/experiments/sepedi-asr-eda/dataset/nchlt_nso/audio/501/nchlt_nso_501f_0495.wav,nchlt_nso_501f_0495,
/Users/khensanichabalala/DSFSI/MultilingualASR/MultilingualASR/experiments/sepedi-asr-eda/dataset/nchlt_nso/audio/501/nchlt_nso_501f_0330.wav,nchlt_nso_501f_0330,
/Users/khensanichabalala/DSFSI/MultilingualASR/MultilingualASR/experiments/sepedi-asr-eda/dataset/nchlt_nso/audio/501/nchlt_nso_501f_0287.wav,nchlt_nso_501f_0287,
/Users/khensanichabalala/DSFSI/MultilingualASR/MultilingualASR/experiments/sepedi-asr-eda/dataset/nchlt_nso/audio/501/nchlt_nso_501f_0293.wav,nchlt_nso_501f_0293,
/Users/khensanichabalala/DSFSI/MultilingualASR/MultilingualASR/experiments/sepedi-asr-eda/dataset/nchlt_nso/audio/501/nchlt_nso_501f_0244.wav,nchlt_nso_501f_0244,
/Users/khensanichabalala/DSFSI/MultilingualASR/MultilingualASR/experiments/sepedi-asr-eda/dataset/nchlt_nso/audio/501/nchlt_nso_501f_0536.wav,nchlt_nso_501f_0536,
/Users/khensanichabalala/DSFSI/MultilingualASR/MultilingualASR/experiments/sepedi-asr-eda/dataset/nchlt_nso/audio/501/nchlt_nso_501f_0250.wav,nchlt_nso_501f_0250,
/Users/khensanichabalala/DSFSI/MultilingualASR/MultilingualASR/experiments/sepedi-asr-eda/dataset/nchlt_nso/audio/501/nchlt_nso_501f_0278.wav,nchlt_nso_501f_0278,
/Users/khensanichabalala/DSFSI/MultilingualASR/MultilingualASR/experiments/sepedi-asr-eda/dataset/nchlt_nso/audio/501/nchlt_nso_501f_0085.wav,nchlt_nso_501f_0085,
/Users/khensanichabalala/DSFSI/MultilingualASR/MultilingualASR/experiments/sepedi-asr-eda/dataset/nchlt_nso/audio/501/nchlt_nso_501f_0091.wav,nchlt_nso_501f_0091,
/Users/khensanichabalala/DSFSI/MultilingualASR/MultilingualASR/experiments/sepedi-asr-eda/dataset/nchlt_nso/audio/501/nchlt_nso_501f_0052.wav,nchlt_nso_501f_0052,
/Users/khensanichabalala/DSFSI/MultilingualASR/MultilingualASR/experiments/sepedi-asr-eda/dataset/nchlt_nso/audio/501/nchlt_nso_501f_0050.wav,nchlt_nso_501f_0050,
/Users/khensanichabalala/DSFSI/MultilingualASR/MultilingualASR/experiments/sepedi-asr-eda/dataset/nchlt_nso/audio/501/nchlt_nso_501f_0508.wav,nchlt_nso_501f_0508,
/Users/khensanichabalala/DSFSI/MultilingualASR/MultilingualASR/experiments/sepedi-asr-eda/dataset/nchlt_nso/audio/501/nchlt_nso_501f_0520.wav,nchlt_nso_501f_0520,
/Users/khensanichabalala/DSFSI/MultilingualASR/MultilingualASR/experiments/sepedi-asr-eda/dataset/nchlt_nso/audio/501/nchlt_nso_501f_0252.wav,nchlt_nso_501f_0252,
/Users/khensanichabalala/DSFSI/MultilingualASR/MultilingualASR/experiments/sepedi-asr-eda/dataset/nchlt_nso/audio/501/nchlt_nso_501f_0534.wav,nchlt_nso_501f_0534,
/Users/khensanichabalala/DSFSI/MultilingualASR/MultilingualASR/experiments/sepedi-asr-eda/dataset/nchlt_nso/audio/501/nchlt_nso_501f_0291.wav,nchlt_nso_501f_0291,
/Users/khensanichabalala/DSFSI/MultilingualASR/MultilingualASR/experiments/sepedi-asr-eda/dataset/nchlt_nso/audio/501/nchlt_nso_501f_0454.wav,nchlt_nso_501f_0454,
/Users/khensanichabalala/DSFSI/MultilingualASR/MultilingualASR/experiments/sepedi-asr-eda/dataset/nchlt_nso/audio/501/nchlt_nso_501f_0332.wav,nchlt_nso_501f_0332,
/Users/khensanichabalala/DSFSI/MultilingualASR/MultilingualASR/experiments/sepedi-asr-eda/dataset/nchlt_nso/audio/501/nchlt_nso_501f_0497.wav,nchlt_nso_501f_0497,
/Users/khensanichabalala/DSFSI/MultilingualASR/MultilingualASR/experiments/sepedi-asr-eda/dataset/nchlt_nso/audio/501/nchlt_nso_501f_0483.wav,nchlt_nso_501f_0483,
/Users/khensanichabalala/DSFSI/MultilingualASR/MultilingualASR/experiments/sepedi-asr-eda/dataset/nchlt_nso/audio/501/nchlt_nso_501f_0118.wav,nchlt_nso_501f_0118,
/Users/khensanichabalala/DSFSI/MultilingualASR/MultilingualASR/experiments/sepedi-asr-eda/dataset/nchlt_nso/audio/501/nchlt_nso_501f_0124.wav,nchlt_nso_501f_0124,
/Users/khensanichabalala/DSFSI/MultilingualASR/MultilingualASR/experiments/sepedi-asr-eda/dataset/nchlt_nso/audio/501/nchlt_nso_501f_0131.wav,nchlt_nso_501f_0131,
/Users/khensanichabalala/DSFSI/MultilingualASR/MultilingualASR/experiments/sepedi-asr-eda/dataset/nchlt_nso/audio/501/nchlt_nso_501f_0482.wav,nchlt_nso_501f_0482,
/Users/khensanichabalala/DSFSI/MultilingualASR/MultilingualASR/experiments/sepedi-asr-eda/dataset/nchlt_nso/audio/501/nchlt_nso_501f_0327.wav,nchlt_nso_501f_0327,
/Users/khensanichabalala/DSFSI/MultilingualASR/MultilingualASR/experiments/sepedi-asr-eda/dataset/nchlt_nso/audio/501/nchlt_nso_501f_0441.wav,nchlt_nso_501f_0441,
/Users/khensanichabalala/DSFSI/MultilingualASR/MultilingualASR/experiments/sepedi-asr-eda/dataset/nchlt_nso/audio/501/nchlt_nso_501f_0333.wav,nchlt_nso_501f_0333,
/Users/khensanichabalala/DSFSI/MultilingualASR/MultilingualASR/experiments/sepedi-asr-eda/dataset/nchlt_nso/audio/501/nchlt_nso_501f_0469.wav,nchlt_nso_501f_0469,
/Users/khensanichabalala/DSFSI/MultilingualASR/MultilingualASR/experiments/sepedi-asr-eda/dataset/nchlt_nso/audio/501/nchlt_nso_501f_0253.wav,nchlt_nso_501f_0253,
/Users/khensanichabalala/DSFSI/MultilingualASR/MultilingualASR/experiments/sepedi-asr-eda/dataset/nchlt_nso/audio/501/nchlt_nso_501f_0535.wav,nchlt_nso_501f_0535,
/Users/khensanichabalala/DSFSI/MultilingualASR/MultilingualASR/experiments/sepedi-asr-eda/dataset/nchlt_nso/audio/501/nchlt_nso_501f_0521.wav,nchlt_nso_501f_0521,
/Users/khensanichabalala/DSFSI/MultilingualASR/MultilingualASR/experiments/sepedi-asr-eda/dataset/nchlt_nso/audio/501/nchlt_nso_501f_0247.wav,nchlt_nso_501f_0247,
/Users/khensanichabalala/DSFSI/MultilingualASR/MultilingualASR/experiments/sepedi-asr-eda/dataset/nchlt_nso/audio/501/nchlt_nso_501f_0086.wav,nchlt_nso_501f_0086,
/Users/khensanichabalala/DSFSI/MultilingualASR/MultilingualASR/experiments/sepedi-asr-eda/dataset/nchlt_nso/audio/501/nchlt_nso_501f_0045.wav,nchlt_nso_501f_0045,
/Users/khensanichabalala/DSFSI/MultilingualASR/MultilingualASR/experiments/sepedi-asr-eda/dataset/nchlt_nso/audio/501/nchlt_nso_501f_0036.wav,nchlt_nso_501f_0036,
/Users/khensanichabalala/DSFSI/MultilingualASR/MultilingualASR/experiments/sepedi-asr-eda/dataset/nchlt_nso/audio/501/nchlt_nso_501f_0546.wav,nchlt_nso_501f_0546,
/Users/khensanichabalala/DSFSI/MultilingualASR/MultilingualASR/experiments/sepedi-asr-eda/dataset/nchlt_nso/audio/501/nchlt_nso_501f_0234.wav,nchlt_nso_501f_0234,
/Users/khensanichabalala/DSFSI/MultilingualASR/MultilingualASR/experiments/sepedi-asr-eda/dataset/nchlt_nso/audio/501/nchlt_nso_501f_0552.wav,nchlt_nso_501f_0552,
/Users/khensanichabalala/DSFSI/MultilingualASR/MultilingualASR/experiments/sepedi-asr-eda/dataset/nchlt_nso/audio/501/nchlt_nso_501f_0432.wav,nchlt_nso_501f_0432,
/Users/khensanichabalala/DSFSI/MultilingualASR/MultilingualASR/experiments/sepedi-asr-eda/dataset/nchlt_nso/audio/501/nchlt_nso_501f_0354.wav,nchlt_nso_501f_0354,
/Users/khensanichabalala/DSFSI/MultilingualASR/MultilingualASR/experiments/sepedi-asr-eda/dataset/nchlt_nso/audio/501/nchlt_nso_501f_0340.wav,nchlt_nso_501f_0340,
/Users/khensanichabalala/DSFSI/MultilingualASR/MultilingualASR/experiments/sepedi-asr-eda/dataset/nchlt_nso/audio/501/nchlt_nso_501f_0426.wav,nchlt_nso_501f_0426,
/Users/khensanichabalala/DSFSI/MultilingualASR/MultilingualASR/experiments/sepedi-asr-eda/dataset/nchlt_nso/audio/501/nchlt_nso_501f_0368.wav,nchlt_nso_501f_0368,
/Users/khensanichabalala/DSFSI/MultilingualASR/MultilingualASR/experiments/sepedi-asr-eda/dataset/nchlt_nso/audio/501/nchlt_nso_501f_0397.wav,nchlt_nso_501f_0397,
/Users/khensanichabalala/DSFSI/MultilingualASR/MultilingualASR/experiments/sepedi-asr-eda/dataset/nchlt_nso/audio/501/nchlt_nso_501f_0383.wav,nchlt_nso_501f_0383,
/Users/khensanichabalala/DSFSI/MultilingualASR/MultilingualASR/experiments/sepedi-asr-eda/dataset/nchlt_nso/audio/501/nchlt_nso_501f_0156.wav,nchlt_nso_501f_0156,
/Users/khensanichabalala/DSFSI/MultilingualASR/MultilingualASR/experiments/sepedi-asr-eda/dataset/nchlt_nso/audio/501/nchlt_nso_501f_0181.wav,nchlt_nso_501f_0181,
/Users/khensanichabalala/DSFSI/MultilingualASR/MultilingualASR/experiments/sepedi-asr-eda/dataset/nchlt_nso/audio/501/nchlt_nso_501f_0180.wav,nchlt_nso_501f_0180,
/Users/khensanichabalala/DSFSI/MultilingualASR/MultilingualASR/experiments/sepedi-asr-eda/dataset/nchlt_nso/audio/501/nchlt_nso_501f_0194.wav,nchlt_nso_501f_0194,
/Users/khensanichabalala/DSFSI/MultilingualASR/MultilingualASR/experiments/sepedi-asr-eda/dataset/nchlt_nso/audio/501/nchlt_nso_501f_0157.wav,nchlt_nso_501f_0157,
/Users/khensanichabalala/DSFSI/MultilingualASR/MultilingualASR/experiments/sepedi-asr-eda/dataset/nchlt_nso/audio/501/nchlt_nso_501f_0396.wav,nchlt_nso_501f_0396,
/Users/khensanichabalala/DSFSI/MultilingualASR/MultilingualASR/experiments/sepedi-asr-eda/dataset/nchlt_nso/audio/501/nchlt_nso_501f_0369.wav,nchlt_nso_501f_0369,
/Users/khensanichabalala/DSFSI/MultilingualASR/MultilingualASR/experiments/sepedi-asr-eda/dataset/nchlt_nso/audio/501/nchlt_nso_501f_0427.wav,nchlt_nso_501f_0427,
/Users/khensanichabalala/DSFSI/MultilingualASR/MultilingualASR/experiments/sepedi-asr-eda/dataset/nchlt_nso/audio/501/nchlt_nso_501f_0355.wav,nchlt_nso_501f_0355,
/Users/khensanichabalala/DSFSI/MultilingualASR/MultilingualASR/experiments/sepedi-asr-eda/dataset/nchlt_nso/audio/501/nchlt_nso_501f_0209.wav,nchlt_nso_501f_0209,
/Users/khensanichabalala/DSFSI/MultilingualASR/MultilingualASR/experiments/sepedi-asr-eda/dataset/nchlt_nso/audio/501/nchlt_nso_501f_0235.wav,nchlt_nso_501f_0235,
/Users/khensanichabalala/DSFSI/MultilingualASR/MultilingualASR/experiments/sepedi-asr-eda/dataset/nchlt_nso/audio/501/nchlt_nso_501f_0553.wav,nchlt_nso_501f_0553,
/Users/khensanichabalala/DSFSI/MultilingualASR/MultilingualASR/experiments/sepedi-asr-eda/dataset/nchlt_nso/audio/501/nchlt_nso_501f_0547.wav,nchlt_nso_501f_0547,
/Users/khensanichabalala/DSFSI/MultilingualASR/MultilingualASR/experiments/sepedi-asr-eda/dataset/nchlt_nso/audio/501/nchlt_nso_501f_0221.wav,nchlt_nso_501f_0221,
/Users/khensanichabalala/DSFSI/MultilingualASR/MultilingualASR/experiments/sepedi-asr-eda/dataset/nchlt_nso/audio/501/nchlt_nso_501f_0037.wav,nchlt_nso_501f_0037,
/Users/khensanichabalala/DSFSI/MultilingualASR/MultilingualASR/experiments/sepedi-asr-eda/dataset/nchlt_nso/audio/501/nchlt_nso_501f_0009.wav,nchlt_nso_501f_0009,
/Users/khensanichabalala/DSFSI/MultilingualASR/MultilingualASR/experiments/sepedi-asr-eda/dataset/nchlt_nso/audio/501/nchlt_nso_501f_0551.wav,nchlt_nso_501f_0551,
/Users/khensanichabalala/DSFSI/MultilingualASR/MultilingualASR/experiments/sepedi-asr-eda/dataset/nchlt_nso/audio/501/nchlt_nso_501f_0237.wav,nchlt_nso_501f_0237,
/Users/khensanichabalala/DSFSI/MultilingualASR/MultilingualASR/experiments/sepedi-asr-eda/dataset/nchlt_nso/audio/501/nchlt_nso_501f_0223.wav,nchlt_nso_501f_0223,
/Users/khensanichabalala/DSFSI/MultilingualASR/MultilingualASR/experiments/sepedi-asr-eda/dataset/nchlt_nso/audio/501/nchlt_nso_501f_0579.wav,nchlt_nso_501f_0579,
/Users/khensanichabalala/DSFSI/MultilingualASR/MultilingualASR/experiments/sepedi-asr-eda/dataset/nchlt_nso/audio/501/nchlt_nso_501f_0425.wav,nchlt_nso_501f_0425,
/Users/khensanichabalala/DSFSI/MultilingualASR/MultilingualASR/experiments/sepedi-asr-eda/dataset/nchlt_nso/audio/501/nchlt_nso_501f_0343.wav,nchlt_nso_501f_0343,
/Users/khensanichabalala/DSFSI/MultilingualASR/MultilingualASR/experiments/sepedi-asr-eda/dataset/nchlt_nso/audio/501/nchlt_nso_501f_0380.wav,nchlt_nso_501f_0380,
/Users/khensanichabalala/DSFSI/MultilingualASR/MultilingualASR/experiments/sepedi-asr-eda/dataset/nchlt_nso/audio/501/nchlt_nso_501f_0394.wav,nchlt_nso_501f_0394,
/Users/khensanichabalala/DSFSI/MultilingualASR/MultilingualASR/experiments/sepedi-asr-eda/dataset/nchlt_nso/audio/501/nchlt_nso_501f_0141.wav,nchlt_nso_501f_0141,
/Users/khensanichabalala/DSFSI/MultilingualASR/MultilingualASR/experiments/sepedi-asr-eda/dataset/nchlt_nso/audio/501/nchlt_nso_501f_0155.wav,nchlt_nso_501f_0155,
/Users/khensanichabalala/DSFSI/MultilingualASR/MultilingualASR/experiments/sepedi-asr-eda/dataset/nchlt_nso/audio/501/nchlt_nso_501f_0169.wav,nchlt_nso_501f_0169,
/Users/khensanichabalala/DSFSI/MultilingualASR/MultilingualASR/experiments/sepedi-asr-eda/dataset/nchlt_nso/audio/501/nchlt_nso_501f_0182.wav,nchlt_nso_501f_0182,
/Users/khensanichabalala/DSFSI/MultilingualASR/MultilingualASR/experiments/sepedi-asr-eda/dataset/nchlt_nso/audio/501/nchlt_nso_501f_0183.wav,nchlt_nso_501f_0183,
/Users/khensanichabalala/DSFSI/MultilingualASR/MultilingualASR/experiments/sepedi-asr-eda/dataset/nchlt_nso/audio/501/nchlt_nso_501f_0168.wav,nchlt_nso_501f_0168,
/Users/khensanichabalala/DSFSI/MultilingualASR/MultilingualASR/experiments/sepedi-asr-eda/dataset/nchlt_nso/audio/501/nchlt_nso_501f_0154.wav,nchlt_nso_501f_0154,
/Users/khensanichabalala/DSFSI/MultilingualASR/MultilingualASR/experiments/sepedi-asr-eda/dataset/nchlt_nso/audio/501/nchlt_nso_501f_0140.wav,nchlt_nso_501f_0140,
/Users/khensanichabalala/DSFSI/MultilingualASR/MultilingualASR/experiments/sepedi-asr-eda/dataset/nchlt_nso/audio/501/nchlt_nso_501f_0395.wav,nchlt_nso_501f_0395,
/Users/khensanichabalala/DSFSI/MultilingualASR/MultilingualASR/experiments/sepedi-asr-eda/dataset/nchlt_nso/audio/501/nchlt_nso_501f_0418.wav,nchlt_nso_501f_0418,
/Users/khensanichabalala/DSFSI/MultilingualASR/MultilingualASR/experiments/sepedi-asr-eda/dataset/nchlt_nso/audio/501/nchlt_nso_501f_0424.wav,nchlt_nso_501f_0424,
/Users/khensanichabalala/DSFSI/MultilingualASR/MultilingualASR/experiments/sepedi-asr-eda/dataset/nchlt_nso/audio/501/nchlt_nso_501f_0342.wav,nchlt_nso_501f_0342,
/Users/khensanichabalala/DSFSI/MultilingualASR/MultilingualASR/experiments/sepedi-asr-eda/dataset/nchlt_nso/audio/501/nchlt_nso_501f_0578.wav,nchlt_nso_501f_0578,
/Users/khensanichabalala/DSFSI/MultilingualASR/MultilingualASR/experiments/sepedi-asr-eda/dataset/nchlt_nso/audio/501/nchlt_nso_501f_0222.wav,nchlt_nso_501f_0222,
/Users/khensanichabalala/DSFSI/MultilingualASR/MultilingualASR/experiments/sepedi-asr-eda/dataset/nchlt_nso/audio/501/nchlt_nso_501f_0544.wav,nchlt_nso_501f_0544,
/Users/khensanichabalala/DSFSI/MultilingualASR/MultilingualASR/experiments/sepedi-asr-eda/dataset/nchlt_nso/audio/501/nchlt_nso_501f_0550.wav,nchlt_nso_501f_0550,
/Users/khensanichabalala/DSFSI/MultilingualASR/MultilingualASR/experiments/sepedi-asr-eda/dataset/nchlt_nso/audio/501/nchlt_nso_501f_0034.wav,nchlt_nso_501f_0034,
/Users/khensanichabalala/DSFSI/MultilingualASR/MultilingualASR/experiments/sepedi-asr-eda/dataset/nchlt_nso/audio/501/nchlt_nso_501f_0018.wav,nchlt_nso_501f_0018,
/Users/khensanichabalala/DSFSI/MultilingualASR/MultilingualASR/experiments/sepedi-asr-eda/dataset/nchlt_nso/audio/501/nchlt_nso_501f_0232.wav,nchlt_nso_501f_0232,
/Users/khensanichabalala/DSFSI/MultilingualASR/MultilingualASR/experiments/sepedi-asr-eda/dataset/nchlt_nso/audio/501/nchlt_nso_501f_0540.wav,nchlt_nso_501f_0540,
/Users/khensanichabalala/DSFSI/MultilingualASR/MultilingualASR/experiments/sepedi-asr-eda/dataset/nchlt_nso/audio/501/nchlt_nso_501f_0226.wav,nchlt_nso_501f_0226,
/Users/khensanichabalala/DSFSI/MultilingualASR/MultilingualASR/experiments/sepedi-asr-eda/dataset/nchlt_nso/audio/501/nchlt_nso_501f_0434.wav,nchlt_nso_501f_0434,
/Users/khensanichabalala/DSFSI/MultilingualASR/MultilingualASR/experiments/sepedi-asr-eda/dataset/nchlt_nso/audio/501/nchlt_nso_501f_0352.wav,nchlt_nso_501f_0352,
/Users/khensanichabalala/DSFSI/MultilingualASR/MultilingualASR/experiments/sepedi-asr-eda/dataset/nchlt_nso/audio/501/nchlt_nso_501f_0144.wav,nchlt_nso_501f_0144,
/Users/khensanichabalala/DSFSI/MultilingualASR/MultilingualASR/experiments/sepedi-asr-eda/dataset/nchlt_nso/audio/501/nchlt_nso_501f_0150.wav,nchlt_nso_501f_0150,
/Users/khensanichabalala/DSFSI/MultilingualASR/MultilingualASR/experiments/sepedi-asr-eda/dataset/nchlt_nso/audio/501/nchlt_nso_501f_0187.wav,nchlt_nso_501f_0187,
/Users/khensanichabalala/DSFSI/MultilingualASR/MultilingualASR/experiments/sepedi-asr-eda/dataset/nchlt_nso/audio/501/nchlt_nso_501f_0193.wav,nchlt_nso_501f_0193,
/Users/khensanichabalala/DSFSI/MultilingualASR/MultilingualASR/experiments/sepedi-asr-eda/dataset/nchlt_nso/audio/501/nchlt_nso_501f_0186.wav,nchlt_nso_501f_0186,
/Users/khensanichabalala/DSFSI/MultilingualASR/MultilingualASR/experiments/sepedi-asr-eda/dataset/nchlt_nso/audio/501/nchlt_nso_501f_0179.wav,nchlt_nso_501f_0179,
/Users/khensanichabalala/DSFSI/MultilingualASR/MultilingualASR/experiments/sepedi-asr-eda/dataset/nchlt_nso/audio/501/nchlt_nso_501f_0390.wav,nchlt_nso_501f_0390,
/Users/khensanichabalala/DSFSI/MultilingualASR/MultilingualASR/experiments/sepedi-asr-eda/dataset/nchlt_nso/audio/501/nchlt_nso_501f_0384.wav,nchlt_nso_501f_0384,
/Users/khensanichabalala/DSFSI/MultilingualASR/MultilingualASR/experiments/sepedi-asr-eda/dataset/nchlt_nso/audio/501/nchlt_nso_501f_0347.wav,nchlt_nso_501f_0347,
/Users/khensanichabalala/DSFSI/MultilingualASR/MultilingualASR/experiments/sepedi-asr-eda/dataset/nchlt_nso/audio/501/nchlt_nso_501f_0409.wav,nchlt_nso_501f_0409,
/Users/khensanichabalala/DSFSI/MultilingualASR/MultilingualASR/experiments/sepedi-asr-eda/dataset/nchlt_nso/audio/501/nchlt_nso_501f_0541.wav,nchlt_nso_501f_0541,
/Users/khensanichabalala/DSFSI/MultilingualASR/MultilingualASR/experiments/sepedi-asr-eda/dataset/nchlt_nso/audio/501/nchlt_nso_501f_0227.wav,nchlt_nso_501f_0227,
/Users/khensanichabalala/DSFSI/MultilingualASR/MultilingualASR/experiments/sepedi-asr-eda/dataset/nchlt_nso/audio/501/nchlt_nso_501f_0555.wav,nchlt_nso_501f_0555,
/Users/khensanichabalala/DSFSI/MultilingualASR/MultilingualASR/experiments/sepedi-asr-eda/dataset/nchlt_nso/audio/501/nchlt_nso_501f_0569.wav,nchlt_nso_501f_0569,
/Users/khensanichabalala/DSFSI/MultilingualASR/MultilingualASR/experiments/sepedi-asr-eda/dataset/nchlt_nso/audio/501/nchlt_nso_501f_0025.wav,nchlt_nso_501f_0025,
/Users/khensanichabalala/DSFSI/MultilingualASR/MultilingualASR/experiments/sepedi-asr-eda/dataset/nchlt_nso/audio/501/nchlt_nso_501f_0019.wav,nchlt_nso_501f_0019,
/Users/khensanichabalala/DSFSI/MultilingualASR/MultilingualASR/experiments/sepedi-asr-eda/dataset/nchlt_nso/audio/501/nchlt_nso_501f_0027.wav,nchlt_nso_501f_0027,
/Users/khensanichabalala/DSFSI/MultilingualASR/MultilingualASR/experiments/sepedi-asr-eda/dataset/nchlt_nso/audio/501/nchlt_nso_501f_0219.wav,nchlt_nso_501f_0219,
/Users/khensanichabalala/DSFSI/MultilingualASR/MultilingualASR/experiments/sepedi-asr-eda/dataset/nchlt_nso/audio/501/nchlt_nso_501f_0557.wav,nchlt_nso_501f_0557,
/Users/khensanichabalala/DSFSI/MultilingualASR/MultilingualASR/experiments/sepedi-asr-eda/dataset/nchlt_nso/audio/501/nchlt_nso_501f_0231.wav,nchlt_nso_501f_0231,
/Users/khensanichabalala/DSFSI/MultilingualASR/MultilingualASR/experiments/sepedi-asr-eda/dataset/nchlt_nso/audio/501/nchlt_nso_501f_0379.wav,nchlt_nso_501f_0379,
/Users/khensanichabalala/DSFSI/MultilingualASR/MultilingualASR/experiments/sepedi-asr-eda/dataset/nchlt_nso/audio/501/nchlt_nso_501f_0351.wav,nchlt_nso_501f_0351,
/Users/khensanichabalala/DSFSI/MultilingualASR/MultilingualASR/experiments/sepedi-asr-eda/dataset/nchlt_nso/audio/501/nchlt_nso_501f_0345.wav,nchlt_nso_501f_0345,
/Users/khensanichabalala/DSFSI/MultilingualASR/MultilingualASR/experiments/sepedi-asr-eda/dataset/nchlt_nso/audio/501/nchlt_nso_501f_0392.wav,nchlt_nso_501f_0392,
/Users/khensanichabalala/DSFSI/MultilingualASR/MultilingualASR/experiments/sepedi-asr-eda/dataset/nchlt_nso/audio/501/nchlt_nso_501f_0153.wav,nchlt_nso_501f_0153,
/Users/khensanichabalala/DSFSI/MultilingualASR/MultilingualASR/experiments/sepedi-asr-eda/dataset/nchlt_nso/audio/501/nchlt_nso_501f_0147.wav,nchlt_nso_501f_0147,
/Users/khensanichabalala/DSFSI/MultilingualASR/MultilingualASR/experiments/sepedi-asr-eda/dataset/nchlt_nso/audio/501/nchlt_nso_501f_0190.wav,nchlt_nso_501f_0190,
/Users/khensanichabalala/DSFSI/MultilingualASR/MultilingualASR/experiments/sepedi-asr-eda/dataset/nchlt_nso/audio/501/nchlt_nso_501f_0185.wav,nchlt_nso_501f_0185,
/Users/khensanichabalala/DSFSI/MultilingualASR/MultilingualASR/experiments/sepedi-asr-eda/dataset/nchlt_nso/audio/501/nchlt_nso_501f_0191.wav,nchlt_nso_501f_0191,
/Users/khensanichabalala/DSFSI/MultilingualASR/MultilingualASR/experiments/sepedi-asr-eda/dataset/nchlt_nso/audio/501/nchlt_nso_501f_0387.wav,nchlt_nso_501f_0387,
/Users/khensanichabalala/DSFSI/MultilingualASR/MultilingualASR/experiments/sepedi-asr-eda/dataset/nchlt_nso/audio/501/nchlt_nso_501f_0422.wav,nchlt_nso_501f_0422,
/Users/khensanichabalala/DSFSI/MultilingualASR/MultilingualASR/experiments/sepedi-asr-eda/dataset/nchlt_nso/audio/501/nchlt_nso_501f_0344.wav,nchlt_nso_501f_0344,
/Users/khensanichabalala/DSFSI/MultilingualASR/MultilingualASR/experiments/sepedi-asr-eda/dataset/nchlt_nso/audio/501/nchlt_nso_501f_0224.wav,nchlt_nso_501f_0224,
/Users/khensanichabalala/DSFSI/MultilingualASR/MultilingualASR/experiments/sepedi-asr-eda/dataset/nchlt_nso/audio/501/nchlt_nso_501f_0542.wav,nchlt_nso_501f_0542,
/Users/khensanichabalala/DSFSI/MultilingualASR/MultilingualASR/experiments/sepedi-asr-eda/dataset/nchlt_nso/audio/501/nchlt_nso_501f_0017.wav,nchlt_nso_501f_0017,
/Users/khensanichabalala/DSFSI/MultilingualASR/MultilingualASR/experiments/sepedi-asr-eda/dataset/nchlt_nso/audio/501/nchlt_nso_501f_0567.wav,nchlt_nso_501f_0567,
/Users/khensanichabalala/DSFSI/MultilingualASR/MultilingualASR/experiments/sepedi-asr-eda/dataset/nchlt_nso/audio/501/nchlt_nso_501f_0201.wav,nchlt_nso_501f_0201,
/Users/khensanichabalala/DSFSI/MultilingualASR/MultilingualASR/experiments/sepedi-asr-eda/dataset/nchlt_nso/audio/501/nchlt_nso_501f_0215.wav,nchlt_nso_501f_0215,
/Users/khensanichabalala/DSFSI/MultilingualASR/MultilingualASR/experiments/sepedi-asr-eda/dataset/nchlt_nso/audio/501/nchlt_nso_501f_0573.wav,nchlt_nso_501f_0573,
/Users/khensanichabalala/DSFSI/MultilingualASR/MultilingualASR/experiments/sepedi-asr-eda/dataset/nchlt_nso/audio/501/nchlt_nso_501f_0229.wav,nchlt_nso_501f_0229,
/Users/khensanichabalala/DSFSI/MultilingualASR/MultilingualASR/experiments/sepedi-asr-eda/dataset/nchlt_nso/audio/501/nchlt_nso_501f_0413.wav,nchlt_nso_501f_0413,
/Users/khensanichabalala/DSFSI/MultilingualASR/MultilingualASR/experiments/sepedi-asr-eda/dataset/nchlt_nso/audio/501/nchlt_nso_501f_0375.wav,nchlt_nso_501f_0375,
/Users/khensanichabalala/DSFSI/MultilingualASR/MultilingualASR/experiments/sepedi-asr-eda/dataset/nchlt_nso/audio/501/nchlt_nso_501f_0361.wav,nchlt_nso_501f_0361,
/Users/khensanichabalala/DSFSI/MultilingualASR/MultilingualASR/experiments/sepedi-asr-eda/dataset/nchlt_nso/audio/501/nchlt_nso_501f_0407.wav,nchlt_nso_501f_0407,
/Users/khensanichabalala/DSFSI/MultilingualASR/MultilingualASR/experiments/sepedi-asr-eda/dataset/nchlt_nso/audio/501/nchlt_nso_501f_0349.wav,nchlt_nso_501f_0349,
/Users/khensanichabalala/DSFSI/MultilingualASR/MultilingualASR/experiments/sepedi-asr-eda/dataset/nchlt_nso/audio/501/nchlt_nso_501f_0177.wav,nchlt_nso_501f_0177,
/Users/khensanichabalala/DSFSI/MultilingualASR/MultilingualASR/experiments/sepedi-asr-eda/dataset/nchlt_nso/audio/501/nchlt_nso_501f_0188.wav,nchlt_nso_501f_0188,
/Users/khensanichabalala/DSFSI/MultilingualASR/MultilingualASR/experiments/sepedi-asr-eda/dataset/nchlt_nso/audio/501/nchlt_nso_501f_0189.wav,nchlt_nso_501f_0189,
/Users/khensanichabalala/DSFSI/MultilingualASR/MultilingualASR/experiments/sepedi-asr-eda/dataset/nchlt_nso/audio/501/nchlt_nso_501f_0176.wav,nchlt_nso_501f_0176,
/Users/khensanichabalala/DSFSI/MultilingualASR/MultilingualASR/experiments/sepedi-asr-eda/dataset/nchlt_nso/audio/501/nchlt_nso_501f_0360.wav,nchlt_nso_501f_0360,
/Users/khensanichabalala/DSFSI/MultilingualASR/MultilingualASR/experiments/sepedi-asr-eda/dataset/nchlt_nso/audio/501/nchlt_nso_501f_0406.wav,nchlt_nso_501f_0406,
/Users/khensanichabalala/DSFSI/MultilingualASR/MultilingualASR/experiments/sepedi-asr-eda/dataset/nchlt_nso/audio/501/nchlt_nso_501f_0412.wav,nchlt_nso_501f_0412,
/Users/khensanichabalala/DSFSI/MultilingualASR/MultilingualASR/experiments/sepedi-asr-eda/dataset/nchlt_nso/audio/501/nchlt_nso_501f_0374.wav,nchlt_nso_501f_0374,
/Users/khensanichabalala/DSFSI/MultilingualASR/MultilingualASR/experiments/sepedi-asr-eda/dataset/nchlt_nso/audio/501/nchlt_nso_501f_0228.wav,nchlt_nso_501f_0228,
/Users/khensanichabalala/DSFSI/MultilingualASR/MultilingualASR/experiments/sepedi-asr-eda/dataset/nchlt_nso/audio/501/nchlt_nso_501f_0214.wav,nchlt_nso_501f_0214,
/Users/khensanichabalala/DSFSI/MultilingualASR/MultilingualASR/experiments/sepedi-asr-eda/dataset/nchlt_nso/audio/501/nchlt_nso_501f_0572.wav,nchlt_nso_501f_0572,
/Users/khensanichabalala/DSFSI/MultilingualASR/MultilingualASR/experiments/sepedi-asr-eda/dataset/nchlt_nso/audio/501/nchlt_nso_501f_0566.wav,nchlt_nso_501f_0566,
/Users/khensanichabalala/DSFSI/MultilingualASR/MultilingualASR/experiments/sepedi-asr-eda/dataset/nchlt_nso/audio/501/nchlt_nso_501f_0016.wav,nchlt_nso_501f_0016,
/Users/khensanichabalala/DSFSI/MultilingualASR/MultilingualASR/experiments/sepedi-asr-eda/dataset/nchlt_nso/audio/501/nchlt_nso_501f_0014.wav,nchlt_nso_501f_0014,
/Users/khensanichabalala/DSFSI/MultilingualASR/MultilingualASR/experiments/sepedi-asr-eda/dataset/nchlt_nso/audio/501/nchlt_nso_501f_0028.wav,nchlt_nso_501f_0028,
/Users/khensanichabalala/DSFSI/MultilingualASR/MultilingualASR/experiments/sepedi-asr-eda/dataset/nchlt_nso/audio/501/nchlt_nso_501f_0570.wav,nchlt_nso_501f_0570,
/Users/khensanichabalala/DSFSI/MultilingualASR/MultilingualASR/experiments/sepedi-asr-eda/dataset/nchlt_nso/audio/501/nchlt_nso_501f_0202.wav,nchlt_nso_501f_0202,
/Users/khensanichabalala/DSFSI/MultilingualASR/MultilingualASR/experiments/sepedi-asr-eda/dataset/nchlt_nso/audio/501/nchlt_nso_501f_0558.wav,nchlt_nso_501f_0558,
/Users/khensanichabalala/DSFSI/MultilingualASR/MultilingualASR/experiments/sepedi-asr-eda/dataset/nchlt_nso/audio/501/nchlt_nso_501f_0404.wav,nchlt_nso_501f_0404,
/Users/khensanichabalala/DSFSI/MultilingualASR/MultilingualASR/experiments/sepedi-asr-eda/dataset/nchlt_nso/audio/501/nchlt_nso_501f_0362.wav,nchlt_nso_501f_0362,
/Users/khensanichabalala/DSFSI/MultilingualASR/MultilingualASR/experiments/sepedi-asr-eda/dataset/nchlt_nso/audio/501/nchlt_nso_501f_0376.wav,nchlt_nso_501f_0376,
/Users/khensanichabalala/DSFSI/MultilingualASR/MultilingualASR/experiments/sepedi-asr-eda/dataset/nchlt_nso/audio/501/nchlt_nso_501f_0410.wav,nchlt_nso_501f_0410,
/Users/khensanichabalala/DSFSI/MultilingualASR/MultilingualASR/experiments/sepedi-asr-eda/dataset/nchlt_nso/audio/501/nchlt_nso_501f_0160.wav,nchlt_nso_501f_0160,
/Users/khensanichabalala/DSFSI/MultilingualASR/MultilingualASR/experiments/sepedi-asr-eda/dataset/nchlt_nso/audio/501/nchlt_nso_501f_0174.wav,nchlt_nso_501f_0174,
/Users/khensanichabalala/DSFSI/MultilingualASR/MultilingualASR/experiments/sepedi-asr-eda/dataset/nchlt_nso/audio/501/nchlt_nso_501f_0148.wav,nchlt_nso_501f_0148,
/Users/khensanichabalala/DSFSI/MultilingualASR/MultilingualASR/experiments/sepedi-asr-eda/dataset/nchlt_nso/audio/501/nchlt_nso_501f_0175.wav,nchlt_nso_501f_0175,
/Users/khensanichabalala/DSFSI/MultilingualASR/MultilingualASR/experiments/sepedi-asr-eda/dataset/nchlt_nso/audio/501/nchlt_nso_501f_0439.wav,nchlt_nso_501f_0439,
/Users/khensanichabalala/DSFSI/MultilingualASR/MultilingualASR/experiments/sepedi-asr-eda/dataset/nchlt_nso/audio/501/nchlt_nso_501f_0411.wav,nchlt_nso_501f_0411,
/Users/khensanichabalala/DSFSI/MultilingualASR/MultilingualASR/experiments/sepedi-asr-eda/dataset/nchlt_nso/audio/501/nchlt_nso_501f_0363.wav,nchlt_nso_501f_0363,
/Users/khensanichabalala/DSFSI/MultilingualASR/MultilingualASR/experiments/sepedi-asr-eda/dataset/nchlt_nso/audio/501/nchlt_nso_501f_0565.wav,nchlt_nso_501f_0565,
/Users/khensanichabalala/DSFSI/MultilingualASR/MultilingualASR/experiments/sepedi-asr-eda/dataset/nchlt_nso/audio/501/nchlt_nso_501f_0217.wav,nchlt_nso_501f_0217,
/Users/khensanichabalala/DSFSI/MultilingualASR/MultilingualASR/experiments/sepedi-asr-eda/dataset/nchlt_nso/audio/501/nchlt_nso_501f_0029.wav,nchlt_nso_501f_0029,
/Users/khensanichabalala/DSFSI/MultilingualASR/MultilingualASR/experiments/sepedi-asr-eda/dataset/nchlt_nso/audio/501/nchlt_nso_501f_0001.wav,nchlt_nso_501f_0001,
/Users/khensanichabalala/DSFSI/MultilingualASR/MultilingualASR/experiments/sepedi-asr-eda/dataset/nchlt_nso/audio/501/nchlt_nso_501f_0015.wav,nchlt_nso_501f_0015,
/Users/khensanichabalala/DSFSI/MultilingualASR/MultilingualASR/experiments/sepedi-asr-eda/dataset/nchlt_nso/audio/501/nchlt_nso_501f_0039.wav,nchlt_nso_501f_0039,
/Users/khensanichabalala/DSFSI/MultilingualASR/MultilingualASR/experiments/sepedi-asr-eda/dataset/nchlt_nso/audio/501/nchlt_nso_501f_0011.wav,nchlt_nso_501f_0011,
/Users/khensanichabalala/DSFSI/MultilingualASR/MultilingualASR/experiments/sepedi-asr-eda/dataset/nchlt_nso/audio/501/nchlt_nso_501f_0005.wav,nchlt_nso_501f_0005,
/Users/khensanichabalala/DSFSI/MultilingualASR/MultilingualASR/experiments/sepedi-asr-eda/dataset/nchlt_nso/audio/501/nchlt_nso_501f_0549.wav,nchlt_nso_501f_0549,
/Users/khensanichabalala/DSFSI/MultilingualASR/MultilingualASR/experiments/sepedi-asr-eda/dataset/nchlt_nso/audio/501/nchlt_nso_501f_0575.wav,nchlt_nso_501f_0575,
/Users/khensanichabalala/DSFSI/MultilingualASR/MultilingualASR/experiments/sepedi-asr-eda/dataset/nchlt_nso/audio/501/nchlt_nso_501f_0207.wav,nchlt_nso_501f_0207,
/Users/khensanichabalala/DSFSI/MultilingualASR/MultilingualASR/experiments/sepedi-asr-eda/dataset/nchlt_nso/audio/501/nchlt_nso_501f_0429.wav,nchlt_nso_501f_0429,
/Users/khensanichabalala/DSFSI/MultilingualASR/MultilingualASR/experiments/sepedi-asr-eda/dataset/nchlt_nso/audio/501/nchlt_nso_501f_0401.wav,nchlt_nso_501f_0401,
/Users/khensanichabalala/DSFSI/MultilingualASR/MultilingualASR/experiments/sepedi-asr-eda/dataset/nchlt_nso/audio/501/nchlt_nso_501f_0415.wav,nchlt_nso_501f_0415,
/Users/khensanichabalala/DSFSI/MultilingualASR/MultilingualASR/experiments/sepedi-asr-eda/dataset/nchlt_nso/audio/501/nchlt_nso_501f_0398.wav,nchlt_nso_501f_0398,
/Users/khensanichabalala/DSFSI/MultilingualASR/MultilingualASR/experiments/sepedi-asr-eda/dataset/nchlt_nso/audio/501/nchlt_nso_501f_0159.wav,nchlt_nso_501f_0159,
/Users/khensanichabalala/DSFSI/MultilingualASR/MultilingualASR/experiments/sepedi-asr-eda/dataset/nchlt_nso/audio/501/nchlt_nso_501f_0165.wav,nchlt_nso_501f_0165,
/Users/khensanichabalala/DSFSI/MultilingualASR/MultilingualASR/experiments/sepedi-asr-eda/dataset/nchlt_nso/audio/501/nchlt_nso_501f_0171.wav,nchlt_nso_501f_0171,
/Users/khensanichabalala/DSFSI/MultilingualASR/MultilingualASR/experiments/sepedi-asr-eda/dataset/nchlt_nso/audio/501/nchlt_nso_501f_0170.wav,nchlt_nso_501f_0170,
/Users/khensanichabalala/DSFSI/MultilingualASR/MultilingualASR/experiments/sepedi-asr-eda/dataset/nchlt_nso/audio/501/nchlt_nso_501f_0158.wav,nchlt_nso_501f_0158,
/Users/khensanichabalala/DSFSI/MultilingualASR/MultilingualASR/experiments/sepedi-asr-eda/dataset/nchlt_nso/audio/501/nchlt_nso_501f_0414.wav,nchlt_nso_501f_0414,
/Users/khensanichabalala/DSFSI/MultilingualASR/MultilingualASR/experiments/sepedi-asr-eda/dataset/nchlt_nso/audio/501/nchlt_nso_501f_0372.wav,nchlt_nso_501f_0372,
/Users/khensanichabalala/DSFSI/MultilingualASR/MultilingualASR/experiments/sepedi-asr-eda/dataset/nchlt_nso/audio/501/nchlt_nso_501f_0366.wav,nchlt_nso_501f_0366,
/Users/khensanichabalala/DSFSI/MultilingualASR/MultilingualASR/experiments/sepedi-asr-eda/dataset/nchlt_nso/audio/501/nchlt_nso_501f_0400.wav,nchlt_nso_501f_0400,
/Users/khensanichabalala/DSFSI/MultilingualASR/MultilingualASR/experiments/sepedi-asr-eda/dataset/nchlt_nso/audio/501/nchlt_nso_501f_0428.wav,nchlt_nso_501f_0428,
/Users/khensanichabalala/DSFSI/MultilingualASR/MultilingualASR/experiments/sepedi-asr-eda/dataset/nchlt_nso/audio/501/nchlt_nso_501f_0206.wav,nchlt_nso_501f_0206,
/Users/khensanichabalala/DSFSI/MultilingualASR/MultilingualASR/experiments/sepedi-asr-eda/dataset/nchlt_nso/audio/501/nchlt_nso_501f_0212.wav,nchlt_nso_501f_0212,
/Users/khensanichabalala/DSFSI/MultilingualASR/MultilingualASR/experiments/sepedi-asr-eda/dataset/nchlt_nso/audio/501/nchlt_nso_501f_0574.wav,nchlt_nso_501f_0574,
/Users/khensanichabalala/DSFSI/MultilingualASR/MultilingualASR/experiments/sepedi-asr-eda/dataset/nchlt_nso/audio/501/nchlt_nso_501f_0004.wav,nchlt_nso_501f_0004,
/Users/khensanichabalala/DSFSI/MultilingualASR/MultilingualASR/experiments/sepedi-asr-eda/dataset/nchlt_nso/audio/501/nchlt_nso_501f_0038.wav,nchlt_nso_501f_0038,
/Users/khensanichabalala/DSFSI/MultilingualASR/MultilingualASR/experiments/sepedi-asr-eda/dataset/nchlt_nso/audio/501/nchlt_nso_501f_0006.wav,nchlt_nso_501f_0006,
/Users/khensanichabalala/DSFSI/MultilingualASR/MultilingualASR/experiments/sepedi-asr-eda/dataset/nchlt_nso/audio/501/nchlt_nso_501f_0012.wav,nchlt_nso_501f_0012,
/Users/khensanichabalala/DSFSI/MultilingualASR/MultilingualASR/experiments/sepedi-asr-eda/dataset/nchlt_nso/audio/501/nchlt_nso_501f_0204.wav,nchlt_nso_501f_0204,
/Users/khensanichabalala/DSFSI/MultilingualASR/MultilingualASR/experiments/sepedi-asr-eda/dataset/nchlt_nso/audio/501/nchlt_nso_501f_0576.wav,nchlt_nso_501f_0576,
/Users/khensanichabalala/DSFSI/MultilingualASR/MultilingualASR/experiments/sepedi-asr-eda/dataset/nchlt_nso/audio/501/nchlt_nso_501f_0210.wav,nchlt_nso_501f_0210,
/Users/khensanichabalala/DSFSI/MultilingualASR/MultilingualASR/experiments/sepedi-asr-eda/dataset/nchlt_nso/audio/501/nchlt_nso_501f_0370.wav,nchlt_nso_501f_0370,
/Users/khensanichabalala/DSFSI/MultilingualASR/MultilingualASR/experiments/sepedi-asr-eda/dataset/nchlt_nso/audio/501/nchlt_nso_501f_0364.wav,nchlt_nso_501f_0364,
/Users/khensanichabalala/DSFSI/MultilingualASR/MultilingualASR/experiments/sepedi-asr-eda/dataset/nchlt_nso/audio/501/nchlt_nso_501f_0172.wav,nchlt_nso_501f_0172,
/Users/khensanichabalala/DSFSI/MultilingualASR/MultilingualASR/experiments/sepedi-asr-eda/dataset/nchlt_nso/audio/501/nchlt_nso_501f_0198.wav,nchlt_nso_501f_0198,
/Users/khensanichabalala/DSFSI/MultilingualASR/MultilingualASR/experiments/sepedi-asr-eda/dataset/nchlt_nso/audio/501/nchlt_nso_501f_0167.wav,nchlt_nso_501f_0167,
/Users/khensanichabalala/DSFSI/MultilingualASR/MultilingualASR/experiments/sepedi-asr-eda/dataset/nchlt_nso/audio/501/nchlt_nso_501f_0173.wav,nchlt_nso_501f_0173,
/Users/khensanichabalala/DSFSI/MultilingualASR/MultilingualASR/experiments/sepedi-asr-eda/dataset/nchlt_nso/audio/501/nchlt_nso_501f_0403.wav,nchlt_nso_501f_0403,
/Users/khensanichabalala/DSFSI/MultilingualASR/MultilingualASR/experiments/sepedi-asr-eda/dataset/nchlt_nso/audio/501/nchlt_nso_501f_0365.wav,nchlt_nso_501f_0365,
/Users/khensanichabalala/DSFSI/MultilingualASR/MultilingualASR/experiments/sepedi-asr-eda/dataset/nchlt_nso/audio/501/nchlt_nso_501f_0371.wav,nchlt_nso_501f_0371,
/Users/khensanichabalala/DSFSI/MultilingualASR/MultilingualASR/experiments/sepedi-asr-eda/dataset/nchlt_nso/audio/501/nchlt_nso_501f_0359.wav,nchlt_nso_501f_0359,
/Users/khensanichabalala/DSFSI/MultilingualASR/MultilingualASR/experiments/sepedi-asr-eda/dataset/nchlt_nso/audio/501/nchlt_nso_501f_0211.wav,nchlt_nso_501f_0211,
/Users/khensanichabalala/DSFSI/MultilingualASR/MultilingualASR/experiments/sepedi-asr-eda/dataset/nchlt_nso/audio/501/nchlt_nso_501f_0205.wav,nchlt_nso_501f_0205,
/Users/khensanichabalala/DSFSI/MultilingualASR/MultilingualASR/experiments/sepedi-asr-eda/dataset/nchlt_nso/audio/501/nchlt_nso_501f_0563.wav,nchlt_nso_501f_0563,
/Users/khensanichabalala/DSFSI/MultilingualASR/MultilingualASR/experiments/sepedi-asr-eda/dataset/nchlt_nso/audio/501/nchlt_nso_501f_0007.wav,nchlt_nso_501f_0007,
/Users/khensanichabalala/DSFSI/MultilingualASR/MultilingualASR/experiments/sepedi-asr-eda/dataset/nchlt_nso/audio/501/nchlt_nso_501f_0074.wav,nchlt_nso_501f_0074,
/Users/khensanichabalala/DSFSI/MultilingualASR/MultilingualASR/experiments/sepedi-asr-eda/dataset/nchlt_nso/audio/501/nchlt_nso_501f_0048.wav,nchlt_nso_501f_0048,
/Users/khensanichabalala/DSFSI/MultilingualASR/MultilingualASR/experiments/sepedi-asr-eda/dataset/nchlt_nso/audio/501/nchlt_nso_501f_0262.wav,nchlt_nso_501f_0262,
/Users/khensanichabalala/DSFSI/MultilingualASR/MultilingualASR/experiments/sepedi-asr-eda/dataset/nchlt_nso/audio/501/nchlt_nso_501f_0504.wav,nchlt_nso_501f_0504,
/Users/khensanichabalala/DSFSI/MultilingualASR/MultilingualASR/experiments/sepedi-asr-eda/dataset/nchlt_nso/audio/501/nchlt_nso_501f_0510.wav,nchlt_nso_501f_0510,
/Users/khensanichabalala/DSFSI/MultilingualASR/MultilingualASR/experiments/sepedi-asr-eda/dataset/nchlt_nso/audio/501/nchlt_nso_501f_0538.wav,nchlt_nso_501f_0538,
/Users/khensanichabalala/DSFSI/MultilingualASR/MultilingualASR/experiments/sepedi-asr-eda/dataset/nchlt_nso/audio/501/nchlt_nso_501f_0289.wav,nchlt_nso_501f_0289,
/Users/khensanichabalala/DSFSI/MultilingualASR/MultilingualASR/experiments/sepedi-asr-eda/dataset/nchlt_nso/audio/501/nchlt_nso_501f_0316.wav,nchlt_nso_501f_0316,
/Users/khensanichabalala/DSFSI/MultilingualASR/MultilingualASR/experiments/sepedi-asr-eda/dataset/nchlt_nso/audio/501/nchlt_nso_501f_0302.wav,nchlt_nso_501f_0302,
/Users/khensanichabalala/DSFSI/MultilingualASR/MultilingualASR/experiments/sepedi-asr-eda/dataset/nchlt_nso/audio/501/nchlt_nso_501f_0458.wav,nchlt_nso_501f_0458,
/Users/khensanichabalala/DSFSI/MultilingualASR/MultilingualASR/experiments/sepedi-asr-eda/dataset/nchlt_nso/audio/501/nchlt_nso_501f_0100.wav,nchlt_nso_501f_0100,
/Users/khensanichabalala/DSFSI/MultilingualASR/MultilingualASR/experiments/sepedi-asr-eda/dataset/nchlt_nso/audio/501/nchlt_nso_501f_0128.wav,nchlt_nso_501f_0128,
/Users/khensanichabalala/DSFSI/MultilingualASR/MultilingualASR/experiments/sepedi-asr-eda/dataset/nchlt_nso/audio/501/nchlt_nso_501f_0129.wav,nchlt_nso_501f_0129,
/Users/khensanichabalala/DSFSI/MultilingualASR/MultilingualASR/experiments/sepedi-asr-eda/dataset/nchlt_nso/audio/501/nchlt_nso_501f_0101.wav,nchlt_nso_501f_0101,
/Users/khensanichabalala/DSFSI/MultilingualASR/MultilingualASR/experiments/sepedi-asr-eda/dataset/nchlt_nso/audio/501/nchlt_nso_501f_0115.wav,nchlt_nso_501f_0115,
/Users/khensanichabalala/DSFSI/MultilingualASR/MultilingualASR/experiments/sepedi-asr-eda/dataset/nchlt_nso/audio/501/nchlt_nso_501f_0459.wav,nchlt_nso_501f_0459,
/Users/khensanichabalala/DSFSI/MultilingualASR/MultilingualASR/experiments/sepedi-asr-eda/dataset/nchlt_nso/audio/501/nchlt_nso_501f_0465.wav,nchlt_nso_501f_0465,
/Users/khensanichabalala/DSFSI/MultilingualASR/MultilingualASR/experiments/sepedi-asr-eda/dataset/nchlt_nso/audio/501/nchlt_nso_501f_0303.wav,nchlt_nso_501f_0303,
/Users/khensanichabalala/DSFSI/MultilingualASR/MultilingualASR/experiments/sepedi-asr-eda/dataset/nchlt_nso/audio/501/nchlt_nso_501f_0471.wav,nchlt_nso_501f_0471,
/Users/khensanichabalala/DSFSI/MultilingualASR/MultilingualASR/experiments/sepedi-asr-eda/dataset/nchlt_nso/audio/501/nchlt_nso_501f_0288.wav,nchlt_nso_501f_0288,
/Users/khensanichabalala/DSFSI/MultilingualASR/MultilingualASR/experiments/sepedi-asr-eda/dataset/nchlt_nso/audio/501/nchlt_nso_501f_0539.wav,nchlt_nso_501f_0539,
/Users/khensanichabalala/DSFSI/MultilingualASR/MultilingualASR/experiments/sepedi-asr-eda/dataset/nchlt_nso/audio/501/nchlt_nso_501f_0263.wav,nchlt_nso_501f_0263,
/Users/khensanichabalala/DSFSI/MultilingualASR/MultilingualASR/experiments/sepedi-asr-eda/dataset/nchlt_nso/audio/501/nchlt_nso_501f_0505.wav,nchlt_nso_501f_0505,
/Users/khensanichabalala/DSFSI/MultilingualASR/MultilingualASR/experiments/sepedi-asr-eda/dataset/nchlt_nso/audio/501/nchlt_nso_501f_0063.wav,nchlt_nso_501f_0063,
/Users/khensanichabalala/DSFSI/MultilingualASR/MultilingualASR/experiments/sepedi-asr-eda/dataset/nchlt_nso/audio/501/nchlt_nso_501f_0275.wav,nchlt_nso_501f_0275,
/Users/khensanichabalala/DSFSI/MultilingualASR/MultilingualASR/experiments/sepedi-asr-eda/dataset/nchlt_nso/audio/501/nchlt_nso_501f_0513.wav,nchlt_nso_501f_0513,
/Users/khensanichabalala/DSFSI/MultilingualASR/MultilingualASR/experiments/sepedi-asr-eda/dataset/nchlt_nso/audio/501/nchlt_nso_501f_0507.wav,nchlt_nso_501f_0507,
/Users/khensanichabalala/DSFSI/MultilingualASR/MultilingualASR/experiments/sepedi-asr-eda/dataset/nchlt_nso/audio/501/nchlt_nso_501f_0261.wav,nchlt_nso_501f_0261,
/Users/khensanichabalala/DSFSI/MultilingualASR/MultilingualASR/experiments/sepedi-asr-eda/dataset/nchlt_nso/audio/501/nchlt_nso_501f_0301.wav,nchlt_nso_501f_0301,
/Users/khensanichabalala/DSFSI/MultilingualASR/MultilingualASR/experiments/sepedi-asr-eda/dataset/nchlt_nso/audio/501/nchlt_nso_501f_0467.wav,nchlt_nso_501f_0467,
/Users/khensanichabalala/DSFSI/MultilingualASR/MultilingualASR/experiments/sepedi-asr-eda/dataset/nchlt_nso/audio/501/nchlt_nso_501f_0329.wav,nchlt_nso_501f_0329,
/Users/khensanichabalala/DSFSI/MultilingualASR/MultilingualASR/experiments/sepedi-asr-eda/dataset/nchlt_nso/audio/501/nchlt_nso_501f_0498.wav,nchlt_nso_501f_0498,
/Users/khensanichabalala/DSFSI/MultilingualASR/MultilingualASR/experiments/sepedi-asr-eda/dataset/nchlt_nso/audio/501/nchlt_nso_501f_0103.wav,nchlt_nso_501f_0103,
/Users/khensanichabalala/DSFSI/MultilingualASR/MultilingualASR/experiments/sepedi-asr-eda/dataset/nchlt_nso/audio/501/nchlt_nso_501f_0117.wav,nchlt_nso_501f_0117,
/Users/khensanichabalala/DSFSI/MultilingualASR/MultilingualASR/experiments/sepedi-asr-eda/dataset/nchlt_nso/audio/501/nchlt_nso_501f_0116.wav,nchlt_nso_501f_0116,
/Users/khensanichabalala/DSFSI/MultilingualASR/MultilingualASR/experiments/sepedi-asr-eda/dataset/nchlt_nso/audio/501/nchlt_nso_501f_0102.wav,nchlt_nso_501f_0102,
/Users/khensanichabalala/DSFSI/MultilingualASR/MultilingualASR/experiments/sepedi-asr-eda/dataset/nchlt_nso/audio/501/nchlt_nso_501f_0499.wav,nchlt_nso_501f_0499,
/Users/khensanichabalala/DSFSI/MultilingualASR/MultilingualASR/experiments/sepedi-asr-eda/dataset/nchlt_nso/audio/501/nchlt_nso_501f_0472.wav,nchlt_nso_501f_0472,
/Users/khensanichabalala/DSFSI/MultilingualASR/MultilingualASR/experiments/sepedi-asr-eda/dataset/nchlt_nso/audio/501/nchlt_nso_501f_0314.wav,nchlt_nso_501f_0314,
/Users/khensanichabalala/DSFSI/MultilingualASR/MultilingualASR/experiments/sepedi-asr-eda/dataset/nchlt_nso/audio/501/nchlt_nso_501f_0466.wav,nchlt_nso_501f_0466,
/Users/khensanichabalala/DSFSI/MultilingualASR/MultilingualASR/experiments/sepedi-asr-eda/dataset/nchlt_nso/audio/501/nchlt_nso_501f_0248.wav,nchlt_nso_501f_0248,
/Users/khensanichabalala/DSFSI/MultilingualASR/MultilingualASR/experiments/sepedi-asr-eda/dataset/nchlt_nso/audio/501/nchlt_nso_501f_0274.wav,nchlt_nso_501f_0274,
/Users/khensanichabalala/DSFSI/MultilingualASR/MultilingualASR/experiments/sepedi-asr-eda/dataset/nchlt_nso/audio/501/nchlt_nso_501f_0512.wav,nchlt_nso_501f_0512,
/Users/khensanichabalala/DSFSI/MultilingualASR/MultilingualASR/experiments/sepedi-asr-eda/dataset/nchlt_nso/audio/501/nchlt_nso_501f_0089.wav,nchlt_nso_501f_0089,
/Users/khensanichabalala/DSFSI/MultilingualASR/MultilingualASR/experiments/sepedi-asr-eda/dataset/nchlt_nso/audio/501/nchlt_nso_501f_0062.wav,nchlt_nso_501f_0062,
/Users/khensanichabalala/DSFSI/MultilingualASR/MultilingualASR/experiments/sepedi-asr-eda/dataset/nchlt_nso/audio/501/nchlt_nso_501f_0076.wav,nchlt_nso_501f_0076,
/Users/khensanichabalala/DSFSI/MultilingualASR/MultilingualASR/experiments/sepedi-asr-eda/dataset/nchlt_nso/audio/501/nchlt_nso_501f_0072.wav,nchlt_nso_501f_0072,
/Users/khensanichabalala/DSFSI/MultilingualASR/MultilingualASR/experiments/sepedi-asr-eda/dataset/nchlt_nso/audio/501/nchlt_nso_501f_0066.wav,nchlt_nso_501f_0066,
/Users/khensanichabalala/DSFSI/MultilingualASR/MultilingualASR/experiments/sepedi-asr-eda/dataset/nchlt_nso/audio/501/nchlt_nso_501f_0099.wav,nchlt_nso_501f_0099,
/Users/khensanichabalala/DSFSI/MultilingualASR/MultilingualASR/experiments/sepedi-asr-eda/dataset/nchlt_nso/audio/501/nchlt_nso_501f_0516.wav,nchlt_nso_501f_0516,
/Users/khensanichabalala/DSFSI/MultilingualASR/MultilingualASR/experiments/sepedi-asr-eda/dataset/nchlt_nso/audio/501/nchlt_nso_501f_0270.wav,nchlt_nso_501f_0270,
/Users/khensanichabalala/DSFSI/MultilingualASR/MultilingualASR/experiments/sepedi-asr-eda/dataset/nchlt_nso/audio/501/nchlt_nso_501f_0264.wav,nchlt_nso_501f_0264,
/Users/khensanichabalala/DSFSI/MultilingualASR/MultilingualASR/experiments/sepedi-asr-eda/dataset/nchlt_nso/audio/501/nchlt_nso_501f_0502.wav,nchlt_nso_501f_0502,
/Users/khensanichabalala/DSFSI/MultilingualASR/MultilingualASR/experiments/sepedi-asr-eda/dataset/nchlt_nso/audio/501/nchlt_nso_501f_0462.wav,nchlt_nso_501f_0462,
/Users/khensanichabalala/DSFSI/MultilingualASR/MultilingualASR/experiments/sepedi-asr-eda/dataset/nchlt_nso/audio/501/nchlt_nso_501f_0476.wav,nchlt_nso_501f_0476,
/Users/khensanichabalala/DSFSI/MultilingualASR/MultilingualASR/experiments/sepedi-asr-eda/dataset/nchlt_nso/audio/501/nchlt_nso_501f_0489.wav,nchlt_nso_501f_0489,
/Users/khensanichabalala/DSFSI/MultilingualASR/MultilingualASR/experiments/sepedi-asr-eda/dataset/nchlt_nso/audio/501/nchlt_nso_501f_0106.wav,nchlt_nso_501f_0106,
/Users/khensanichabalala/DSFSI/MultilingualASR/MultilingualASR/experiments/sepedi-asr-eda/dataset/nchlt_nso/audio/501/nchlt_nso_501f_0112.wav,nchlt_nso_501f_0112,
/Users/khensanichabalala/DSFSI/MultilingualASR/MultilingualASR/experiments/sepedi-asr-eda/dataset/nchlt_nso/audio/501/nchlt_nso_501f_0113.wav,nchlt_nso_501f_0113,
/Users/khensanichabalala/DSFSI/MultilingualASR/MultilingualASR/experiments/sepedi-asr-eda/dataset/nchlt_nso/audio/501/nchlt_nso_501f_0463.wav,nchlt_nso_501f_0463,
/Users/khensanichabalala/DSFSI/MultilingualASR/MultilingualASR/experiments/sepedi-asr-eda/dataset/nchlt_nso/audio/501/nchlt_nso_501f_0305.wav,nchlt_nso_501f_0305,
/Users/khensanichabalala/DSFSI/MultilingualASR/MultilingualASR/experiments/sepedi-asr-eda/dataset/nchlt_nso/audio/501/nchlt_nso_501f_0265.wav,nchlt_nso_501f_0265,
/Users/khensanichabalala/DSFSI/MultilingualASR/MultilingualASR/experiments/sepedi-asr-eda/dataset/nchlt_nso/audio/501/nchlt_nso_501f_0271.wav,nchlt_nso_501f_0271,
/Users/khensanichabalala/DSFSI/MultilingualASR/MultilingualASR/experiments/sepedi-asr-eda/dataset/nchlt_nso/audio/501/nchlt_nso_501f_0259.wav,nchlt_nso_501f_0259,
/Users/khensanichabalala/DSFSI/MultilingualASR/MultilingualASR/experiments/sepedi-asr-eda/dataset/nchlt_nso/audio/501/nchlt_nso_501f_0067.wav,nchlt_nso_501f_0067,
/Users/khensanichabalala/DSFSI/MultilingualASR/MultilingualASR/experiments/sepedi-asr-eda/dataset/nchlt_nso/audio/501/nchlt_nso_501f_0073.wav,nchlt_nso_501f_0073,
/Users/khensanichabalala/DSFSI/MultilingualASR/MultilingualASR/experiments/sepedi-asr-eda/dataset/nchlt_nso/audio/501/nchlt_nso_501f_0059.wav,nchlt_nso_501f_0059,
/Users/khensanichabalala/DSFSI/MultilingualASR/MultilingualASR/experiments/sepedi-asr-eda/dataset/nchlt_nso/audio/501/nchlt_nso_501f_0071.wav,nchlt_nso_501f_0071,
/Users/khensanichabalala/DSFSI/MultilingualASR/MultilingualASR/experiments/sepedi-asr-eda/dataset/nchlt_nso/audio/501/nchlt_nso_501f_0501.wav,nchlt_nso_501f_0501,
/Users/khensanichabalala/DSFSI/MultilingualASR/MultilingualASR/experiments/sepedi-asr-eda/dataset/nchlt_nso/audio/501/nchlt_nso_501f_0298.wav,nchlt_nso_501f_0298,
/Users/khensanichabalala/DSFSI/MultilingualASR/MultilingualASR/experiments/sepedi-asr-eda/dataset/nchlt_nso/audio/501/nchlt_nso_501f_0449.wav,nchlt_nso_501f_0449,
/Users/khensanichabalala/DSFSI/MultilingualASR/MultilingualASR/experiments/sepedi-asr-eda/dataset/nchlt_nso/audio/501/nchlt_nso_501f_0475.wav,nchlt_nso_501f_0475,
/Users/khensanichabalala/DSFSI/MultilingualASR/MultilingualASR/experiments/sepedi-asr-eda/dataset/nchlt_nso/audio/501/nchlt_nso_501f_0313.wav,nchlt_nso_501f_0313,
/Users/khensanichabalala/DSFSI/MultilingualASR/MultilingualASR/experiments/sepedi-asr-eda/dataset/nchlt_nso/audio/501/nchlt_nso_501f_0139.wav,nchlt_nso_501f_0139,
/Users/khensanichabalala/DSFSI/MultilingualASR/MultilingualASR/experiments/sepedi-asr-eda/dataset/nchlt_nso/audio/501/nchlt_nso_501f_0111.wav,nchlt_nso_501f_0111,
/Users/khensanichabalala/DSFSI/MultilingualASR/MultilingualASR/experiments/sepedi-asr-eda/dataset/nchlt_nso/audio/501/nchlt_nso_501f_0105.wav,nchlt_nso_501f_0105,
/Users/khensanichabalala/DSFSI/MultilingualASR/MultilingualASR/experiments/sepedi-asr-eda/dataset/nchlt_nso/audio/501/nchlt_nso_501f_0104.wav,nchlt_nso_501f_0104,
/Users/khensanichabalala/DSFSI/MultilingualASR/MultilingualASR/experiments/sepedi-asr-eda/dataset/nchlt_nso/audio/501/nchlt_nso_501f_0110.wav,nchlt_nso_501f_0110,
/Users/khensanichabalala/DSFSI/MultilingualASR/MultilingualASR/experiments/sepedi-asr-eda/dataset/nchlt_nso/audio/501/nchlt_nso_501f_0306.wav,nchlt_nso_501f_0306,
/Users/khensanichabalala/DSFSI/MultilingualASR/MultilingualASR/experiments/sepedi-asr-eda/dataset/nchlt_nso/audio/501/nchlt_nso_501f_0474.wav,nchlt_nso_501f_0474,
/Users/khensanichabalala/DSFSI/MultilingualASR/MultilingualASR/experiments/sepedi-asr-eda/dataset/nchlt_nso/audio/501/nchlt_nso_501f_0312.wav,nchlt_nso_501f_0312,
/Users/khensanichabalala/DSFSI/MultilingualASR/MultilingualASR/experiments/sepedi-asr-eda/dataset/nchlt_nso/audio/501/nchlt_nso_501f_0448.wav,nchlt_nso_501f_0448,
/Users/khensanichabalala/DSFSI/MultilingualASR/MultilingualASR/experiments/sepedi-asr-eda/dataset/nchlt_nso/audio/501/nchlt_nso_501f_0299.wav,nchlt_nso_501f_0299,
/Users/khensanichabalala/DSFSI/MultilingualASR/MultilingualASR/experiments/sepedi-asr-eda/dataset/nchlt_nso/audio/501/nchlt_nso_501f_0514.wav,nchlt_nso_501f_0514,
/Users/khensanichabalala/DSFSI/MultilingualASR/MultilingualASR/experiments/sepedi-asr-eda/dataset/nchlt_nso/audio/501/nchlt_nso_501f_0266.wav,nchlt_nso_501f_0266,
/Users/khensanichabalala/DSFSI/MultilingualASR/MultilingualASR/experiments/sepedi-asr-eda/dataset/nchlt_nso/audio/501/nchlt_nso_501f_0070.wav,nchlt_nso_501f_0070,
/Users/khensanichabalala/DSFSI/MultilingualASR/MultilingualASR/experiments/sepedi-asr-eda/dataset/nchlt_nso/audio/501/nchlt_nso_501f_0058.wav,nchlt_nso_501f_0058,
/Users/khensanichabalala/DSFSI/MultilingualASR/MultilingualASR/experiments/sepedi-asr-eda/dataset/nchlt_nso/audio/500/nchlt_nso_500f_0368.wav,nchlt_nso_500f_0368,
/Users/khensanichabalala/DSFSI/MultilingualASR/MultilingualASR/experiments/sepedi-asr-eda/dataset/nchlt_nso/audio/500/nchlt_nso_500f_0354.wav,nchlt_nso_500f_0354,
/Users/khensanichabalala/DSFSI/MultilingualASR/MultilingualASR/experiments/sepedi-asr-eda/dataset/nchlt_nso/audio/500/nchlt_nso_500f_0383.wav,nchlt_nso_500f_0383,
/Users/khensanichabalala/DSFSI/MultilingualASR/MultilingualASR/experiments/sepedi-asr-eda/dataset/nchlt_nso/audio/500/nchlt_nso_500f_0156.wav,nchlt_nso_500f_0156,
/Users/khensanichabalala/DSFSI/MultilingualASR/MultilingualASR/experiments/sepedi-asr-eda/dataset/nchlt_nso/audio/500/nchlt_nso_500f_0195.wav,nchlt_nso_500f_0195,
/Users/khensanichabalala/DSFSI/MultilingualASR/MultilingualASR/experiments/sepedi-asr-eda/dataset/nchlt_nso/audio/500/nchlt_nso_500f_0181.wav,nchlt_nso_500f_0181,
/Users/khensanichabalala/DSFSI/MultilingualASR/MultilingualASR/experiments/sepedi-asr-eda/dataset/nchlt_nso/audio/500/nchlt_nso_500f_0022.wav,nchlt_nso_500f_0022,
/Users/khensanichabalala/DSFSI/MultilingualASR/MultilingualASR/experiments/sepedi-asr-eda/dataset/nchlt_nso/audio/500/nchlt_nso_500f_0036.wav,nchlt_nso_500f_0036,
/Users/khensanichabalala/DSFSI/MultilingualASR/MultilingualASR/experiments/sepedi-asr-eda/dataset/nchlt_nso/audio/500/nchlt_nso_500f_0235.wav,nchlt_nso_500f_0235,
/Users/khensanichabalala/DSFSI/MultilingualASR/MultilingualASR/experiments/sepedi-asr-eda/dataset/nchlt_nso/audio/500/nchlt_nso_500f_0221.wav,nchlt_nso_500f_0221,
/Users/khensanichabalala/DSFSI/MultilingualASR/MultilingualASR/experiments/sepedi-asr-eda/dataset/nchlt_nso/audio/500/nchlt_nso_500f_0037.wav,nchlt_nso_500f_0037,
/Users/khensanichabalala/DSFSI/MultilingualASR/MultilingualASR/experiments/sepedi-asr-eda/dataset/nchlt_nso/audio/500/nchlt_nso_500f_0023.wav,nchlt_nso_500f_0023,
/Users/khensanichabalala/DSFSI/MultilingualASR/MultilingualASR/experiments/sepedi-asr-eda/dataset/nchlt_nso/audio/500/nchlt_nso_500f_0180.wav,nchlt_nso_500f_0180,
/Users/khensanichabalala/DSFSI/MultilingualASR/MultilingualASR/experiments/sepedi-asr-eda/dataset/nchlt_nso/audio/500/nchlt_nso_500f_0143.wav,nchlt_nso_500f_0143,
/Users/khensanichabalala/DSFSI/MultilingualASR/MultilingualASR/experiments/sepedi-asr-eda/dataset/nchlt_nso/audio/500/nchlt_nso_500f_0157.wav,nchlt_nso_500f_0157,
/Users/khensanichabalala/DSFSI/MultilingualASR/MultilingualASR/experiments/sepedi-asr-eda/dataset/nchlt_nso/audio/500/nchlt_nso_500f_0382.wav,nchlt_nso_500f_0382,
/Users/khensanichabalala/DSFSI/MultilingualASR/MultilingualASR/experiments/sepedi-asr-eda/dataset/nchlt_nso/audio/500/nchlt_nso_500f_0396.wav,nchlt_nso_500f_0396,
/Users/khensanichabalala/DSFSI/MultilingualASR/MultilingualASR/experiments/sepedi-asr-eda/dataset/nchlt_nso/audio/500/nchlt_nso_500f_0341.wav,nchlt_nso_500f_0341,
/Users/khensanichabalala/DSFSI/MultilingualASR/MultilingualASR/experiments/sepedi-asr-eda/dataset/nchlt_nso/audio/500/nchlt_nso_500f_0427.wav,nchlt_nso_500f_0427,
/Users/khensanichabalala/DSFSI/MultilingualASR/MultilingualASR/experiments/sepedi-asr-eda/dataset/nchlt_nso/audio/500/nchlt_nso_500f_0433.wav,nchlt_nso_500f_0433,
/Users/khensanichabalala/DSFSI/MultilingualASR/MultilingualASR/experiments/sepedi-asr-eda/dataset/nchlt_nso/audio/500/nchlt_nso_500f_0355.wav,nchlt_nso_500f_0355,
/Users/khensanichabalala/DSFSI/MultilingualASR/MultilingualASR/experiments/sepedi-asr-eda/dataset/nchlt_nso/audio/500/nchlt_nso_500f_0369.wav,nchlt_nso_500f_0369,
/Users/khensanichabalala/DSFSI/MultilingualASR/MultilingualASR/experiments/sepedi-asr-eda/dataset/nchlt_nso/audio/500/nchlt_nso_500f_0419.wav,nchlt_nso_500f_0419,
/Users/khensanichabalala/DSFSI/MultilingualASR/MultilingualASR/experiments/sepedi-asr-eda/dataset/nchlt_nso/audio/500/nchlt_nso_500f_0425.wav,nchlt_nso_500f_0425,
/Users/khensanichabalala/DSFSI/MultilingualASR/MultilingualASR/experiments/sepedi-asr-eda/dataset/nchlt_nso/audio/500/nchlt_nso_500f_0343.wav,nchlt_nso_500f_0343,
/Users/khensanichabalala/DSFSI/MultilingualASR/MultilingualASR/experiments/sepedi-asr-eda/dataset/nchlt_nso/audio/500/nchlt_nso_500f_0357.wav,nchlt_nso_500f_0357,
/Users/khensanichabalala/DSFSI/MultilingualASR/MultilingualASR/experiments/sepedi-asr-eda/dataset/nchlt_nso/audio/500/nchlt_nso_500f_0380.wav,nchlt_nso_500f_0380,
/Users/khensanichabalala/DSFSI/MultilingualASR/MultilingualASR/experiments/sepedi-asr-eda/dataset/nchlt_nso/audio/500/nchlt_nso_500f_0394.wav,nchlt_nso_500f_0394,
/Users/khensanichabalala/DSFSI/MultilingualASR/MultilingualASR/experiments/sepedi-asr-eda/dataset/nchlt_nso/audio/500/nchlt_nso_500f_0169.wav,nchlt_nso_500f_0169,
/Users/khensanichabalala/DSFSI/MultilingualASR/MultilingualASR/experiments/sepedi-asr-eda/dataset/nchlt_nso/audio/500/nchlt_nso_500f_0141.wav,nchlt_nso_500f_0141,
/Users/khensanichabalala/DSFSI/MultilingualASR/MultilingualASR/experiments/sepedi-asr-eda/dataset/nchlt_nso/audio/500/nchlt_nso_500f_0155.wav,nchlt_nso_500f_0155,
/Users/khensanichabalala/DSFSI/MultilingualASR/MultilingualASR/experiments/sepedi-asr-eda/dataset/nchlt_nso/audio/500/nchlt_nso_500f_0182.wav,nchlt_nso_500f_0182,
/Users/khensanichabalala/DSFSI/MultilingualASR/MultilingualASR/experiments/sepedi-asr-eda/dataset/nchlt_nso/audio/500/nchlt_nso_500f_0196.wav,nchlt_nso_500f_0196,
/Users/khensanichabalala/DSFSI/MultilingualASR/MultilingualASR/experiments/sepedi-asr-eda/dataset/nchlt_nso/audio/500/nchlt_nso_500f_0035.wav,nchlt_nso_500f_0035,
/Users/khensanichabalala/DSFSI/MultilingualASR/MultilingualASR/experiments/sepedi-asr-eda/dataset/nchlt_nso/audio/500/nchlt_nso_500f_0021.wav,nchlt_nso_500f_0021,
/Users/khensanichabalala/DSFSI/MultilingualASR/MultilingualASR/experiments/sepedi-asr-eda/dataset/nchlt_nso/audio/500/nchlt_nso_500f_0237.wav,nchlt_nso_500f_0237,
/Users/khensanichabalala/DSFSI/MultilingualASR/MultilingualASR/experiments/sepedi-asr-eda/dataset/nchlt_nso/audio/500/nchlt_nso_500f_0222.wav,nchlt_nso_500f_0222,
/Users/khensanichabalala/DSFSI/MultilingualASR/MultilingualASR/experiments/sepedi-asr-eda/dataset/nchlt_nso/audio/500/nchlt_nso_500f_0236.wav,nchlt_nso_500f_0236,
/Users/khensanichabalala/DSFSI/MultilingualASR/MultilingualASR/experiments/sepedi-asr-eda/dataset/nchlt_nso/audio/500/nchlt_nso_500f_0034.wav,nchlt_nso_500f_0034,
/Users/khensanichabalala/DSFSI/MultilingualASR/MultilingualASR/experiments/sepedi-asr-eda/dataset/nchlt_nso/audio/500/nchlt_nso_500f_0008.wav,nchlt_nso_500f_0008,
/Users/khensanichabalala/DSFSI/MultilingualASR/MultilingualASR/experiments/sepedi-asr-eda/dataset/nchlt_nso/audio/500/nchlt_nso_500f_0197.wav,nchlt_nso_500f_0197,
/Users/khensanichabalala/DSFSI/MultilingualASR/MultilingualASR/experiments/sepedi-asr-eda/dataset/nchlt_nso/audio/500/nchlt_nso_500f_0183.wav,nchlt_nso_500f_0183,
/Users/khensanichabalala/DSFSI/MultilingualASR/MultilingualASR/experiments/sepedi-asr-eda/dataset/nchlt_nso/audio/500/nchlt_nso_500f_0154.wav,nchlt_nso_500f_0154,
/Users/khensanichabalala/DSFSI/MultilingualASR/MultilingualASR/experiments/sepedi-asr-eda/dataset/nchlt_nso/audio/500/nchlt_nso_500f_0140.wav,nchlt_nso_500f_0140,
/Users/khensanichabalala/DSFSI/MultilingualASR/MultilingualASR/experiments/sepedi-asr-eda/dataset/nchlt_nso/audio/500/nchlt_nso_500f_0168.wav,nchlt_nso_500f_0168,
/Users/khensanichabalala/DSFSI/MultilingualASR/MultilingualASR/experiments/sepedi-asr-eda/dataset/nchlt_nso/audio/500/nchlt_nso_500f_0381.wav,nchlt_nso_500f_0381,
/Users/khensanichabalala/DSFSI/MultilingualASR/MultilingualASR/experiments/sepedi-asr-eda/dataset/nchlt_nso/audio/500/nchlt_nso_500f_0430.wav,nchlt_nso_500f_0430,
/Users/khensanichabalala/DSFSI/MultilingualASR/MultilingualASR/experiments/sepedi-asr-eda/dataset/nchlt_nso/audio/500/nchlt_nso_500f_0424.wav,nchlt_nso_500f_0424,
/Users/khensanichabalala/DSFSI/MultilingualASR/MultilingualASR/experiments/sepedi-asr-eda/dataset/nchlt_nso/audio/500/nchlt_nso_500f_0342.wav,nchlt_nso_500f_0342,
/Users/khensanichabalala/DSFSI/MultilingualASR/MultilingualASR/experiments/sepedi-asr-eda/dataset/nchlt_nso/audio/500/nchlt_nso_500f_0346.wav,nchlt_nso_500f_0346,
/Users/khensanichabalala/DSFSI/MultilingualASR/MultilingualASR/experiments/sepedi-asr-eda/dataset/nchlt_nso/audio/500/nchlt_nso_500f_0420.wav,nchlt_nso_500f_0420,
/Users/khensanichabalala/DSFSI/MultilingualASR/MultilingualASR/experiments/sepedi-asr-eda/dataset/nchlt_nso/audio/500/nchlt_nso_500f_0434.wav,nchlt_nso_500f_0434,
/Users/khensanichabalala/DSFSI/MultilingualASR/MultilingualASR/experiments/sepedi-asr-eda/dataset/nchlt_nso/audio/500/nchlt_nso_500f_0352.wav,nchlt_nso_500f_0352,
/Users/khensanichabalala/DSFSI/MultilingualASR/MultilingualASR/experiments/sepedi-asr-eda/dataset/nchlt_nso/audio/500/nchlt_nso_500f_0408.wav,nchlt_nso_500f_0408,
/Users/khensanichabalala/DSFSI/MultilingualASR/MultilingualASR/experiments/sepedi-asr-eda/dataset/nchlt_nso/audio/500/nchlt_nso_500f_0385.wav,nchlt_nso_500f_0385,
/Users/khensanichabalala/DSFSI/MultilingualASR/MultilingualASR/experiments/sepedi-asr-eda/dataset/nchlt_nso/audio/500/nchlt_nso_500f_0144.wav,nchlt_nso_500f_0144,
/Users/khensanichabalala/DSFSI/MultilingualASR/MultilingualASR/experiments/sepedi-asr-eda/dataset/nchlt_nso/audio/500/nchlt_nso_500f_0150.wav,nchlt_nso_500f_0150,
/Users/khensanichabalala/DSFSI/MultilingualASR/MultilingualASR/experiments/sepedi-asr-eda/dataset/nchlt_nso/audio/500/nchlt_nso_500f_0178.wav,nchlt_nso_500f_0178,
/Users/khensanichabalala/DSFSI/MultilingualASR/MultilingualASR/experiments/sepedi-asr-eda/dataset/nchlt_nso/audio/500/nchlt_nso_500f_0187.wav,nchlt_nso_500f_0187,
/Users/khensanichabalala/DSFSI/MultilingualASR/MultilingualASR/experiments/sepedi-asr-eda/dataset/nchlt_nso/audio/500/nchlt_nso_500f_0193.wav,nchlt_nso_500f_0193,
/Users/khensanichabalala/DSFSI/MultilingualASR/MultilingualASR/experiments/sepedi-asr-eda/dataset/nchlt_nso/audio/500/nchlt_nso_500f_0030.wav,nchlt_nso_500f_0030,
/Users/khensanichabalala/DSFSI/MultilingualASR/MultilingualASR/experiments/sepedi-asr-eda/dataset/nchlt_nso/audio/500/nchlt_nso_500f_0024.wav,nchlt_nso_500f_0024,
/Users/khensanichabalala/DSFSI/MultilingualASR/MultilingualASR/experiments/sepedi-asr-eda/dataset/nchlt_nso/audio/500/nchlt_nso_500f_0018.wav,nchlt_nso_500f_0018,
/Users/khensanichabalala/DSFSI/MultilingualASR/MultilingualASR/experiments/sepedi-asr-eda/dataset/nchlt_nso/audio/500/nchlt_nso_500f_0232.wav,nchlt_nso_500f_0232,
/Users/khensanichabalala/DSFSI/MultilingualASR/MultilingualASR/experiments/sepedi-asr-eda/dataset/nchlt_nso/audio/500/nchlt_nso_500f_0233.wav,nchlt_nso_500f_0233,
/Users/khensanichabalala/DSFSI/MultilingualASR/MultilingualASR/experiments/sepedi-asr-eda/dataset/nchlt_nso/audio/500/nchlt_nso_500f_0019.wav,nchlt_nso_500f_0019,
/Users/khensanichabalala/DSFSI/MultilingualASR/MultilingualASR/experiments/sepedi-asr-eda/dataset/nchlt_nso/audio/500/nchlt_nso_500f_0025.wav,nchlt_nso_500f_0025,
/Users/khensanichabalala/DSFSI/MultilingualASR/MultilingualASR/experiments/sepedi-asr-eda/dataset/nchlt_nso/audio/500/nchlt_nso_500f_0031.wav,nchlt_nso_500f_0031,
/Users/khensanichabalala/DSFSI/MultilingualASR/MultilingualASR/experiments/sepedi-asr-eda/dataset/nchlt_nso/audio/500/nchlt_nso_500f_0192.wav,nchlt_nso_500f_0192,
/Users/khensanichabalala/DSFSI/MultilingualASR/MultilingualASR/experiments/sepedi-asr-eda/dataset/nchlt_nso/audio/500/nchlt_nso_500f_0186.wav,nchlt_nso_500f_0186,
/Users/khensanichabalala/DSFSI/MultilingualASR/MultilingualASR/experiments/sepedi-asr-eda/dataset/nchlt_nso/audio/500/nchlt_nso_500f_0179.wav,nchlt_nso_500f_0179,
/Users/khensanichabalala/DSFSI/MultilingualASR/MultilingualASR/experiments/sepedi-asr-eda/dataset/nchlt_nso/audio/500/nchlt_nso_500f_0151.wav,nchlt_nso_500f_0151,
/Users/khensanichabalala/DSFSI/MultilingualASR/MultilingualASR/experiments/sepedi-asr-eda/dataset/nchlt_nso/audio/500/nchlt_nso_500f_0145.wav,nchlt_nso_500f_0145,
/Users/khensanichabalala/DSFSI/MultilingualASR/MultilingualASR/experiments/sepedi-asr-eda/dataset/nchlt_nso/audio/500/nchlt_nso_500f_0390.wav,nchlt_nso_500f_0390,
/Users/khensanichabalala/DSFSI/MultilingualASR/MultilingualASR/experiments/sepedi-asr-eda/dataset/nchlt_nso/audio/500/nchlt_nso_500f_0384.wav,nchlt_nso_500f_0384,
/Users/khensanichabalala/DSFSI/MultilingualASR/MultilingualASR/experiments/sepedi-asr-eda/dataset/nchlt_nso/audio/500/nchlt_nso_500f_0409.wav,nchlt_nso_500f_0409,
/Users/khensanichabalala/DSFSI/MultilingualASR/MultilingualASR/experiments/sepedi-asr-eda/dataset/nchlt_nso/audio/500/nchlt_nso_500f_0435.wav,nchlt_nso_500f_0435,
/Users/khensanichabalala/DSFSI/MultilingualASR/MultilingualASR/experiments/sepedi-asr-eda/dataset/nchlt_nso/audio/500/nchlt_nso_500f_0347.wav,nchlt_nso_500f_0347,
/Users/khensanichabalala/DSFSI/MultilingualASR/MultilingualASR/experiments/sepedi-asr-eda/dataset/nchlt_nso/audio/500/nchlt_nso_500f_0421.wav,nchlt_nso_500f_0421,
/Users/khensanichabalala/DSFSI/MultilingualASR/MultilingualASR/experiments/sepedi-asr-eda/dataset/nchlt_nso/audio/500/nchlt_nso_500f_0351.wav,nchlt_nso_500f_0351,
/Users/khensanichabalala/DSFSI/MultilingualASR/MultilingualASR/experiments/sepedi-asr-eda/dataset/nchlt_nso/audio/500/nchlt_nso_500f_0423.wav,nchlt_nso_500f_0423,
/Users/khensanichabalala/DSFSI/MultilingualASR/MultilingualASR/experiments/sepedi-asr-eda/dataset/nchlt_nso/audio/500/nchlt_nso_500f_0392.wav,nchlt_nso_500f_0392,
/Users/khensanichabalala/DSFSI/MultilingualASR/MultilingualASR/experiments/sepedi-asr-eda/dataset/nchlt_nso/audio/500/nchlt_nso_500f_0386.wav,nchlt_nso_500f_0386,
/Users/khensanichabalala/DSFSI/MultilingualASR/MultilingualASR/experiments/sepedi-asr-eda/dataset/nchlt_nso/audio/500/nchlt_nso_500f_0153.wav,nchlt_nso_500f_0153,
/Users/khensanichabalala/DSFSI/MultilingualASR/MultilingualASR/experiments/sepedi-asr-eda/dataset/nchlt_nso/audio/500/nchlt_nso_500f_0147.wav,nchlt_nso_500f_0147,
/Users/khensanichabalala/DSFSI/MultilingualASR/MultilingualASR/experiments/sepedi-asr-eda/dataset/nchlt_nso/audio/500/nchlt_nso_500f_0184.wav,nchlt_nso_500f_0184,
/Users/khensanichabalala/DSFSI/MultilingualASR/MultilingualASR/experiments/sepedi-asr-eda/dataset/nchlt_nso/audio/500/nchlt_nso_500f_0027.wav,nchlt_nso_500f_0027,
/Users/khensanichabalala/DSFSI/MultilingualASR/MultilingualASR/experiments/sepedi-asr-eda/dataset/nchlt_nso/audio/500/nchlt_nso_500f_0033.wav,nchlt_nso_500f_0033,
/Users/khensanichabalala/DSFSI/MultilingualASR/MultilingualASR/experiments/sepedi-asr-eda/dataset/nchlt_nso/audio/500/nchlt_nso_500f_0231.wav,nchlt_nso_500f_0231,
/Users/khensanichabalala/DSFSI/MultilingualASR/MultilingualASR/experiments/sepedi-asr-eda/dataset/nchlt_nso/audio/500/nchlt_nso_500f_0219.wav,nchlt_nso_500f_0219,
/Users/khensanichabalala/DSFSI/MultilingualASR/MultilingualASR/experiments/sepedi-asr-eda/dataset/nchlt_nso/audio/500/nchlt_nso_500f_0218.wav,nchlt_nso_500f_0218,
/Users/khensanichabalala/DSFSI/MultilingualASR/MultilingualASR/experiments/sepedi-asr-eda/dataset/nchlt_nso/audio/500/nchlt_nso_500f_0230.wav,nchlt_nso_500f_0230,
/Users/khensanichabalala/DSFSI/MultilingualASR/MultilingualASR/experiments/sepedi-asr-eda/dataset/nchlt_nso/audio/500/nchlt_nso_500f_0032.wav,nchlt_nso_500f_0032,
/Users/khensanichabalala/DSFSI/MultilingualASR/MultilingualASR/experiments/sepedi-asr-eda/dataset/nchlt_nso/audio/500/nchlt_nso_500f_0026.wav,nchlt_nso_500f_0026,
/Users/khensanichabalala/DSFSI/MultilingualASR/MultilingualASR/experiments/sepedi-asr-eda/dataset/nchlt_nso/audio/500/nchlt_nso_500f_0185.wav,nchlt_nso_500f_0185,
/Users/khensanichabalala/DSFSI/MultilingualASR/MultilingualASR/experiments/sepedi-asr-eda/dataset/nchlt_nso/audio/500/nchlt_nso_500f_0191.wav,nchlt_nso_500f_0191,
/Users/khensanichabalala/DSFSI/MultilingualASR/MultilingualASR/experiments/sepedi-asr-eda/dataset/nchlt_nso/audio/500/nchlt_nso_500f_0152.wav,nchlt_nso_500f_0152,
/Users/khensanichabalala/DSFSI/MultilingualASR/MultilingualASR/experiments/sepedi-asr-eda/dataset/nchlt_nso/audio/500/nchlt_nso_500f_0387.wav,nchlt_nso_500f_0387,
/Users/khensanichabalala/DSFSI/MultilingualASR/MultilingualASR/experiments/sepedi-asr-eda/dataset/nchlt_nso/audio/500/nchlt_nso_500f_0393.wav,nchlt_nso_500f_0393,
/Users/khensanichabalala/DSFSI/MultilingualASR/MultilingualASR/experiments/sepedi-asr-eda/dataset/nchlt_nso/audio/500/nchlt_nso_500f_0378.wav,nchlt_nso_500f_0378,
/Users/khensanichabalala/DSFSI/MultilingualASR/MultilingualASR/experiments/sepedi-asr-eda/dataset/nchlt_nso/audio/500/nchlt_nso_500f_0422.wav,nchlt_nso_500f_0422,
/Users/khensanichabalala/DSFSI/MultilingualASR/MultilingualASR/experiments/sepedi-asr-eda/dataset/nchlt_nso/audio/500/nchlt_nso_500f_0479.wav,nchlt_nso_500f_0479,
/Users/khensanichabalala/DSFSI/MultilingualASR/MultilingualASR/experiments/sepedi-asr-eda/dataset/nchlt_nso/audio/500/nchlt_nso_500f_0323.wav,nchlt_nso_500f_0323,
/Users/khensanichabalala/DSFSI/MultilingualASR/MultilingualASR/experiments/sepedi-asr-eda/dataset/nchlt_nso/audio/500/nchlt_nso_500f_0486.wav,nchlt_nso_500f_0486,
/Users/khensanichabalala/DSFSI/MultilingualASR/MultilingualASR/experiments/sepedi-asr-eda/dataset/nchlt_nso/audio/500/nchlt_nso_500f_0109.wav,nchlt_nso_500f_0109,
/Users/khensanichabalala/DSFSI/MultilingualASR/MultilingualASR/experiments/sepedi-asr-eda/dataset/nchlt_nso/audio/500/nchlt_nso_500f_0135.wav,nchlt_nso_500f_0135,
/Users/khensanichabalala/DSFSI/MultilingualASR/MultilingualASR/experiments/sepedi-asr-eda/dataset/nchlt_nso/audio/500/nchlt_nso_500f_0121.wav,nchlt_nso_500f_0121,
/Users/khensanichabalala/DSFSI/MultilingualASR/MultilingualASR/experiments/sepedi-asr-eda/dataset/nchlt_nso/audio/500/nchlt_nso_500f_0096.wav,nchlt_nso_500f_0096,
/Users/khensanichabalala/DSFSI/MultilingualASR/MultilingualASR/experiments/sepedi-asr-eda/dataset/nchlt_nso/audio/500/nchlt_nso_500f_0243.wav,nchlt_nso_500f_0243,
/Users/khensanichabalala/DSFSI/MultilingualASR/MultilingualASR/experiments/sepedi-asr-eda/dataset/nchlt_nso/audio/500/nchlt_nso_500f_0280.wav,nchlt_nso_500f_0280,
/Users/khensanichabalala/DSFSI/MultilingualASR/MultilingualASR/experiments/sepedi-asr-eda/dataset/nchlt_nso/audio/500/nchlt_nso_500f_0294.wav,nchlt_nso_500f_0294,
/Users/khensanichabalala/DSFSI/MultilingualASR/MultilingualASR/experiments/sepedi-asr-eda/dataset/nchlt_nso/audio/500/nchlt_nso_500f_0295.wav,nchlt_nso_500f_0295,
/Users/khensanichabalala/DSFSI/MultilingualASR/MultilingualASR/experiments/sepedi-asr-eda/dataset/nchlt_nso/audio/500/nchlt_nso_500f_0256.wav,nchlt_nso_500f_0256,
/Users/khensanichabalala/DSFSI/MultilingualASR/MultilingualASR/experiments/sepedi-asr-eda/dataset/nchlt_nso/audio/500/nchlt_nso_500f_0242.wav,nchlt_nso_500f_0242,
/Users/khensanichabalala/DSFSI/MultilingualASR/MultilingualASR/experiments/sepedi-asr-eda/dataset/nchlt_nso/audio/500/nchlt_nso_500f_0097.wav,nchlt_nso_500f_0097,
/Users/khensanichabalala/DSFSI/MultilingualASR/MultilingualASR/experiments/sepedi-asr-eda/dataset/nchlt_nso/audio/500/nchlt_nso_500f_0083.wav,nchlt_nso_500f_0083,
/Users/khensanichabalala/DSFSI/MultilingualASR/MultilingualASR/experiments/sepedi-asr-eda/dataset/nchlt_nso/audio/500/nchlt_nso_500f_0054.wav,nchlt_nso_500f_0054,
/Users/khensanichabalala/DSFSI/MultilingualASR/MultilingualASR/experiments/sepedi-asr-eda/dataset/nchlt_nso/audio/500/nchlt_nso_500f_0040.wav,nchlt_nso_500f_0040,
/Users/khensanichabalala/DSFSI/MultilingualASR/MultilingualASR/experiments/sepedi-asr-eda/dataset/nchlt_nso/audio/500/nchlt_nso_500f_0068.wav,nchlt_nso_500f_0068,
/Users/khensanichabalala/DSFSI/MultilingualASR/MultilingualASR/experiments/sepedi-asr-eda/dataset/nchlt_nso/audio/500/nchlt_nso_500f_0120.wav,nchlt_nso_500f_0120,
/Users/khensanichabalala/DSFSI/MultilingualASR/MultilingualASR/experiments/sepedi-asr-eda/dataset/nchlt_nso/audio/500/nchlt_nso_500f_0108.wav,nchlt_nso_500f_0108,
/Users/khensanichabalala/DSFSI/MultilingualASR/MultilingualASR/experiments/sepedi-asr-eda/dataset/nchlt_nso/audio/500/nchlt_nso_500f_0336.wav,nchlt_nso_500f_0336,
/Users/khensanichabalala/DSFSI/MultilingualASR/MultilingualASR/experiments/sepedi-asr-eda/dataset/nchlt_nso/audio/500/nchlt_nso_500f_0450.wav,nchlt_nso_500f_0450,
/Users/khensanichabalala/DSFSI/MultilingualASR/MultilingualASR/experiments/sepedi-asr-eda/dataset/nchlt_nso/audio/500/nchlt_nso_500f_0320.wav,nchlt_nso_500f_0320,
/Users/khensanichabalala/DSFSI/MultilingualASR/MultilingualASR/experiments/sepedi-asr-eda/dataset/nchlt_nso/audio/500/nchlt_nso_500f_0334.wav,nchlt_nso_500f_0334,
/Users/khensanichabalala/DSFSI/MultilingualASR/MultilingualASR/experiments/sepedi-asr-eda/dataset/nchlt_nso/audio/500/nchlt_nso_500f_0136.wav,nchlt_nso_500f_0136,
/Users/khensanichabalala/DSFSI/MultilingualASR/MultilingualASR/experiments/sepedi-asr-eda/dataset/nchlt_nso/audio/500/nchlt_nso_500f_0042.wav,nchlt_nso_500f_0042,
/Users/khensanichabalala/DSFSI/MultilingualASR/MultilingualASR/experiments/sepedi-asr-eda/dataset/nchlt_nso/audio/500/nchlt_nso_500f_0095.wav,nchlt_nso_500f_0095,
/Users/khensanichabalala/DSFSI/MultilingualASR/MultilingualASR/experiments/sepedi-asr-eda/dataset/nchlt_nso/audio/500/nchlt_nso_500f_0081.wav,nchlt_nso_500f_0081,
/Users/khensanichabalala/DSFSI/MultilingualASR/MultilingualASR/experiments/sepedi-asr-eda/dataset/nchlt_nso/audio/500/nchlt_nso_500f_0268.wav,nchlt_nso_500f_0268,
/Users/khensanichabalala/DSFSI/MultilingualASR/MultilingualASR/experiments/sepedi-asr-eda/dataset/nchlt_nso/audio/500/nchlt_nso_500f_0254.wav,nchlt_nso_500f_0254,
/Users/khensanichabalala/DSFSI/MultilingualASR/MultilingualASR/experiments/sepedi-asr-eda/dataset/nchlt_nso/audio/500/nchlt_nso_500f_0283.wav,nchlt_nso_500f_0283,
/Users/khensanichabalala/DSFSI/MultilingualASR/MultilingualASR/experiments/sepedi-asr-eda/dataset/nchlt_nso/audio/500/nchlt_nso_500f_0282.wav,nchlt_nso_500f_0282,
/Users/khensanichabalala/DSFSI/MultilingualASR/MultilingualASR/experiments/sepedi-asr-eda/dataset/nchlt_nso/audio/500/nchlt_nso_500f_0296.wav,nchlt_nso_500f_0296,
/Users/khensanichabalala/DSFSI/MultilingualASR/MultilingualASR/experiments/sepedi-asr-eda/dataset/nchlt_nso/audio/500/nchlt_nso_500f_0241.wav,nchlt_nso_500f_0241,
/Users/khensanichabalala/DSFSI/MultilingualASR/MultilingualASR/experiments/sepedi-asr-eda/dataset/nchlt_nso/audio/500/nchlt_nso_500f_0269.wav,nchlt_nso_500f_0269,
/Users/khensanichabalala/DSFSI/MultilingualASR/MultilingualASR/experiments/sepedi-asr-eda/dataset/nchlt_nso/audio/500/nchlt_nso_500f_0080.wav,nchlt_nso_500f_0080,
/Users/khensanichabalala/DSFSI/MultilingualASR/MultilingualASR/experiments/sepedi-asr-eda/dataset/nchlt_nso/audio/500/nchlt_nso_500f_0094.wav,nchlt_nso_500f_0094,
/Users/khensanichabalala/DSFSI/MultilingualASR/MultilingualASR/experiments/sepedi-asr-eda/dataset/nchlt_nso/audio/500/nchlt_nso_500f_0043.wav,nchlt_nso_500f_0043,
/Users/khensanichabalala/DSFSI/MultilingualASR/MultilingualASR/experiments/sepedi-asr-eda/dataset/nchlt_nso/audio/500/nchlt_nso_500f_0057.wav,nchlt_nso_500f_0057,
/Users/khensanichabalala/DSFSI/MultilingualASR/MultilingualASR/experiments/sepedi-asr-eda/dataset/nchlt_nso/audio/500/nchlt_nso_500f_0137.wav,nchlt_nso_500f_0137,
/Users/khensanichabalala/DSFSI/MultilingualASR/MultilingualASR/experiments/sepedi-asr-eda/dataset/nchlt_nso/audio/500/nchlt_nso_500f_0484.wav,nchlt_nso_500f_0484,
/Users/khensanichabalala/DSFSI/MultilingualASR/MultilingualASR/experiments/sepedi-asr-eda/dataset/nchlt_nso/audio/500/nchlt_nso_500f_0321.wav,nchlt_nso_500f_0321,
/Users/khensanichabalala/DSFSI/MultilingualASR/MultilingualASR/experiments/sepedi-asr-eda/dataset/nchlt_nso/audio/500/nchlt_nso_500f_0447.wav,nchlt_nso_500f_0447,
/Users/khensanichabalala/DSFSI/MultilingualASR/MultilingualASR/experiments/sepedi-asr-eda/dataset/nchlt_nso/audio/500/nchlt_nso_500f_0325.wav,nchlt_nso_500f_0325,
/Users/khensanichabalala/DSFSI/MultilingualASR/MultilingualASR/experiments/sepedi-asr-eda/dataset/nchlt_nso/audio/500/nchlt_nso_500f_0331.wav,nchlt_nso_500f_0331,
/Users/khensanichabalala/DSFSI/MultilingualASR/MultilingualASR/experiments/sepedi-asr-eda/dataset/nchlt_nso/audio/500/nchlt_nso_500f_0319.wav,nchlt_nso_500f_0319,
/Users/khensanichabalala/DSFSI/MultilingualASR/MultilingualASR/experiments/sepedi-asr-eda/dataset/nchlt_nso/audio/500/nchlt_nso_500f_0480.wav,nchlt_nso_500f_0480,
/Users/khensanichabalala/DSFSI/MultilingualASR/MultilingualASR/experiments/sepedi-asr-eda/dataset/nchlt_nso/audio/500/nchlt_nso_500f_0133.wav,nchlt_nso_500f_0133,
/Users/khensanichabalala/DSFSI/MultilingualASR/MultilingualASR/experiments/sepedi-asr-eda/dataset/nchlt_nso/audio/500/nchlt_nso_500f_0053.wav,nchlt_nso_500f_0053,
/Users/khensanichabalala/DSFSI/MultilingualASR/MultilingualASR/experiments/sepedi-asr-eda/dataset/nchlt_nso/audio/500/nchlt_nso_500f_0047.wav,nchlt_nso_500f_0047,
/Users/khensanichabalala/DSFSI/MultilingualASR/MultilingualASR/experiments/sepedi-asr-eda/dataset/nchlt_nso/audio/500/nchlt_nso_500f_0090.wav,nchlt_nso_500f_0090,
/Users/khensanichabalala/DSFSI/MultilingualASR/MultilingualASR/experiments/sepedi-asr-eda/dataset/nchlt_nso/audio/500/nchlt_nso_500f_0084.wav,nchlt_nso_500f_0084,
/Users/khensanichabalala/DSFSI/MultilingualASR/MultilingualASR/experiments/sepedi-asr-eda/dataset/nchlt_nso/audio/500/nchlt_nso_500f_0251.wav,nchlt_nso_500f_0251,
/Users/khensanichabalala/DSFSI/MultilingualASR/MultilingualASR/experiments/sepedi-asr-eda/dataset/nchlt_nso/audio/500/nchlt_nso_500f_0245.wav,nchlt_nso_500f_0245,
/Users/khensanichabalala/DSFSI/MultilingualASR/MultilingualASR/experiments/sepedi-asr-eda/dataset/nchlt_nso/audio/500/nchlt_nso_500f_0292.wav,nchlt_nso_500f_0292,
/Users/khensanichabalala/DSFSI/MultilingualASR/MultilingualASR/experiments/sepedi-asr-eda/dataset/nchlt_nso/audio/500/nchlt_nso_500f_0286.wav,nchlt_nso_500f_0286,
/Users/khensanichabalala/DSFSI/MultilingualASR/MultilingualASR/experiments/sepedi-asr-eda/dataset/nchlt_nso/audio/500/nchlt_nso_500f_0287.wav,nchlt_nso_500f_0287,
/Users/khensanichabalala/DSFSI/MultilingualASR/MultilingualASR/experiments/sepedi-asr-eda/dataset/nchlt_nso/audio/500/nchlt_nso_500f_0293.wav,nchlt_nso_500f_0293,
/Users/khensanichabalala/DSFSI/MultilingualASR/MultilingualASR/experiments/sepedi-asr-eda/dataset/nchlt_nso/audio/500/nchlt_nso_500f_0244.wav,nchlt_nso_500f_0244,
/Users/khensanichabalala/DSFSI/MultilingualASR/MultilingualASR/experiments/sepedi-asr-eda/dataset/nchlt_nso/audio/500/nchlt_nso_500f_0250.wav,nchlt_nso_500f_0250,
/Users/khensanichabalala/DSFSI/MultilingualASR/MultilingualASR/experiments/sepedi-asr-eda/dataset/nchlt_nso/audio/500/nchlt_nso_500f_0091.wav,nchlt_nso_500f_0091,
/Users/khensanichabalala/DSFSI/MultilingualASR/MultilingualASR/experiments/sepedi-asr-eda/dataset/nchlt_nso/audio/500/nchlt_nso_500f_0046.wav,nchlt_nso_500f_0046,
/Users/khensanichabalala/DSFSI/MultilingualASR/MultilingualASR/experiments/sepedi-asr-eda/dataset/nchlt_nso/audio/500/nchlt_nso_500f_0052.wav,nchlt_nso_500f_0052,
/Users/khensanichabalala/DSFSI/MultilingualASR/MultilingualASR/experiments/sepedi-asr-eda/dataset/nchlt_nso/audio/500/nchlt_nso_500f_0126.wav,nchlt_nso_500f_0126,
/Users/khensanichabalala/DSFSI/MultilingualASR/MultilingualASR/experiments/sepedi-asr-eda/dataset/nchlt_nso/audio/500/nchlt_nso_500f_0481.wav,nchlt_nso_500f_0481,
/Users/khensanichabalala/DSFSI/MultilingualASR/MultilingualASR/experiments/sepedi-asr-eda/dataset/nchlt_nso/audio/500/nchlt_nso_500f_0318.wav,nchlt_nso_500f_0318,
/Users/khensanichabalala/DSFSI/MultilingualASR/MultilingualASR/experiments/sepedi-asr-eda/dataset/nchlt_nso/audio/500/nchlt_nso_500f_0442.wav,nchlt_nso_500f_0442,
/Users/khensanichabalala/DSFSI/MultilingualASR/MultilingualASR/experiments/sepedi-asr-eda/dataset/nchlt_nso/audio/500/nchlt_nso_500f_0324.wav,nchlt_nso_500f_0324,
/Users/khensanichabalala/DSFSI/MultilingualASR/MultilingualASR/experiments/sepedi-asr-eda/dataset/nchlt_nso/audio/500/nchlt_nso_500f_0454.wav,nchlt_nso_500f_0454,
/Users/khensanichabalala/DSFSI/MultilingualASR/MultilingualASR/experiments/sepedi-asr-eda/dataset/nchlt_nso/audio/500/nchlt_nso_500f_0326.wav,nchlt_nso_500f_0326,
/Users/khensanichabalala/DSFSI/MultilingualASR/MultilingualASR/experiments/sepedi-asr-eda/dataset/nchlt_nso/audio/500/nchlt_nso_500f_0130.wav,nchlt_nso_500f_0130,
/Users/khensanichabalala/DSFSI/MultilingualASR/MultilingualASR/experiments/sepedi-asr-eda/dataset/nchlt_nso/audio/500/nchlt_nso_500f_0124.wav,nchlt_nso_500f_0124,
/Users/khensanichabalala/DSFSI/MultilingualASR/MultilingualASR/experiments/sepedi-asr-eda/dataset/nchlt_nso/audio/500/nchlt_nso_500f_0118.wav,nchlt_nso_500f_0118,
/Users/khensanichabalala/DSFSI/MultilingualASR/MultilingualASR/experiments/sepedi-asr-eda/dataset/nchlt_nso/audio/500/nchlt_nso_500f_0050.wav,nchlt_nso_500f_0050,
/Users/khensanichabalala/DSFSI/MultilingualASR/MultilingualASR/experiments/sepedi-asr-eda/dataset/nchlt_nso/audio/500/nchlt_nso_500f_0078.wav,nchlt_nso_500f_0078,
/Users/khensanichabalala/DSFSI/MultilingualASR/MultilingualASR/experiments/sepedi-asr-eda/dataset/nchlt_nso/audio/500/nchlt_nso_500f_0093.wav,nchlt_nso_500f_0093,
/Users/khensanichabalala/DSFSI/MultilingualASR/MultilingualASR/experiments/sepedi-asr-eda/dataset/nchlt_nso/audio/500/nchlt_nso_500f_0252.wav,nchlt_nso_500f_0252,
/Users/khensanichabalala/DSFSI/MultilingualASR/MultilingualASR/experiments/sepedi-asr-eda/dataset/nchlt_nso/audio/500/nchlt_nso_500f_0285.wav,nchlt_nso_500f_0285,
/Users/khensanichabalala/DSFSI/MultilingualASR/MultilingualASR/experiments/sepedi-asr-eda/dataset/nchlt_nso/audio/500/nchlt_nso_500f_0291.wav,nchlt_nso_500f_0291,
/Users/khensanichabalala/DSFSI/MultilingualASR/MultilingualASR/experiments/sepedi-asr-eda/dataset/nchlt_nso/audio/500/nchlt_nso_500f_0290.wav,nchlt_nso_500f_0290,
/Users/khensanichabalala/DSFSI/MultilingualASR/MultilingualASR/experiments/sepedi-asr-eda/dataset/nchlt_nso/audio/500/nchlt_nso_500f_0284.wav,nchlt_nso_500f_0284,
/Users/khensanichabalala/DSFSI/MultilingualASR/MultilingualASR/experiments/sepedi-asr-eda/dataset/nchlt_nso/audio/500/nchlt_nso_500f_0247.wav,nchlt_nso_500f_0247,
/Users/khensanichabalala/DSFSI/MultilingualASR/MultilingualASR/experiments/sepedi-asr-eda/dataset/nchlt_nso/audio/500/nchlt_nso_500f_0086.wav,nchlt_nso_500f_0086,
/Users/khensanichabalala/DSFSI/MultilingualASR/MultilingualASR/experiments/sepedi-asr-eda/dataset/nchlt_nso/audio/500/nchlt_nso_500f_0119.wav,nchlt_nso_500f_0119,
/Users/khensanichabalala/DSFSI/MultilingualASR/MultilingualASR/experiments/sepedi-asr-eda/dataset/nchlt_nso/audio/500/nchlt_nso_500f_0125.wav,nchlt_nso_500f_0125,
/Users/khensanichabalala/DSFSI/MultilingualASR/MultilingualASR/experiments/sepedi-asr-eda/dataset/nchlt_nso/audio/500/nchlt_nso_500f_0131.wav,nchlt_nso_500f_0131,
/Users/khensanichabalala/DSFSI/MultilingualASR/MultilingualASR/experiments/sepedi-asr-eda/dataset/nchlt_nso/audio/500/nchlt_nso_500f_0482.wav,nchlt_nso_500f_0482,
/Users/khensanichabalala/DSFSI/MultilingualASR/MultilingualASR/experiments/sepedi-asr-eda/dataset/nchlt_nso/audio/500/nchlt_nso_500f_0327.wav,nchlt_nso_500f_0327,
/Users/khensanichabalala/DSFSI/MultilingualASR/MultilingualASR/experiments/sepedi-asr-eda/dataset/nchlt_nso/audio/500/nchlt_nso_500f_0441.wav,nchlt_nso_500f_0441,
/Users/khensanichabalala/DSFSI/MultilingualASR/MultilingualASR/experiments/sepedi-asr-eda/dataset/nchlt_nso/audio/500/nchlt_nso_500f_0458.wav,nchlt_nso_500f_0458,
/Users/khensanichabalala/DSFSI/MultilingualASR/MultilingualASR/experiments/sepedi-asr-eda/dataset/nchlt_nso/audio/500/nchlt_nso_500f_0316.wav,nchlt_nso_500f_0316,
/Users/khensanichabalala/DSFSI/MultilingualASR/MultilingualASR/experiments/sepedi-asr-eda/dataset/nchlt_nso/audio/500/nchlt_nso_500f_0470.wav,nchlt_nso_500f_0470,
/Users/khensanichabalala/DSFSI/MultilingualASR/MultilingualASR/experiments/sepedi-asr-eda/dataset/nchlt_nso/audio/500/nchlt_nso_500f_0464.wav,nchlt_nso_500f_0464,
/Users/khensanichabalala/DSFSI/MultilingualASR/MultilingualASR/experiments/sepedi-asr-eda/dataset/nchlt_nso/audio/500/nchlt_nso_500f_0302.wav,nchlt_nso_500f_0302,
/Users/khensanichabalala/DSFSI/MultilingualASR/MultilingualASR/experiments/sepedi-asr-eda/dataset/nchlt_nso/audio/500/nchlt_nso_500f_0114.wav,nchlt_nso_500f_0114,
/Users/khensanichabalala/DSFSI/MultilingualASR/MultilingualASR/experiments/sepedi-asr-eda/dataset/nchlt_nso/audio/500/nchlt_nso_500f_0048.wav,nchlt_nso_500f_0048,
/Users/khensanichabalala/DSFSI/MultilingualASR/MultilingualASR/experiments/sepedi-asr-eda/dataset/nchlt_nso/audio/500/nchlt_nso_500f_0074.wav,nchlt_nso_500f_0074,
/Users/khensanichabalala/DSFSI/MultilingualASR/MultilingualASR/experiments/sepedi-asr-eda/dataset/nchlt_nso/audio/500/nchlt_nso_500f_0262.wav,nchlt_nso_500f_0262,
/Users/khensanichabalala/DSFSI/MultilingualASR/MultilingualASR/experiments/sepedi-asr-eda/dataset/nchlt_nso/audio/500/nchlt_nso_500f_0276.wav,nchlt_nso_500f_0276,
/Users/khensanichabalala/DSFSI/MultilingualASR/MultilingualASR/experiments/sepedi-asr-eda/dataset/nchlt_nso/audio/500/nchlt_nso_500f_0288.wav,nchlt_nso_500f_0288,
/Users/khensanichabalala/DSFSI/MultilingualASR/MultilingualASR/experiments/sepedi-asr-eda/dataset/nchlt_nso/audio/500/nchlt_nso_500f_0263.wav,nchlt_nso_500f_0263,
/Users/khensanichabalala/DSFSI/MultilingualASR/MultilingualASR/experiments/sepedi-asr-eda/dataset/nchlt_nso/audio/500/nchlt_nso_500f_0075.wav,nchlt_nso_500f_0075,
/Users/khensanichabalala/DSFSI/MultilingualASR/MultilingualASR/experiments/sepedi-asr-eda/dataset/nchlt_nso/audio/500/nchlt_nso_500f_0049.wav,nchlt_nso_500f_0049,
/Users/khensanichabalala/DSFSI/MultilingualASR/MultilingualASR/experiments/sepedi-asr-eda/dataset/nchlt_nso/audio/500/nchlt_nso_500f_0101.wav,nchlt_nso_500f_0101,
/Users/khensanichabalala/DSFSI/MultilingualASR/MultilingualASR/experiments/sepedi-asr-eda/dataset/nchlt_nso/audio/500/nchlt_nso_500f_0115.wav,nchlt_nso_500f_0115,
/Users/khensanichabalala/DSFSI/MultilingualASR/MultilingualASR/experiments/sepedi-asr-eda/dataset/nchlt_nso/audio/500/nchlt_nso_500f_0129.wav,nchlt_nso_500f_0129,
/Users/khensanichabalala/DSFSI/MultilingualASR/MultilingualASR/experiments/sepedi-asr-eda/dataset/nchlt_nso/audio/500/nchlt_nso_500f_0303.wav,nchlt_nso_500f_0303,
/Users/khensanichabalala/DSFSI/MultilingualASR/MultilingualASR/experiments/sepedi-asr-eda/dataset/nchlt_nso/audio/500/nchlt_nso_500f_0459.wav,nchlt_nso_500f_0459,
/Users/khensanichabalala/DSFSI/MultilingualASR/MultilingualASR/experiments/sepedi-asr-eda/dataset/nchlt_nso/audio/500/nchlt_nso_500f_0301.wav,nchlt_nso_500f_0301,
/Users/khensanichabalala/DSFSI/MultilingualASR/MultilingualASR/experiments/sepedi-asr-eda/dataset/nchlt_nso/audio/500/nchlt_nso_500f_0117.wav,nchlt_nso_500f_0117,
/Users/khensanichabalala/DSFSI/MultilingualASR/MultilingualASR/experiments/sepedi-asr-eda/dataset/nchlt_nso/audio/500/nchlt_nso_500f_0063.wav,nchlt_nso_500f_0063,
/Users/khensanichabalala/DSFSI/MultilingualASR/MultilingualASR/experiments/sepedi-asr-eda/dataset/nchlt_nso/audio/500/nchlt_nso_500f_0088.wav,nchlt_nso_500f_0088,
/Users/khensanichabalala/DSFSI/MultilingualASR/MultilingualASR/experiments/sepedi-asr-eda/dataset/nchlt_nso/audio/500/nchlt_nso_500f_0249.wav,nchlt_nso_500f_0249,
/Users/khensanichabalala/DSFSI/MultilingualASR/MultilingualASR/experiments/sepedi-asr-eda/dataset/nchlt_nso/audio/500/nchlt_nso_500f_0275.wav,nchlt_nso_500f_0275,
/Users/khensanichabalala/DSFSI/MultilingualASR/MultilingualASR/experiments/sepedi-asr-eda/dataset/nchlt_nso/audio/500/nchlt_nso_500f_0261.wav,nchlt_nso_500f_0261,
/Users/khensanichabalala/DSFSI/MultilingualASR/MultilingualASR/experiments/sepedi-asr-eda/dataset/nchlt_nso/audio/500/nchlt_nso_500f_0260.wav,nchlt_nso_500f_0260,
/Users/khensanichabalala/DSFSI/MultilingualASR/MultilingualASR/experiments/sepedi-asr-eda/dataset/nchlt_nso/audio/500/nchlt_nso_500f_0274.wav,nchlt_nso_500f_0274,
/Users/khensanichabalala/DSFSI/MultilingualASR/MultilingualASR/experiments/sepedi-asr-eda/dataset/nchlt_nso/audio/500/nchlt_nso_500f_0248.wav,nchlt_nso_500f_0248,
/Users/khensanichabalala/DSFSI/MultilingualASR/MultilingualASR/experiments/sepedi-asr-eda/dataset/nchlt_nso/audio/500/nchlt_nso_500f_0089.wav,nchlt_nso_500f_0089,
/Users/khensanichabalala/DSFSI/MultilingualASR/MultilingualASR/experiments/sepedi-asr-eda/dataset/nchlt_nso/audio/500/nchlt_nso_500f_0102.wav,nchlt_nso_500f_0102,
/Users/khensanichabalala/DSFSI/MultilingualASR/MultilingualASR/experiments/sepedi-asr-eda/dataset/nchlt_nso/audio/500/nchlt_nso_500f_0472.wav,nchlt_nso_500f_0472,
/Users/khensanichabalala/DSFSI/MultilingualASR/MultilingualASR/experiments/sepedi-asr-eda/dataset/nchlt_nso/audio/500/nchlt_nso_500f_0314.wav,nchlt_nso_500f_0314,
/Users/khensanichabalala/DSFSI/MultilingualASR/MultilingualASR/experiments/sepedi-asr-eda/dataset/nchlt_nso/audio/500/nchlt_nso_500f_0300.wav,nchlt_nso_500f_0300,
/Users/khensanichabalala/DSFSI/MultilingualASR/MultilingualASR/experiments/sepedi-asr-eda/dataset/nchlt_nso/audio/500/nchlt_nso_500f_0466.wav,nchlt_nso_500f_0466,
/Users/khensanichabalala/DSFSI/MultilingualASR/MultilingualASR/experiments/sepedi-asr-eda/dataset/nchlt_nso/audio/500/nchlt_nso_500f_0304.wav,nchlt_nso_500f_0304,
/Users/khensanichabalala/DSFSI/MultilingualASR/MultilingualASR/experiments/sepedi-asr-eda/dataset/nchlt_nso/audio/500/nchlt_nso_500f_0476.wav,nchlt_nso_500f_0476,
/Users/khensanichabalala/DSFSI/MultilingualASR/MultilingualASR/experiments/sepedi-asr-eda/dataset/nchlt_nso/audio/500/nchlt_nso_500f_0338.wav,nchlt_nso_500f_0338,
/Users/khensanichabalala/DSFSI/MultilingualASR/MultilingualASR/experiments/sepedi-asr-eda/dataset/nchlt_nso/audio/500/nchlt_nso_500f_0072.wav,nchlt_nso_500f_0072,
/Users/khensanichabalala/DSFSI/MultilingualASR/MultilingualASR/experiments/sepedi-asr-eda/dataset/nchlt_nso/audio/500/nchlt_nso_500f_0066.wav,nchlt_nso_500f_0066,
/Users/khensanichabalala/DSFSI/MultilingualASR/MultilingualASR/experiments/sepedi-asr-eda/dataset/nchlt_nso/audio/500/nchlt_nso_500f_0099.wav,nchlt_nso_500f_0099,
/Users/khensanichabalala/DSFSI/MultilingualASR/MultilingualASR/experiments/sepedi-asr-eda/dataset/nchlt_nso/audio/500/nchlt_nso_500f_0265.wav,nchlt_nso_500f_0265,
/Users/khensanichabalala/DSFSI/MultilingualASR/MultilingualASR/experiments/sepedi-asr-eda/dataset/nchlt_nso/audio/500/nchlt_nso_500f_0271.wav,nchlt_nso_500f_0271,
/Users/khensanichabalala/DSFSI/MultilingualASR/MultilingualASR/experiments/sepedi-asr-eda/dataset/nchlt_nso/audio/500/nchlt_nso_500f_0098.wav,nchlt_nso_500f_0098,
/Users/khensanichabalala/DSFSI/MultilingualASR/MultilingualASR/experiments/sepedi-asr-eda/dataset/nchlt_nso/audio/500/nchlt_nso_500f_0073.wav,nchlt_nso_500f_0073,
/Users/khensanichabalala/DSFSI/MultilingualASR/MultilingualASR/experiments/sepedi-asr-eda/dataset/nchlt_nso/audio/500/nchlt_nso_500f_0107.wav,nchlt_nso_500f_0107,
/Users/khensanichabalala/DSFSI/MultilingualASR/MultilingualASR/experiments/sepedi-asr-eda/dataset/nchlt_nso/audio/500/nchlt_nso_500f_0311.wav,nchlt_nso_500f_0311,
/Users/khensanichabalala/DSFSI/MultilingualASR/MultilingualASR/experiments/sepedi-asr-eda/dataset/nchlt_nso/audio/500/nchlt_nso_500f_0477.wav,nchlt_nso_500f_0477,
/Users/khensanichabalala/DSFSI/MultilingualASR/MultilingualASR/experiments/sepedi-asr-eda/dataset/nchlt_nso/audio/500/nchlt_nso_500f_0463.wav,nchlt_nso_500f_0463,
/Users/khensanichabalala/DSFSI/MultilingualASR/MultilingualASR/experiments/sepedi-asr-eda/dataset/nchlt_nso/audio/500/nchlt_nso_500f_0305.wav,nchlt_nso_500f_0305,
/Users/khensanichabalala/DSFSI/MultilingualASR/MultilingualASR/experiments/sepedi-asr-eda/dataset/nchlt_nso/audio/500/nchlt_nso_500f_0475.wav,nchlt_nso_500f_0475,
/Users/khensanichabalala/DSFSI/MultilingualASR/MultilingualASR/experiments/sepedi-asr-eda/dataset/nchlt_nso/audio/500/nchlt_nso_500f_0307.wav,nchlt_nso_500f_0307,
/Users/khensanichabalala/DSFSI/MultilingualASR/MultilingualASR/experiments/sepedi-asr-eda/dataset/nchlt_nso/audio/500/nchlt_nso_500f_0461.wav,nchlt_nso_500f_0461,
/Users/khensanichabalala/DSFSI/MultilingualASR/MultilingualASR/experiments/sepedi-asr-eda/dataset/nchlt_nso/audio/500/nchlt_nso_500f_0449.wav,nchlt_nso_500f_0449,
/Users/khensanichabalala/DSFSI/MultilingualASR/MultilingualASR/experiments/sepedi-asr-eda/dataset/nchlt_nso/audio/500/nchlt_nso_500f_0105.wav,nchlt_nso_500f_0105,
/Users/khensanichabalala/DSFSI/MultilingualASR/MultilingualASR/experiments/sepedi-asr-eda/dataset/nchlt_nso/audio/500/nchlt_nso_500f_0139.wav,nchlt_nso_500f_0139,
/Users/khensanichabalala/DSFSI/MultilingualASR/MultilingualASR/experiments/sepedi-asr-eda/dataset/nchlt_nso/audio/500/nchlt_nso_500f_0059.wav,nchlt_nso_500f_0059,
/Users/khensanichabalala/DSFSI/MultilingualASR/MultilingualASR/experiments/sepedi-asr-eda/dataset/nchlt_nso/audio/500/nchlt_nso_500f_0273.wav,nchlt_nso_500f_0273,
/Users/khensanichabalala/DSFSI/MultilingualASR/MultilingualASR/experiments/sepedi-asr-eda/dataset/nchlt_nso/audio/500/nchlt_nso_500f_0298.wav,nchlt_nso_500f_0298,
/Users/khensanichabalala/DSFSI/MultilingualASR/MultilingualASR/experiments/sepedi-asr-eda/dataset/nchlt_nso/audio/500/nchlt_nso_500f_0272.wav,nchlt_nso_500f_0272,
/Users/khensanichabalala/DSFSI/MultilingualASR/MultilingualASR/experiments/sepedi-asr-eda/dataset/nchlt_nso/audio/500/nchlt_nso_500f_0070.wav,nchlt_nso_500f_0070,
/Users/khensanichabalala/DSFSI/MultilingualASR/MultilingualASR/experiments/sepedi-asr-eda/dataset/nchlt_nso/audio/500/nchlt_nso_500f_0064.wav,nchlt_nso_500f_0064,
/Users/khensanichabalala/DSFSI/MultilingualASR/MultilingualASR/experiments/sepedi-asr-eda/dataset/nchlt_nso/audio/500/nchlt_nso_500f_0138.wav,nchlt_nso_500f_0138,
/Users/khensanichabalala/DSFSI/MultilingualASR/MultilingualASR/experiments/sepedi-asr-eda/dataset/nchlt_nso/audio/500/nchlt_nso_500f_0104.wav,nchlt_nso_500f_0104,
/Users/khensanichabalala/DSFSI/MultilingualASR/MultilingualASR/experiments/sepedi-asr-eda/dataset/nchlt_nso/audio/500/nchlt_nso_500f_0110.wav,nchlt_nso_500f_0110,
/Users/khensanichabalala/DSFSI/MultilingualASR/MultilingualASR/experiments/sepedi-asr-eda/dataset/nchlt_nso/audio/500/nchlt_nso_500f_0448.wav,nchlt_nso_500f_0448,
/Users/khensanichabalala/DSFSI/MultilingualASR/MultilingualASR/experiments/sepedi-asr-eda/dataset/nchlt_nso/audio/500/nchlt_nso_500f_0306.wav,nchlt_nso_500f_0306,
/Users/khensanichabalala/DSFSI/MultilingualASR/MultilingualASR/experiments/sepedi-asr-eda/dataset/nchlt_nso/audio/500/nchlt_nso_500f_0474.wav,nchlt_nso_500f_0474,
/Users/khensanichabalala/DSFSI/MultilingualASR/MultilingualASR/experiments/sepedi-asr-eda/dataset/nchlt_nso/audio/500/nchlt_nso_500f_0413.wav,nchlt_nso_500f_0413,
/Users/khensanichabalala/DSFSI/MultilingualASR/MultilingualASR/experiments/sepedi-asr-eda/dataset/nchlt_nso/audio/500/nchlt_nso_500f_0361.wav,nchlt_nso_500f_0361,
/Users/khensanichabalala/DSFSI/MultilingualASR/MultilingualASR/experiments/sepedi-asr-eda/dataset/nchlt_nso/audio/500/nchlt_nso_500f_0407.wav,nchlt_nso_500f_0407,
/Users/khensanichabalala/DSFSI/MultilingualASR/MultilingualASR/experiments/sepedi-asr-eda/dataset/nchlt_nso/audio/500/nchlt_nso_500f_0177.wav,nchlt_nso_500f_0177,
/Users/khensanichabalala/DSFSI/MultilingualASR/MultilingualASR/experiments/sepedi-asr-eda/dataset/nchlt_nso/audio/500/nchlt_nso_500f_0163.wav,nchlt_nso_500f_0163,
/Users/khensanichabalala/DSFSI/MultilingualASR/MultilingualASR/experiments/sepedi-asr-eda/dataset/nchlt_nso/audio/500/nchlt_nso_500f_0188.wav,nchlt_nso_500f_0188,
/Users/khensanichabalala/DSFSI/MultilingualASR/MultilingualASR/experiments/sepedi-asr-eda/dataset/nchlt_nso/audio/500/nchlt_nso_500f_0003.wav,nchlt_nso_500f_0003,
/Users/khensanichabalala/DSFSI/MultilingualASR/MultilingualASR/experiments/sepedi-asr-eda/dataset/nchlt_nso/audio/500/nchlt_nso_500f_0017.wav,nchlt_nso_500f_0017,
/Users/khensanichabalala/DSFSI/MultilingualASR/MultilingualASR/experiments/sepedi-asr-eda/dataset/nchlt_nso/audio/500/nchlt_nso_500f_0229.wav,nchlt_nso_500f_0229,
/Users/khensanichabalala/DSFSI/MultilingualASR/MultilingualASR/experiments/sepedi-asr-eda/dataset/nchlt_nso/audio/500/nchlt_nso_500f_0201.wav,nchlt_nso_500f_0201,
/Users/khensanichabalala/DSFSI/MultilingualASR/MultilingualASR/experiments/sepedi-asr-eda/dataset/nchlt_nso/audio/500/nchlt_nso_500f_0215.wav,nchlt_nso_500f_0215,
/Users/khensanichabalala/DSFSI/MultilingualASR/MultilingualASR/experiments/sepedi-asr-eda/dataset/nchlt_nso/audio/500/nchlt_nso_500f_0200.wav,nchlt_nso_500f_0200,
/Users/khensanichabalala/DSFSI/MultilingualASR/MultilingualASR/experiments/sepedi-asr-eda/dataset/nchlt_nso/audio/500/nchlt_nso_500f_0016.wav,nchlt_nso_500f_0016,
/Users/khensanichabalala/DSFSI/MultilingualASR/MultilingualASR/experiments/sepedi-asr-eda/dataset/nchlt_nso/audio/500/nchlt_nso_500f_0002.wav,nchlt_nso_500f_0002,
/Users/khensanichabalala/DSFSI/MultilingualASR/MultilingualASR/experiments/sepedi-asr-eda/dataset/nchlt_nso/audio/500/nchlt_nso_500f_0189.wav,nchlt_nso_500f_0189,
/Users/khensanichabalala/DSFSI/MultilingualASR/MultilingualASR/experiments/sepedi-asr-eda/dataset/nchlt_nso/audio/500/nchlt_nso_500f_0162.wav,nchlt_nso_500f_0162,
/Users/khensanichabalala/DSFSI/MultilingualASR/MultilingualASR/experiments/sepedi-asr-eda/dataset/nchlt_nso/audio/500/nchlt_nso_500f_0360.wav,nchlt_nso_500f_0360,
/Users/khensanichabalala/DSFSI/MultilingualASR/MultilingualASR/experiments/sepedi-asr-eda/dataset/nchlt_nso/audio/500/nchlt_nso_500f_0406.wav,nchlt_nso_500f_0406,
/Users/khensanichabalala/DSFSI/MultilingualASR/MultilingualASR/experiments/sepedi-asr-eda/dataset/nchlt_nso/audio/500/nchlt_nso_500f_0412.wav,nchlt_nso_500f_0412,
/Users/khensanichabalala/DSFSI/MultilingualASR/MultilingualASR/experiments/sepedi-asr-eda/dataset/nchlt_nso/audio/500/nchlt_nso_500f_0348.wav,nchlt_nso_500f_0348,
/Users/khensanichabalala/DSFSI/MultilingualASR/MultilingualASR/experiments/sepedi-asr-eda/dataset/nchlt_nso/audio/500/nchlt_nso_500f_0410.wav,nchlt_nso_500f_0410,
/Users/khensanichabalala/DSFSI/MultilingualASR/MultilingualASR/experiments/sepedi-asr-eda/dataset/nchlt_nso/audio/500/nchlt_nso_500f_0389.wav,nchlt_nso_500f_0389,
/Users/khensanichabalala/DSFSI/MultilingualASR/MultilingualASR/experiments/sepedi-asr-eda/dataset/nchlt_nso/audio/500/nchlt_nso_500f_0148.wav,nchlt_nso_500f_0148,
/Users/khensanichabalala/DSFSI/MultilingualASR/MultilingualASR/experiments/sepedi-asr-eda/dataset/nchlt_nso/audio/500/nchlt_nso_500f_0160.wav,nchlt_nso_500f_0160,
/Users/khensanichabalala/DSFSI/MultilingualASR/MultilingualASR/experiments/sepedi-asr-eda/dataset/nchlt_nso/audio/500/nchlt_nso_500f_0174.wav,nchlt_nso_500f_0174,
/Users/khensanichabalala/DSFSI/MultilingualASR/MultilingualASR/experiments/sepedi-asr-eda/dataset/nchlt_nso/audio/500/nchlt_nso_500f_0014.wav,nchlt_nso_500f_0014,
/Users/khensanichabalala/DSFSI/MultilingualASR/MultilingualASR/experiments/sepedi-asr-eda/dataset/nchlt_nso/audio/500/nchlt_nso_500f_0216.wav,nchlt_nso_500f_0216,
/Users/khensanichabalala/DSFSI/MultilingualASR/MultilingualASR/experiments/sepedi-asr-eda/dataset/nchlt_nso/audio/500/nchlt_nso_500f_0203.wav,nchlt_nso_500f_0203,
/Users/khensanichabalala/DSFSI/MultilingualASR/MultilingualASR/experiments/sepedi-asr-eda/dataset/nchlt_nso/audio/500/nchlt_nso_500f_0217.wav,nchlt_nso_500f_0217,
/Users/khensanichabalala/DSFSI/MultilingualASR/MultilingualASR/experiments/sepedi-asr-eda/dataset/nchlt_nso/audio/500/nchlt_nso_500f_0001.wav,nchlt_nso_500f_0001,
/Users/khensanichabalala/DSFSI/MultilingualASR/MultilingualASR/experiments/sepedi-asr-eda/dataset/nchlt_nso/audio/500/nchlt_nso_500f_0015.wav,nchlt_nso_500f_0015,
/Users/khensanichabalala/DSFSI/MultilingualASR/MultilingualASR/experiments/sepedi-asr-eda/dataset/nchlt_nso/audio/500/nchlt_nso_500f_0029.wav,nchlt_nso_500f_0029,
/Users/khensanichabalala/DSFSI/MultilingualASR/MultilingualASR/experiments/sepedi-asr-eda/dataset/nchlt_nso/audio/500/nchlt_nso_500f_0175.wav,nchlt_nso_500f_0175,
/Users/khensanichabalala/DSFSI/MultilingualASR/MultilingualASR/experiments/sepedi-asr-eda/dataset/nchlt_nso/audio/500/nchlt_nso_500f_0161.wav,nchlt_nso_500f_0161,
/Users/khensanichabalala/DSFSI/MultilingualASR/MultilingualASR/experiments/sepedi-asr-eda/dataset/nchlt_nso/audio/500/nchlt_nso_500f_0377.wav,nchlt_nso_500f_0377,
/Users/khensanichabalala/DSFSI/MultilingualASR/MultilingualASR/experiments/sepedi-asr-eda/dataset/nchlt_nso/audio/500/nchlt_nso_500f_0411.wav,nchlt_nso_500f_0411,
/Users/khensanichabalala/DSFSI/MultilingualASR/MultilingualASR/experiments/sepedi-asr-eda/dataset/nchlt_nso/audio/500/nchlt_nso_500f_0363.wav,nchlt_nso_500f_0363,
/Users/khensanichabalala/DSFSI/MultilingualASR/MultilingualASR/experiments/sepedi-asr-eda/dataset/nchlt_nso/audio/500/nchlt_nso_500f_0367.wav,nchlt_nso_500f_0367,
/Users/khensanichabalala/DSFSI/MultilingualASR/MultilingualASR/experiments/sepedi-asr-eda/dataset/nchlt_nso/audio/500/nchlt_nso_500f_0429.wav,nchlt_nso_500f_0429,
/Users/khensanichabalala/DSFSI/MultilingualASR/MultilingualASR/experiments/sepedi-asr-eda/dataset/nchlt_nso/audio/500/nchlt_nso_500f_0398.wav,nchlt_nso_500f_0398,
/Users/khensanichabalala/DSFSI/MultilingualASR/MultilingualASR/experiments/sepedi-asr-eda/dataset/nchlt_nso/audio/500/nchlt_nso_500f_0165.wav,nchlt_nso_500f_0165,
/Users/khensanichabalala/DSFSI/MultilingualASR/MultilingualASR/experiments/sepedi-asr-eda/dataset/nchlt_nso/audio/500/nchlt_nso_500f_0159.wav,nchlt_nso_500f_0159,
/Users/khensanichabalala/DSFSI/MultilingualASR/MultilingualASR/experiments/sepedi-asr-eda/dataset/nchlt_nso/audio/500/nchlt_nso_500f_0011.wav,nchlt_nso_500f_0011,
/Users/khensanichabalala/DSFSI/MultilingualASR/MultilingualASR/experiments/sepedi-asr-eda/dataset/nchlt_nso/audio/500/nchlt_nso_500f_0005.wav,nchlt_nso_500f_0005,
/Users/khensanichabalala/DSFSI/MultilingualASR/MultilingualASR/experiments/sepedi-asr-eda/dataset/nchlt_nso/audio/500/nchlt_nso_500f_0039.wav,nchlt_nso_500f_0039,
/Users/khensanichabalala/DSFSI/MultilingualASR/MultilingualASR/experiments/sepedi-asr-eda/dataset/nchlt_nso/audio/500/nchlt_nso_500f_0206.wav,nchlt_nso_500f_0206,
/Users/khensanichabalala/DSFSI/MultilingualASR/MultilingualASR/experiments/sepedi-asr-eda/dataset/nchlt_nso/audio/500/nchlt_nso_500f_0038.wav,nchlt_nso_500f_0038,
/Users/khensanichabalala/DSFSI/MultilingualASR/MultilingualASR/experiments/sepedi-asr-eda/dataset/nchlt_nso/audio/500/nchlt_nso_500f_0004.wav,nchlt_nso_500f_0004,
/Users/khensanichabalala/DSFSI/MultilingualASR/MultilingualASR/experiments/sepedi-asr-eda/dataset/nchlt_nso/audio/500/nchlt_nso_500f_0010.wav,nchlt_nso_500f_0010,
/Users/khensanichabalala/DSFSI/MultilingualASR/MultilingualASR/experiments/sepedi-asr-eda/dataset/nchlt_nso/audio/500/nchlt_nso_500f_0158.wav,nchlt_nso_500f_0158,
/Users/khensanichabalala/DSFSI/MultilingualASR/MultilingualASR/experiments/sepedi-asr-eda/dataset/nchlt_nso/audio/500/nchlt_nso_500f_0164.wav,nchlt_nso_500f_0164,
/Users/khensanichabalala/DSFSI/MultilingualASR/MultilingualASR/experiments/sepedi-asr-eda/dataset/nchlt_nso/audio/500/nchlt_nso_500f_0399.wav,nchlt_nso_500f_0399,
/Users/khensanichabalala/DSFSI/MultilingualASR/MultilingualASR/experiments/sepedi-asr-eda/dataset/nchlt_nso/audio/500/nchlt_nso_500f_0428.wav,nchlt_nso_500f_0428,
/Users/khensanichabalala/DSFSI/MultilingualASR/MultilingualASR/experiments/sepedi-asr-eda/dataset/nchlt_nso/audio/500/nchlt_nso_500f_0372.wav,nchlt_nso_500f_0372,
/Users/khensanichabalala/DSFSI/MultilingualASR/MultilingualASR/experiments/sepedi-asr-eda/dataset/nchlt_nso/audio/500/nchlt_nso_500f_0366.wav,nchlt_nso_500f_0366,
/Users/khensanichabalala/DSFSI/MultilingualASR/MultilingualASR/experiments/sepedi-asr-eda/dataset/nchlt_nso/audio/500/nchlt_nso_500f_0370.wav,nchlt_nso_500f_0370,
/Users/khensanichabalala/DSFSI/MultilingualASR/MultilingualASR/experiments/sepedi-asr-eda/dataset/nchlt_nso/audio/500/nchlt_nso_500f_0416.wav,nchlt_nso_500f_0416,
/Users/khensanichabalala/DSFSI/MultilingualASR/MultilingualASR/experiments/sepedi-asr-eda/dataset/nchlt_nso/audio/500/nchlt_nso_500f_0364.wav,nchlt_nso_500f_0364,
/Users/khensanichabalala/DSFSI/MultilingualASR/MultilingualASR/experiments/sepedi-asr-eda/dataset/nchlt_nso/audio/500/nchlt_nso_500f_0358.wav,nchlt_nso_500f_0358,
/Users/khensanichabalala/DSFSI/MultilingualASR/MultilingualASR/experiments/sepedi-asr-eda/dataset/nchlt_nso/audio/500/nchlt_nso_500f_0199.wav,nchlt_nso_500f_0199,
/Users/khensanichabalala/DSFSI/MultilingualASR/MultilingualASR/experiments/sepedi-asr-eda/dataset/nchlt_nso/audio/500/nchlt_nso_500f_0006.wav,nchlt_nso_500f_0006,
/Users/khensanichabalala/DSFSI/MultilingualASR/MultilingualASR/experiments/sepedi-asr-eda/dataset/nchlt_nso/audio/500/nchlt_nso_500f_0012.wav,nchlt_nso_500f_0012,
/Users/khensanichabalala/DSFSI/MultilingualASR/MultilingualASR/experiments/sepedi-asr-eda/dataset/nchlt_nso/audio/500/nchlt_nso_500f_0204.wav,nchlt_nso_500f_0204,
/Users/khensanichabalala/DSFSI/MultilingualASR/MultilingualASR/experiments/sepedi-asr-eda/dataset/nchlt_nso/audio/500/nchlt_nso_500f_0238.wav,nchlt_nso_500f_0238,
/Users/khensanichabalala/DSFSI/MultilingualASR/MultilingualASR/experiments/sepedi-asr-eda/dataset/nchlt_nso/audio/500/nchlt_nso_500f_0239.wav,nchlt_nso_500f_0239,
/Users/khensanichabalala/DSFSI/MultilingualASR/MultilingualASR/experiments/sepedi-asr-eda/dataset/nchlt_nso/audio/500/nchlt_nso_500f_0205.wav,nchlt_nso_500f_0205,
/Users/khensanichabalala/DSFSI/MultilingualASR/MultilingualASR/experiments/sepedi-asr-eda/dataset/nchlt_nso/audio/500/nchlt_nso_500f_0013.wav,nchlt_nso_500f_0013,
/Users/khensanichabalala/DSFSI/MultilingualASR/MultilingualASR/experiments/sepedi-asr-eda/dataset/nchlt_nso/audio/500/nchlt_nso_500f_0198.wav,nchlt_nso_500f_0198,
/Users/khensanichabalala/DSFSI/MultilingualASR/MultilingualASR/experiments/sepedi-asr-eda/dataset/nchlt_nso/audio/500/nchlt_nso_500f_0167.wav,nchlt_nso_500f_0167,
/Users/khensanichabalala/DSFSI/MultilingualASR/MultilingualASR/experiments/sepedi-asr-eda/dataset/nchlt_nso/audio/500/nchlt_nso_500f_0173.wav,nchlt_nso_500f_0173,
/Users/khensanichabalala/DSFSI/MultilingualASR/MultilingualASR/experiments/sepedi-asr-eda/dataset/nchlt_nso/audio/500/nchlt_nso_500f_0359.wav,nchlt_nso_500f_0359,
/Users/khensanichabalala/DSFSI/MultilingualASR/MultilingualASR/experiments/sepedi-asr-eda/dataset/nchlt_nso/audio/500/nchlt_nso_500f_0403.wav,nchlt_nso_500f_0403,
/Users/khensanichabalala/DSFSI/MultilingualASR/MultilingualASR/experiments/sepedi-asr-eda/dataset/nchlt_nso/audio/500/nchlt_nso_500f_0365.wav,nchlt_nso_500f_0365,
/Users/khensanichabalala/DSFSI/MultilingualASR/MultilingualASR/experiments/sepedi-asr-eda/dataset/nchlt_nso/audio/500/nchlt_nso_500f_0371.wav,nchlt_nso_500f_0371,
/Users/khensanichabalala/DSFSI/MultilingualASR/MultilingualASR/experiments/sepedi-asr-eda/dataset/nchlt_nso/audio/500/nchlt_nso_500f_0417.wav,nchlt_nso_500f_0417,
/Users/khensanichabalala/DSFSI/MultilingualASR/MultilingualASR/experiments/sepedi-asr-eda/dataset/nchlt_nso/audio/507/nchlt_nso_507m_0247.wav,nchlt_nso_507m_0247,
/Users/khensanichabalala/DSFSI/MultilingualASR/MultilingualASR/experiments/sepedi-asr-eda/dataset/nchlt_nso/audio/507/nchlt_nso_507m_0535.wav,nchlt_nso_507m_0535,
/Users/khensanichabalala/DSFSI/MultilingualASR/MultilingualASR/experiments/sepedi-asr-eda/dataset/nchlt_nso/audio/507/nchlt_nso_507m_0284.wav,nchlt_nso_507m_0284,
/Users/khensanichabalala/DSFSI/MultilingualASR/MultilingualASR/experiments/sepedi-asr-eda/dataset/nchlt_nso/audio/507/nchlt_nso_507m_0079.wav,nchlt_nso_507m_0079,
/Users/khensanichabalala/DSFSI/MultilingualASR/MultilingualASR/experiments/sepedi-asr-eda/dataset/nchlt_nso/audio/507/nchlt_nso_507m_0045.wav,nchlt_nso_507m_0045,
/Users/khensanichabalala/DSFSI/MultilingualASR/MultilingualASR/experiments/sepedi-asr-eda/dataset/nchlt_nso/audio/507/nchlt_nso_507m_0051.wav,nchlt_nso_507m_0051,
/Users/khensanichabalala/DSFSI/MultilingualASR/MultilingualASR/experiments/sepedi-asr-eda/dataset/nchlt_nso/audio/507/nchlt_nso_507m_0086.wav,nchlt_nso_507m_0086,
/Users/khensanichabalala/DSFSI/MultilingualASR/MultilingualASR/experiments/sepedi-asr-eda/dataset/nchlt_nso/audio/507/nchlt_nso_507m_0092.wav,nchlt_nso_507m_0092,
/Users/khensanichabalala/DSFSI/MultilingualASR/MultilingualASR/experiments/sepedi-asr-eda/dataset/nchlt_nso/audio/507/nchlt_nso_507m_0119.wav,nchlt_nso_507m_0119,
/Users/khensanichabalala/DSFSI/MultilingualASR/MultilingualASR/experiments/sepedi-asr-eda/dataset/nchlt_nso/audio/507/nchlt_nso_507m_0657.wav,nchlt_nso_507m_0657,
/Users/khensanichabalala/DSFSI/MultilingualASR/MultilingualASR/experiments/sepedi-asr-eda/dataset/nchlt_nso/audio/507/nchlt_nso_507m_0131.wav,nchlt_nso_507m_0131,
/Users/khensanichabalala/DSFSI/MultilingualASR/MultilingualASR/experiments/sepedi-asr-eda/dataset/nchlt_nso/audio/507/nchlt_nso_507m_0125.wav,nchlt_nso_507m_0125,
/Users/khensanichabalala/DSFSI/MultilingualASR/MultilingualASR/experiments/sepedi-asr-eda/dataset/nchlt_nso/audio/507/nchlt_nso_507m_0455.wav,nchlt_nso_507m_0455,
/Users/khensanichabalala/DSFSI/MultilingualASR/MultilingualASR/experiments/sepedi-asr-eda/dataset/nchlt_nso/audio/507/nchlt_nso_507m_0441.wav,nchlt_nso_507m_0441,
/Users/khensanichabalala/DSFSI/MultilingualASR/MultilingualASR/experiments/sepedi-asr-eda/dataset/nchlt_nso/audio/507/nchlt_nso_507m_0327.wav,nchlt_nso_507m_0327,
/Users/khensanichabalala/DSFSI/MultilingualASR/MultilingualASR/experiments/sepedi-asr-eda/dataset/nchlt_nso/audio/507/nchlt_nso_507m_0482.wav,nchlt_nso_507m_0482,
/Users/khensanichabalala/DSFSI/MultilingualASR/MultilingualASR/experiments/sepedi-asr-eda/dataset/nchlt_nso/audio/507/nchlt_nso_507m_0483.wav,nchlt_nso_507m_0483,
/Users/khensanichabalala/DSFSI/MultilingualASR/MultilingualASR/experiments/sepedi-asr-eda/dataset/nchlt_nso/audio/507/nchlt_nso_507m_0497.wav,nchlt_nso_507m_0497,
/Users/khensanichabalala/DSFSI/MultilingualASR/MultilingualASR/experiments/sepedi-asr-eda/dataset/nchlt_nso/audio/507/nchlt_nso_507m_0440.wav,nchlt_nso_507m_0440,
/Users/khensanichabalala/DSFSI/MultilingualASR/MultilingualASR/experiments/sepedi-asr-eda/dataset/nchlt_nso/audio/507/nchlt_nso_507m_0454.wav,nchlt_nso_507m_0454,
/Users/khensanichabalala/DSFSI/MultilingualASR/MultilingualASR/experiments/sepedi-asr-eda/dataset/nchlt_nso/audio/507/nchlt_nso_507m_0468.wav,nchlt_nso_507m_0468,
/Users/khensanichabalala/DSFSI/MultilingualASR/MultilingualASR/experiments/sepedi-asr-eda/dataset/nchlt_nso/audio/507/nchlt_nso_507m_0130.wav,nchlt_nso_507m_0130,
/Users/khensanichabalala/DSFSI/MultilingualASR/MultilingualASR/experiments/sepedi-asr-eda/dataset/nchlt_nso/audio/507/nchlt_nso_507m_0118.wav,nchlt_nso_507m_0118,
/Users/khensanichabalala/DSFSI/MultilingualASR/MultilingualASR/experiments/sepedi-asr-eda/dataset/nchlt_nso/audio/507/nchlt_nso_507m_0087.wav,nchlt_nso_507m_0087,
/Users/khensanichabalala/DSFSI/MultilingualASR/MultilingualASR/experiments/sepedi-asr-eda/dataset/nchlt_nso/audio/507/nchlt_nso_507m_0050.wav,nchlt_nso_507m_0050,
/Users/khensanichabalala/DSFSI/MultilingualASR/MultilingualASR/experiments/sepedi-asr-eda/dataset/nchlt_nso/audio/507/nchlt_nso_507m_0044.wav,nchlt_nso_507m_0044,
/Users/khensanichabalala/DSFSI/MultilingualASR/MultilingualASR/experiments/sepedi-asr-eda/dataset/nchlt_nso/audio/507/nchlt_nso_507m_0078.wav,nchlt_nso_507m_0078,
/Users/khensanichabalala/DSFSI/MultilingualASR/MultilingualASR/experiments/sepedi-asr-eda/dataset/nchlt_nso/audio/507/nchlt_nso_507m_0285.wav,nchlt_nso_507m_0285,
/Users/khensanichabalala/DSFSI/MultilingualASR/MultilingualASR/experiments/sepedi-asr-eda/dataset/nchlt_nso/audio/507/nchlt_nso_507m_0252.wav,nchlt_nso_507m_0252,
/Users/khensanichabalala/DSFSI/MultilingualASR/MultilingualASR/experiments/sepedi-asr-eda/dataset/nchlt_nso/audio/507/nchlt_nso_507m_0520.wav,nchlt_nso_507m_0520,
/Users/khensanichabalala/DSFSI/MultilingualASR/MultilingualASR/experiments/sepedi-asr-eda/dataset/nchlt_nso/audio/507/nchlt_nso_507m_0278.wav,nchlt_nso_507m_0278,
/Users/khensanichabalala/DSFSI/MultilingualASR/MultilingualASR/experiments/sepedi-asr-eda/dataset/nchlt_nso/audio/507/nchlt_nso_507m_0250.wav,nchlt_nso_507m_0250,
/Users/khensanichabalala/DSFSI/MultilingualASR/MultilingualASR/experiments/sepedi-asr-eda/dataset/nchlt_nso/audio/507/nchlt_nso_507m_0522.wav,nchlt_nso_507m_0522,
/Users/khensanichabalala/DSFSI/MultilingualASR/MultilingualASR/experiments/sepedi-asr-eda/dataset/nchlt_nso/audio/507/nchlt_nso_507m_0244.wav,nchlt_nso_507m_0244,
/Users/khensanichabalala/DSFSI/MultilingualASR/MultilingualASR/experiments/sepedi-asr-eda/dataset/nchlt_nso/audio/507/nchlt_nso_507m_0287.wav,nchlt_nso_507m_0287,
/Users/khensanichabalala/DSFSI/MultilingualASR/MultilingualASR/experiments/sepedi-asr-eda/dataset/nchlt_nso/audio/507/nchlt_nso_507m_0046.wav,nchlt_nso_507m_0046,
/Users/khensanichabalala/DSFSI/MultilingualASR/MultilingualASR/experiments/sepedi-asr-eda/dataset/nchlt_nso/audio/507/nchlt_nso_507m_0091.wav,nchlt_nso_507m_0091,
/Users/khensanichabalala/DSFSI/MultilingualASR/MultilingualASR/experiments/sepedi-asr-eda/dataset/nchlt_nso/audio/507/nchlt_nso_507m_0640.wav,nchlt_nso_507m_0640,
/Users/khensanichabalala/DSFSI/MultilingualASR/MultilingualASR/experiments/sepedi-asr-eda/dataset/nchlt_nso/audio/507/nchlt_nso_507m_0126.wav,nchlt_nso_507m_0126,
/Users/khensanichabalala/DSFSI/MultilingualASR/MultilingualASR/experiments/sepedi-asr-eda/dataset/nchlt_nso/audio/507/nchlt_nso_507m_0654.wav,nchlt_nso_507m_0654,
/Users/khensanichabalala/DSFSI/MultilingualASR/MultilingualASR/experiments/sepedi-asr-eda/dataset/nchlt_nso/audio/507/nchlt_nso_507m_0324.wav,nchlt_nso_507m_0324,
/Users/khensanichabalala/DSFSI/MultilingualASR/MultilingualASR/experiments/sepedi-asr-eda/dataset/nchlt_nso/audio/507/nchlt_nso_507m_0330.wav,nchlt_nso_507m_0330,
/Users/khensanichabalala/DSFSI/MultilingualASR/MultilingualASR/experiments/sepedi-asr-eda/dataset/nchlt_nso/audio/507/nchlt_nso_507m_0494.wav,nchlt_nso_507m_0494,
/Users/khensanichabalala/DSFSI/MultilingualASR/MultilingualASR/experiments/sepedi-asr-eda/dataset/nchlt_nso/audio/507/nchlt_nso_507m_0480.wav,nchlt_nso_507m_0480,
/Users/khensanichabalala/DSFSI/MultilingualASR/MultilingualASR/experiments/sepedi-asr-eda/dataset/nchlt_nso/audio/507/nchlt_nso_507m_0457.wav,nchlt_nso_507m_0457,
/Users/khensanichabalala/DSFSI/MultilingualASR/MultilingualASR/experiments/sepedi-asr-eda/dataset/nchlt_nso/audio/507/nchlt_nso_507m_0331.wav,nchlt_nso_507m_0331,
/Users/khensanichabalala/DSFSI/MultilingualASR/MultilingualASR/experiments/sepedi-asr-eda/dataset/nchlt_nso/audio/507/nchlt_nso_507m_0325.wav,nchlt_nso_507m_0325,
/Users/khensanichabalala/DSFSI/MultilingualASR/MultilingualASR/experiments/sepedi-asr-eda/dataset/nchlt_nso/audio/507/nchlt_nso_507m_0443.wav,nchlt_nso_507m_0443,
/Users/khensanichabalala/DSFSI/MultilingualASR/MultilingualASR/experiments/sepedi-asr-eda/dataset/nchlt_nso/audio/507/nchlt_nso_507m_0319.wav,nchlt_nso_507m_0319,
/Users/khensanichabalala/DSFSI/MultilingualASR/MultilingualASR/experiments/sepedi-asr-eda/dataset/nchlt_nso/audio/507/nchlt_nso_507m_0133.wav,nchlt_nso_507m_0133,
/Users/khensanichabalala/DSFSI/MultilingualASR/MultilingualASR/experiments/sepedi-asr-eda/dataset/nchlt_nso/audio/507/nchlt_nso_507m_0641.wav,nchlt_nso_507m_0641,
/Users/khensanichabalala/DSFSI/MultilingualASR/MultilingualASR/experiments/sepedi-asr-eda/dataset/nchlt_nso/audio/507/nchlt_nso_507m_0084.wav,nchlt_nso_507m_0084,
/Users/khensanichabalala/DSFSI/MultilingualASR/MultilingualASR/experiments/sepedi-asr-eda/dataset/nchlt_nso/audio/507/nchlt_nso_507m_0090.wav,nchlt_nso_507m_0090,
/Users/khensanichabalala/DSFSI/MultilingualASR/MultilingualASR/experiments/sepedi-asr-eda/dataset/nchlt_nso/audio/507/nchlt_nso_507m_0047.wav,nchlt_nso_507m_0047,
/Users/khensanichabalala/DSFSI/MultilingualASR/MultilingualASR/experiments/sepedi-asr-eda/dataset/nchlt_nso/audio/507/nchlt_nso_507m_0053.wav,nchlt_nso_507m_0053,
/Users/khensanichabalala/DSFSI/MultilingualASR/MultilingualASR/experiments/sepedi-asr-eda/dataset/nchlt_nso/audio/507/nchlt_nso_507m_0523.wav,nchlt_nso_507m_0523,
/Users/khensanichabalala/DSFSI/MultilingualASR/MultilingualASR/experiments/sepedi-asr-eda/dataset/nchlt_nso/audio/507/nchlt_nso_507m_0245.wav,nchlt_nso_507m_0245,
/Users/khensanichabalala/DSFSI/MultilingualASR/MultilingualASR/experiments/sepedi-asr-eda/dataset/nchlt_nso/audio/507/nchlt_nso_507m_0251.wav,nchlt_nso_507m_0251,
/Users/khensanichabalala/DSFSI/MultilingualASR/MultilingualASR/experiments/sepedi-asr-eda/dataset/nchlt_nso/audio/507/nchlt_nso_507m_0279.wav,nchlt_nso_507m_0279,
/Users/khensanichabalala/DSFSI/MultilingualASR/MultilingualASR/experiments/sepedi-asr-eda/dataset/nchlt_nso/audio/507/nchlt_nso_507m_0533.wav,nchlt_nso_507m_0533,
/Users/khensanichabalala/DSFSI/MultilingualASR/MultilingualASR/experiments/sepedi-asr-eda/dataset/nchlt_nso/audio/507/nchlt_nso_507m_0241.wav,nchlt_nso_507m_0241,
/Users/khensanichabalala/DSFSI/MultilingualASR/MultilingualASR/experiments/sepedi-asr-eda/dataset/nchlt_nso/audio/507/nchlt_nso_507m_0269.wav,nchlt_nso_507m_0269,
/Users/khensanichabalala/DSFSI/MultilingualASR/MultilingualASR/experiments/sepedi-asr-eda/dataset/nchlt_nso/audio/507/nchlt_nso_507m_0282.wav,nchlt_nso_507m_0282,
/Users/khensanichabalala/DSFSI/MultilingualASR/MultilingualASR/experiments/sepedi-asr-eda/dataset/nchlt_nso/audio/507/nchlt_nso_507m_0043.wav,nchlt_nso_507m_0043,
/Users/khensanichabalala/DSFSI/MultilingualASR/MultilingualASR/experiments/sepedi-asr-eda/dataset/nchlt_nso/audio/507/nchlt_nso_507m_0094.wav,nchlt_nso_507m_0094,
/Users/khensanichabalala/DSFSI/MultilingualASR/MultilingualASR/experiments/sepedi-asr-eda/dataset/nchlt_nso/audio/507/nchlt_nso_507m_0080.wav,nchlt_nso_507m_0080,
/Users/khensanichabalala/DSFSI/MultilingualASR/MultilingualASR/experiments/sepedi-asr-eda/dataset/nchlt_nso/audio/507/nchlt_nso_507m_0123.wav,nchlt_nso_507m_0123,
/Users/khensanichabalala/DSFSI/MultilingualASR/MultilingualASR/experiments/sepedi-asr-eda/dataset/nchlt_nso/audio/507/nchlt_nso_507m_0645.wav,nchlt_nso_507m_0645,
/Users/khensanichabalala/DSFSI/MultilingualASR/MultilingualASR/experiments/sepedi-asr-eda/dataset/nchlt_nso/audio/507/nchlt_nso_507m_0137.wav,nchlt_nso_507m_0137,
/Users/khensanichabalala/DSFSI/MultilingualASR/MultilingualASR/experiments/sepedi-asr-eda/dataset/nchlt_nso/audio/507/nchlt_nso_507m_0321.wav,nchlt_nso_507m_0321,
/Users/khensanichabalala/DSFSI/MultilingualASR/MultilingualASR/experiments/sepedi-asr-eda/dataset/nchlt_nso/audio/507/nchlt_nso_507m_0335.wav,nchlt_nso_507m_0335,
/Users/khensanichabalala/DSFSI/MultilingualASR/MultilingualASR/experiments/sepedi-asr-eda/dataset/nchlt_nso/audio/507/nchlt_nso_507m_0453.wav,nchlt_nso_507m_0453,
/Users/khensanichabalala/DSFSI/MultilingualASR/MultilingualASR/experiments/sepedi-asr-eda/dataset/nchlt_nso/audio/507/nchlt_nso_507m_0309.wav,nchlt_nso_507m_0309,
/Users/khensanichabalala/DSFSI/MultilingualASR/MultilingualASR/experiments/sepedi-asr-eda/dataset/nchlt_nso/audio/507/nchlt_nso_507m_0308.wav,nchlt_nso_507m_0308,
/Users/khensanichabalala/DSFSI/MultilingualASR/MultilingualASR/experiments/sepedi-asr-eda/dataset/nchlt_nso/audio/507/nchlt_nso_507m_0452.wav,nchlt_nso_507m_0452,
/Users/khensanichabalala/DSFSI/MultilingualASR/MultilingualASR/experiments/sepedi-asr-eda/dataset/nchlt_nso/audio/507/nchlt_nso_507m_0446.wav,nchlt_nso_507m_0446,
/Users/khensanichabalala/DSFSI/MultilingualASR/MultilingualASR/experiments/sepedi-asr-eda/dataset/nchlt_nso/audio/507/nchlt_nso_507m_0320.wav,nchlt_nso_507m_0320,
/Users/khensanichabalala/DSFSI/MultilingualASR/MultilingualASR/experiments/sepedi-asr-eda/dataset/nchlt_nso/audio/507/nchlt_nso_507m_0650.wav,nchlt_nso_507m_0650,
/Users/khensanichabalala/DSFSI/MultilingualASR/MultilingualASR/experiments/sepedi-asr-eda/dataset/nchlt_nso/audio/507/nchlt_nso_507m_0136.wav,nchlt_nso_507m_0136,
/Users/khensanichabalala/DSFSI/MultilingualASR/MultilingualASR/experiments/sepedi-asr-eda/dataset/nchlt_nso/audio/507/nchlt_nso_507m_0122.wav,nchlt_nso_507m_0122,
/Users/khensanichabalala/DSFSI/MultilingualASR/MultilingualASR/experiments/sepedi-asr-eda/dataset/nchlt_nso/audio/507/nchlt_nso_507m_0095.wav,nchlt_nso_507m_0095,
/Users/khensanichabalala/DSFSI/MultilingualASR/MultilingualASR/experiments/sepedi-asr-eda/dataset/nchlt_nso/audio/507/nchlt_nso_507m_0297.wav,nchlt_nso_507m_0297,
/Users/khensanichabalala/DSFSI/MultilingualASR/MultilingualASR/experiments/sepedi-asr-eda/dataset/nchlt_nso/audio/507/nchlt_nso_507m_0268.wav,nchlt_nso_507m_0268,
/Users/khensanichabalala/DSFSI/MultilingualASR/MultilingualASR/experiments/sepedi-asr-eda/dataset/nchlt_nso/audio/507/nchlt_nso_507m_0240.wav,nchlt_nso_507m_0240,
/Users/khensanichabalala/DSFSI/MultilingualASR/MultilingualASR/experiments/sepedi-asr-eda/dataset/nchlt_nso/audio/507/nchlt_nso_507m_0532.wav,nchlt_nso_507m_0532,
/Users/khensanichabalala/DSFSI/MultilingualASR/MultilingualASR/experiments/sepedi-asr-eda/dataset/nchlt_nso/audio/507/nchlt_nso_507m_0254.wav,nchlt_nso_507m_0254,
/Users/khensanichabalala/DSFSI/MultilingualASR/MultilingualASR/experiments/sepedi-asr-eda/dataset/nchlt_nso/audio/507/nchlt_nso_507m_0242.wav,nchlt_nso_507m_0242,
/Users/khensanichabalala/DSFSI/MultilingualASR/MultilingualASR/experiments/sepedi-asr-eda/dataset/nchlt_nso/audio/507/nchlt_nso_507m_0530.wav,nchlt_nso_507m_0530,
/Users/khensanichabalala/DSFSI/MultilingualASR/MultilingualASR/experiments/sepedi-asr-eda/dataset/nchlt_nso/audio/507/nchlt_nso_507m_0518.wav,nchlt_nso_507m_0518,
/Users/khensanichabalala/DSFSI/MultilingualASR/MultilingualASR/experiments/sepedi-asr-eda/dataset/nchlt_nso/audio/507/nchlt_nso_507m_0054.wav,nchlt_nso_507m_0054,
/Users/khensanichabalala/DSFSI/MultilingualASR/MultilingualASR/experiments/sepedi-asr-eda/dataset/nchlt_nso/audio/507/nchlt_nso_507m_0083.wav,nchlt_nso_507m_0083,
/Users/khensanichabalala/DSFSI/MultilingualASR/MultilingualASR/experiments/sepedi-asr-eda/dataset/nchlt_nso/audio/507/nchlt_nso_507m_0652.wav,nchlt_nso_507m_0652,
/Users/khensanichabalala/DSFSI/MultilingualASR/MultilingualASR/experiments/sepedi-asr-eda/dataset/nchlt_nso/audio/507/nchlt_nso_507m_0646.wav,nchlt_nso_507m_0646,
/Users/khensanichabalala/DSFSI/MultilingualASR/MultilingualASR/experiments/sepedi-asr-eda/dataset/nchlt_nso/audio/507/nchlt_nso_507m_0120.wav,nchlt_nso_507m_0120,
/Users/khensanichabalala/DSFSI/MultilingualASR/MultilingualASR/experiments/sepedi-asr-eda/dataset/nchlt_nso/audio/507/nchlt_nso_507m_0336.wav,nchlt_nso_507m_0336,
/Users/khensanichabalala/DSFSI/MultilingualASR/MultilingualASR/experiments/sepedi-asr-eda/dataset/nchlt_nso/audio/507/nchlt_nso_507m_0322.wav,nchlt_nso_507m_0322,
/Users/khensanichabalala/DSFSI/MultilingualASR/MultilingualASR/experiments/sepedi-asr-eda/dataset/nchlt_nso/audio/507/nchlt_nso_507m_0478.wav,nchlt_nso_507m_0478,
/Users/khensanichabalala/DSFSI/MultilingualASR/MultilingualASR/experiments/sepedi-asr-eda/dataset/nchlt_nso/audio/507/nchlt_nso_507m_0487.wav,nchlt_nso_507m_0487,
/Users/khensanichabalala/DSFSI/MultilingualASR/MultilingualASR/experiments/sepedi-asr-eda/dataset/nchlt_nso/audio/507/nchlt_nso_507m_0323.wav,nchlt_nso_507m_0323,
/Users/khensanichabalala/DSFSI/MultilingualASR/MultilingualASR/experiments/sepedi-asr-eda/dataset/nchlt_nso/audio/507/nchlt_nso_507m_0337.wav,nchlt_nso_507m_0337,
/Users/khensanichabalala/DSFSI/MultilingualASR/MultilingualASR/experiments/sepedi-asr-eda/dataset/nchlt_nso/audio/507/nchlt_nso_507m_0647.wav,nchlt_nso_507m_0647,
/Users/khensanichabalala/DSFSI/MultilingualASR/MultilingualASR/experiments/sepedi-asr-eda/dataset/nchlt_nso/audio/507/nchlt_nso_507m_0135.wav,nchlt_nso_507m_0135,
/Users/khensanichabalala/DSFSI/MultilingualASR/MultilingualASR/experiments/sepedi-asr-eda/dataset/nchlt_nso/audio/507/nchlt_nso_507m_0096.wav,nchlt_nso_507m_0096,
/Users/khensanichabalala/DSFSI/MultilingualASR/MultilingualASR/experiments/sepedi-asr-eda/dataset/nchlt_nso/audio/507/nchlt_nso_507m_0082.wav,nchlt_nso_507m_0082,
/Users/khensanichabalala/DSFSI/MultilingualASR/MultilingualASR/experiments/sepedi-asr-eda/dataset/nchlt_nso/audio/507/nchlt_nso_507m_0069.wav,nchlt_nso_507m_0069,
/Users/khensanichabalala/DSFSI/MultilingualASR/MultilingualASR/experiments/sepedi-asr-eda/dataset/nchlt_nso/audio/507/nchlt_nso_507m_0055.wav,nchlt_nso_507m_0055,
/Users/khensanichabalala/DSFSI/MultilingualASR/MultilingualASR/experiments/sepedi-asr-eda/dataset/nchlt_nso/audio/507/nchlt_nso_507m_0294.wav,nchlt_nso_507m_0294,
/Users/khensanichabalala/DSFSI/MultilingualASR/MultilingualASR/experiments/sepedi-asr-eda/dataset/nchlt_nso/audio/507/nchlt_nso_507m_0531.wav,nchlt_nso_507m_0531,
/Users/khensanichabalala/DSFSI/MultilingualASR/MultilingualASR/experiments/sepedi-asr-eda/dataset/nchlt_nso/audio/507/nchlt_nso_507m_0243.wav,nchlt_nso_507m_0243,
/Users/khensanichabalala/DSFSI/MultilingualASR/MultilingualASR/experiments/sepedi-asr-eda/dataset/nchlt_nso/audio/507/nchlt_nso_507m_0218.wav,nchlt_nso_507m_0218,
/Users/khensanichabalala/DSFSI/MultilingualASR/MultilingualASR/experiments/sepedi-asr-eda/dataset/nchlt_nso/audio/507/nchlt_nso_507m_0542.wav,nchlt_nso_507m_0542,
/Users/khensanichabalala/DSFSI/MultilingualASR/MultilingualASR/experiments/sepedi-asr-eda/dataset/nchlt_nso/audio/507/nchlt_nso_507m_0230.wav,nchlt_nso_507m_0230,
/Users/khensanichabalala/DSFSI/MultilingualASR/MultilingualASR/experiments/sepedi-asr-eda/dataset/nchlt_nso/audio/507/nchlt_nso_507m_0581.wav,nchlt_nso_507m_0581,
/Users/khensanichabalala/DSFSI/MultilingualASR/MultilingualASR/experiments/sepedi-asr-eda/dataset/nchlt_nso/audio/507/nchlt_nso_507m_0608.wav,nchlt_nso_507m_0608,
/Users/khensanichabalala/DSFSI/MultilingualASR/MultilingualASR/experiments/sepedi-asr-eda/dataset/nchlt_nso/audio/507/nchlt_nso_507m_0620.wav,nchlt_nso_507m_0620,
/Users/khensanichabalala/DSFSI/MultilingualASR/MultilingualASR/experiments/sepedi-asr-eda/dataset/nchlt_nso/audio/507/nchlt_nso_507m_0146.wav,nchlt_nso_507m_0146,
/Users/khensanichabalala/DSFSI/MultilingualASR/MultilingualASR/experiments/sepedi-asr-eda/dataset/nchlt_nso/audio/507/nchlt_nso_507m_0191.wav,nchlt_nso_507m_0191,
/Users/khensanichabalala/DSFSI/MultilingualASR/MultilingualASR/experiments/sepedi-asr-eda/dataset/nchlt_nso/audio/507/nchlt_nso_507m_0185.wav,nchlt_nso_507m_0185,
/Users/khensanichabalala/DSFSI/MultilingualASR/MultilingualASR/experiments/sepedi-asr-eda/dataset/nchlt_nso/audio/507/nchlt_nso_507m_0378.wav,nchlt_nso_507m_0378,
/Users/khensanichabalala/DSFSI/MultilingualASR/MultilingualASR/experiments/sepedi-asr-eda/dataset/nchlt_nso/audio/507/nchlt_nso_507m_0350.wav,nchlt_nso_507m_0350,
/Users/khensanichabalala/DSFSI/MultilingualASR/MultilingualASR/experiments/sepedi-asr-eda/dataset/nchlt_nso/audio/507/nchlt_nso_507m_0422.wav,nchlt_nso_507m_0422,
/Users/khensanichabalala/DSFSI/MultilingualASR/MultilingualASR/experiments/sepedi-asr-eda/dataset/nchlt_nso/audio/507/nchlt_nso_507m_0387.wav,nchlt_nso_507m_0387,
/Users/khensanichabalala/DSFSI/MultilingualASR/MultilingualASR/experiments/sepedi-asr-eda/dataset/nchlt_nso/audio/507/nchlt_nso_507m_0386.wav,nchlt_nso_507m_0386,
/Users/khensanichabalala/DSFSI/MultilingualASR/MultilingualASR/experiments/sepedi-asr-eda/dataset/nchlt_nso/audio/507/nchlt_nso_507m_0392.wav,nchlt_nso_507m_0392,
/Users/khensanichabalala/DSFSI/MultilingualASR/MultilingualASR/experiments/sepedi-asr-eda/dataset/nchlt_nso/audio/507/nchlt_nso_507m_0437.wav,nchlt_nso_507m_0437,
/Users/khensanichabalala/DSFSI/MultilingualASR/MultilingualASR/experiments/sepedi-asr-eda/dataset/nchlt_nso/audio/507/nchlt_nso_507m_0351.wav,nchlt_nso_507m_0351,
/Users/khensanichabalala/DSFSI/MultilingualASR/MultilingualASR/experiments/sepedi-asr-eda/dataset/nchlt_nso/audio/507/nchlt_nso_507m_0379.wav,nchlt_nso_507m_0379,
/Users/khensanichabalala/DSFSI/MultilingualASR/MultilingualASR/experiments/sepedi-asr-eda/dataset/nchlt_nso/audio/507/nchlt_nso_507m_0190.wav,nchlt_nso_507m_0190,
/Users/khensanichabalala/DSFSI/MultilingualASR/MultilingualASR/experiments/sepedi-asr-eda/dataset/nchlt_nso/audio/507/nchlt_nso_507m_0621.wav,nchlt_nso_507m_0621,
/Users/khensanichabalala/DSFSI/MultilingualASR/MultilingualASR/experiments/sepedi-asr-eda/dataset/nchlt_nso/audio/507/nchlt_nso_507m_0147.wav,nchlt_nso_507m_0147,
/Users/khensanichabalala/DSFSI/MultilingualASR/MultilingualASR/experiments/sepedi-asr-eda/dataset/nchlt_nso/audio/507/nchlt_nso_507m_0153.wav,nchlt_nso_507m_0153,
/Users/khensanichabalala/DSFSI/MultilingualASR/MultilingualASR/experiments/sepedi-asr-eda/dataset/nchlt_nso/audio/507/nchlt_nso_507m_0635.wav,nchlt_nso_507m_0635,
/Users/khensanichabalala/DSFSI/MultilingualASR/MultilingualASR/experiments/sepedi-asr-eda/dataset/nchlt_nso/audio/507/nchlt_nso_507m_0580.wav,nchlt_nso_507m_0580,
/Users/khensanichabalala/DSFSI/MultilingualASR/MultilingualASR/experiments/sepedi-asr-eda/dataset/nchlt_nso/audio/507/nchlt_nso_507m_0543.wav,nchlt_nso_507m_0543,
/Users/khensanichabalala/DSFSI/MultilingualASR/MultilingualASR/experiments/sepedi-asr-eda/dataset/nchlt_nso/audio/507/nchlt_nso_507m_0225.wav,nchlt_nso_507m_0225,
/Users/khensanichabalala/DSFSI/MultilingualASR/MultilingualASR/experiments/sepedi-asr-eda/dataset/nchlt_nso/audio/507/nchlt_nso_507m_0219.wav,nchlt_nso_507m_0219,
/Users/khensanichabalala/DSFSI/MultilingualASR/MultilingualASR/experiments/sepedi-asr-eda/dataset/nchlt_nso/audio/507/nchlt_nso_507m_0233.wav,nchlt_nso_507m_0233,
/Users/khensanichabalala/DSFSI/MultilingualASR/MultilingualASR/experiments/sepedi-asr-eda/dataset/nchlt_nso/audio/507/nchlt_nso_507m_0227.wav,nchlt_nso_507m_0227,
/Users/khensanichabalala/DSFSI/MultilingualASR/MultilingualASR/experiments/sepedi-asr-eda/dataset/nchlt_nso/audio/507/nchlt_nso_507m_0541.wav,nchlt_nso_507m_0541,
/Users/khensanichabalala/DSFSI/MultilingualASR/MultilingualASR/experiments/sepedi-asr-eda/dataset/nchlt_nso/audio/507/nchlt_nso_507m_0019.wav,nchlt_nso_507m_0019,
/Users/khensanichabalala/DSFSI/MultilingualASR/MultilingualASR/experiments/sepedi-asr-eda/dataset/nchlt_nso/audio/507/nchlt_nso_507m_0179.wav,nchlt_nso_507m_0179,
/Users/khensanichabalala/DSFSI/MultilingualASR/MultilingualASR/experiments/sepedi-asr-eda/dataset/nchlt_nso/audio/507/nchlt_nso_507m_0353.wav,nchlt_nso_507m_0353,
/Users/khensanichabalala/DSFSI/MultilingualASR/MultilingualASR/experiments/sepedi-asr-eda/dataset/nchlt_nso/audio/507/nchlt_nso_507m_0390.wav,nchlt_nso_507m_0390,
/Users/khensanichabalala/DSFSI/MultilingualASR/MultilingualASR/experiments/sepedi-asr-eda/dataset/nchlt_nso/audio/507/nchlt_nso_507m_0385.wav,nchlt_nso_507m_0385,
/Users/khensanichabalala/DSFSI/MultilingualASR/MultilingualASR/experiments/sepedi-asr-eda/dataset/nchlt_nso/audio/507/nchlt_nso_507m_0352.wav,nchlt_nso_507m_0352,
/Users/khensanichabalala/DSFSI/MultilingualASR/MultilingualASR/experiments/sepedi-asr-eda/dataset/nchlt_nso/audio/507/nchlt_nso_507m_0408.wav,nchlt_nso_507m_0408,
/Users/khensanichabalala/DSFSI/MultilingualASR/MultilingualASR/experiments/sepedi-asr-eda/dataset/nchlt_nso/audio/507/nchlt_nso_507m_0193.wav,nchlt_nso_507m_0193,
/Users/khensanichabalala/DSFSI/MultilingualASR/MultilingualASR/experiments/sepedi-asr-eda/dataset/nchlt_nso/audio/507/nchlt_nso_507m_0636.wav,nchlt_nso_507m_0636,
/Users/khensanichabalala/DSFSI/MultilingualASR/MultilingualASR/experiments/sepedi-asr-eda/dataset/nchlt_nso/audio/507/nchlt_nso_507m_0150.wav,nchlt_nso_507m_0150,
/Users/khensanichabalala/DSFSI/MultilingualASR/MultilingualASR/experiments/sepedi-asr-eda/dataset/nchlt_nso/audio/507/nchlt_nso_507m_0144.wav,nchlt_nso_507m_0144,
/Users/khensanichabalala/DSFSI/MultilingualASR/MultilingualASR/experiments/sepedi-asr-eda/dataset/nchlt_nso/audio/507/nchlt_nso_507m_0018.wav,nchlt_nso_507m_0018,
/Users/khensanichabalala/DSFSI/MultilingualASR/MultilingualASR/experiments/sepedi-asr-eda/dataset/nchlt_nso/audio/507/nchlt_nso_507m_0226.wav,nchlt_nso_507m_0226,
/Users/khensanichabalala/DSFSI/MultilingualASR/MultilingualASR/experiments/sepedi-asr-eda/dataset/nchlt_nso/audio/507/nchlt_nso_507m_0540.wav,nchlt_nso_507m_0540,
/Users/khensanichabalala/DSFSI/MultilingualASR/MultilingualASR/experiments/sepedi-asr-eda/dataset/nchlt_nso/audio/507/nchlt_nso_507m_0232.wav,nchlt_nso_507m_0232,
/Users/khensanichabalala/DSFSI/MultilingualASR/MultilingualASR/experiments/sepedi-asr-eda/dataset/nchlt_nso/audio/507/nchlt_nso_507m_0544.wav,nchlt_nso_507m_0544,
/Users/khensanichabalala/DSFSI/MultilingualASR/MultilingualASR/experiments/sepedi-asr-eda/dataset/nchlt_nso/audio/507/nchlt_nso_507m_0587.wav,nchlt_nso_507m_0587,
/Users/khensanichabalala/DSFSI/MultilingualASR/MultilingualASR/experiments/sepedi-asr-eda/dataset/nchlt_nso/audio/507/nchlt_nso_507m_0020.wav,nchlt_nso_507m_0020,
/Users/khensanichabalala/DSFSI/MultilingualASR/MultilingualASR/experiments/sepedi-asr-eda/dataset/nchlt_nso/audio/507/nchlt_nso_507m_0626.wav,nchlt_nso_507m_0626,
/Users/khensanichabalala/DSFSI/MultilingualASR/MultilingualASR/experiments/sepedi-asr-eda/dataset/nchlt_nso/audio/507/nchlt_nso_507m_0140.wav,nchlt_nso_507m_0140,
/Users/khensanichabalala/DSFSI/MultilingualASR/MultilingualASR/experiments/sepedi-asr-eda/dataset/nchlt_nso/audio/507/nchlt_nso_507m_0154.wav,nchlt_nso_507m_0154,
/Users/khensanichabalala/DSFSI/MultilingualASR/MultilingualASR/experiments/sepedi-asr-eda/dataset/nchlt_nso/audio/507/nchlt_nso_507m_0632.wav,nchlt_nso_507m_0632,
/Users/khensanichabalala/DSFSI/MultilingualASR/MultilingualASR/experiments/sepedi-asr-eda/dataset/nchlt_nso/audio/507/nchlt_nso_507m_0168.wav,nchlt_nso_507m_0168,
/Users/khensanichabalala/DSFSI/MultilingualASR/MultilingualASR/experiments/sepedi-asr-eda/dataset/nchlt_nso/audio/507/nchlt_nso_507m_0183.wav,nchlt_nso_507m_0183,
/Users/khensanichabalala/DSFSI/MultilingualASR/MultilingualASR/experiments/sepedi-asr-eda/dataset/nchlt_nso/audio/507/nchlt_nso_507m_0197.wav,nchlt_nso_507m_0197,
/Users/khensanichabalala/DSFSI/MultilingualASR/MultilingualASR/experiments/sepedi-asr-eda/dataset/nchlt_nso/audio/507/nchlt_nso_507m_0342.wav,nchlt_nso_507m_0342,
/Users/khensanichabalala/DSFSI/MultilingualASR/MultilingualASR/experiments/sepedi-asr-eda/dataset/nchlt_nso/audio/507/nchlt_nso_507m_0424.wav,nchlt_nso_507m_0424,
/Users/khensanichabalala/DSFSI/MultilingualASR/MultilingualASR/experiments/sepedi-asr-eda/dataset/nchlt_nso/audio/507/nchlt_nso_507m_0418.wav,nchlt_nso_507m_0418,
/Users/khensanichabalala/DSFSI/MultilingualASR/MultilingualASR/experiments/sepedi-asr-eda/dataset/nchlt_nso/audio/507/nchlt_nso_507m_0395.wav,nchlt_nso_507m_0395,
/Users/khensanichabalala/DSFSI/MultilingualASR/MultilingualASR/experiments/sepedi-asr-eda/dataset/nchlt_nso/audio/507/nchlt_nso_507m_0394.wav,nchlt_nso_507m_0394,
/Users/khensanichabalala/DSFSI/MultilingualASR/MultilingualASR/experiments/sepedi-asr-eda/dataset/nchlt_nso/audio/507/nchlt_nso_507m_0431.wav,nchlt_nso_507m_0431,
/Users/khensanichabalala/DSFSI/MultilingualASR/MultilingualASR/experiments/sepedi-asr-eda/dataset/nchlt_nso/audio/507/nchlt_nso_507m_0357.wav,nchlt_nso_507m_0357,
/Users/khensanichabalala/DSFSI/MultilingualASR/MultilingualASR/experiments/sepedi-asr-eda/dataset/nchlt_nso/audio/507/nchlt_nso_507m_0343.wav,nchlt_nso_507m_0343,
/Users/khensanichabalala/DSFSI/MultilingualASR/MultilingualASR/experiments/sepedi-asr-eda/dataset/nchlt_nso/audio/507/nchlt_nso_507m_0425.wav,nchlt_nso_507m_0425,
/Users/khensanichabalala/DSFSI/MultilingualASR/MultilingualASR/experiments/sepedi-asr-eda/dataset/nchlt_nso/audio/507/nchlt_nso_507m_0196.wav,nchlt_nso_507m_0196,
/Users/khensanichabalala/DSFSI/MultilingualASR/MultilingualASR/experiments/sepedi-asr-eda/dataset/nchlt_nso/audio/507/nchlt_nso_507m_0182.wav,nchlt_nso_507m_0182,
/Users/khensanichabalala/DSFSI/MultilingualASR/MultilingualASR/experiments/sepedi-asr-eda/dataset/nchlt_nso/audio/507/nchlt_nso_507m_0155.wav,nchlt_nso_507m_0155,
/Users/khensanichabalala/DSFSI/MultilingualASR/MultilingualASR/experiments/sepedi-asr-eda/dataset/nchlt_nso/audio/507/nchlt_nso_507m_0586.wav,nchlt_nso_507m_0586,
/Users/khensanichabalala/DSFSI/MultilingualASR/MultilingualASR/experiments/sepedi-asr-eda/dataset/nchlt_nso/audio/507/nchlt_nso_507m_0592.wav,nchlt_nso_507m_0592,
/Users/khensanichabalala/DSFSI/MultilingualASR/MultilingualASR/experiments/sepedi-asr-eda/dataset/nchlt_nso/audio/507/nchlt_nso_507m_0579.wav,nchlt_nso_507m_0579,
/Users/khensanichabalala/DSFSI/MultilingualASR/MultilingualASR/experiments/sepedi-asr-eda/dataset/nchlt_nso/audio/507/nchlt_nso_507m_0223.wav,nchlt_nso_507m_0223,
/Users/khensanichabalala/DSFSI/MultilingualASR/MultilingualASR/experiments/sepedi-asr-eda/dataset/nchlt_nso/audio/507/nchlt_nso_507m_0237.wav,nchlt_nso_507m_0237,
/Users/khensanichabalala/DSFSI/MultilingualASR/MultilingualASR/experiments/sepedi-asr-eda/dataset/nchlt_nso/audio/507/nchlt_nso_507m_0221.wav,nchlt_nso_507m_0221,
/Users/khensanichabalala/DSFSI/MultilingualASR/MultilingualASR/experiments/sepedi-asr-eda/dataset/nchlt_nso/audio/507/nchlt_nso_507m_0547.wav,nchlt_nso_507m_0547,
/Users/khensanichabalala/DSFSI/MultilingualASR/MultilingualASR/experiments/sepedi-asr-eda/dataset/nchlt_nso/audio/507/nchlt_nso_507m_0553.wav,nchlt_nso_507m_0553,
/Users/khensanichabalala/DSFSI/MultilingualASR/MultilingualASR/experiments/sepedi-asr-eda/dataset/nchlt_nso/audio/507/nchlt_nso_507m_0235.wav,nchlt_nso_507m_0235,
/Users/khensanichabalala/DSFSI/MultilingualASR/MultilingualASR/experiments/sepedi-asr-eda/dataset/nchlt_nso/audio/507/nchlt_nso_507m_0584.wav,nchlt_nso_507m_0584,
/Users/khensanichabalala/DSFSI/MultilingualASR/MultilingualASR/experiments/sepedi-asr-eda/dataset/nchlt_nso/audio/507/nchlt_nso_507m_0023.wav,nchlt_nso_507m_0023,
/Users/khensanichabalala/DSFSI/MultilingualASR/MultilingualASR/experiments/sepedi-asr-eda/dataset/nchlt_nso/audio/507/nchlt_nso_507m_0631.wav,nchlt_nso_507m_0631,
/Users/khensanichabalala/DSFSI/MultilingualASR/MultilingualASR/experiments/sepedi-asr-eda/dataset/nchlt_nso/audio/507/nchlt_nso_507m_0157.wav,nchlt_nso_507m_0157,
/Users/khensanichabalala/DSFSI/MultilingualASR/MultilingualASR/experiments/sepedi-asr-eda/dataset/nchlt_nso/audio/507/nchlt_nso_507m_0143.wav,nchlt_nso_507m_0143,
/Users/khensanichabalala/DSFSI/MultilingualASR/MultilingualASR/experiments/sepedi-asr-eda/dataset/nchlt_nso/audio/507/nchlt_nso_507m_0625.wav,nchlt_nso_507m_0625,
/Users/khensanichabalala/DSFSI/MultilingualASR/MultilingualASR/experiments/sepedi-asr-eda/dataset/nchlt_nso/audio/507/nchlt_nso_507m_0619.wav,nchlt_nso_507m_0619,
/Users/khensanichabalala/DSFSI/MultilingualASR/MultilingualASR/experiments/sepedi-asr-eda/dataset/nchlt_nso/audio/507/nchlt_nso_507m_0194.wav,nchlt_nso_507m_0194,
/Users/khensanichabalala/DSFSI/MultilingualASR/MultilingualASR/experiments/sepedi-asr-eda/dataset/nchlt_nso/audio/507/nchlt_nso_507m_0180.wav,nchlt_nso_507m_0180,
/Users/khensanichabalala/DSFSI/MultilingualASR/MultilingualASR/experiments/sepedi-asr-eda/dataset/nchlt_nso/audio/507/nchlt_nso_507m_0355.wav,nchlt_nso_507m_0355,
/Users/khensanichabalala/DSFSI/MultilingualASR/MultilingualASR/experiments/sepedi-asr-eda/dataset/nchlt_nso/audio/507/nchlt_nso_507m_0433.wav,nchlt_nso_507m_0433,
/Users/khensanichabalala/DSFSI/MultilingualASR/MultilingualASR/experiments/sepedi-asr-eda/dataset/nchlt_nso/audio/507/nchlt_nso_507m_0427.wav,nchlt_nso_507m_0427,
/Users/khensanichabalala/DSFSI/MultilingualASR/MultilingualASR/experiments/sepedi-asr-eda/dataset/nchlt_nso/audio/507/nchlt_nso_507m_0341.wav,nchlt_nso_507m_0341,
/Users/khensanichabalala/DSFSI/MultilingualASR/MultilingualASR/experiments/sepedi-asr-eda/dataset/nchlt_nso/audio/507/nchlt_nso_507m_0383.wav,nchlt_nso_507m_0383,
/Users/khensanichabalala/DSFSI/MultilingualASR/MultilingualASR/experiments/sepedi-asr-eda/dataset/nchlt_nso/audio/507/nchlt_nso_507m_0397.wav,nchlt_nso_507m_0397,
/Users/khensanichabalala/DSFSI/MultilingualASR/MultilingualASR/experiments/sepedi-asr-eda/dataset/nchlt_nso/audio/507/nchlt_nso_507m_0368.wav,nchlt_nso_507m_0368,
/Users/khensanichabalala/DSFSI/MultilingualASR/MultilingualASR/experiments/sepedi-asr-eda/dataset/nchlt_nso/audio/507/nchlt_nso_507m_0340.wav,nchlt_nso_507m_0340,
/Users/khensanichabalala/DSFSI/MultilingualASR/MultilingualASR/experiments/sepedi-asr-eda/dataset/nchlt_nso/audio/507/nchlt_nso_507m_0354.wav,nchlt_nso_507m_0354,
/Users/khensanichabalala/DSFSI/MultilingualASR/MultilingualASR/experiments/sepedi-asr-eda/dataset/nchlt_nso/audio/507/nchlt_nso_507m_0618.wav,nchlt_nso_507m_0618,
/Users/khensanichabalala/DSFSI/MultilingualASR/MultilingualASR/experiments/sepedi-asr-eda/dataset/nchlt_nso/audio/507/nchlt_nso_507m_0022.wav,nchlt_nso_507m_0022,
/Users/khensanichabalala/DSFSI/MultilingualASR/MultilingualASR/experiments/sepedi-asr-eda/dataset/nchlt_nso/audio/507/nchlt_nso_507m_0591.wav,nchlt_nso_507m_0591,
/Users/khensanichabalala/DSFSI/MultilingualASR/MultilingualASR/experiments/sepedi-asr-eda/dataset/nchlt_nso/audio/507/nchlt_nso_507m_0585.wav,nchlt_nso_507m_0585,
/Users/khensanichabalala/DSFSI/MultilingualASR/MultilingualASR/experiments/sepedi-asr-eda/dataset/nchlt_nso/audio/507/nchlt_nso_507m_0208.wav,nchlt_nso_507m_0208,
/Users/khensanichabalala/DSFSI/MultilingualASR/MultilingualASR/experiments/sepedi-asr-eda/dataset/nchlt_nso/audio/507/nchlt_nso_507m_0234.wav,nchlt_nso_507m_0234,
/Users/khensanichabalala/DSFSI/MultilingualASR/MultilingualASR/experiments/sepedi-asr-eda/dataset/nchlt_nso/audio/507/nchlt_nso_507m_0239.wav,nchlt_nso_507m_0239,
/Users/khensanichabalala/DSFSI/MultilingualASR/MultilingualASR/experiments/sepedi-asr-eda/dataset/nchlt_nso/audio/507/nchlt_nso_507m_0563.wav,nchlt_nso_507m_0563,
/Users/khensanichabalala/DSFSI/MultilingualASR/MultilingualASR/experiments/sepedi-asr-eda/dataset/nchlt_nso/audio/507/nchlt_nso_507m_0205.wav,nchlt_nso_507m_0205,
/Users/khensanichabalala/DSFSI/MultilingualASR/MultilingualASR/experiments/sepedi-asr-eda/dataset/nchlt_nso/audio/507/nchlt_nso_507m_0013.wav,nchlt_nso_507m_0013,
/Users/khensanichabalala/DSFSI/MultilingualASR/MultilingualASR/experiments/sepedi-asr-eda/dataset/nchlt_nso/audio/507/nchlt_nso_507m_0629.wav,nchlt_nso_507m_0629,
/Users/khensanichabalala/DSFSI/MultilingualASR/MultilingualASR/experiments/sepedi-asr-eda/dataset/nchlt_nso/audio/507/nchlt_nso_507m_0173.wav,nchlt_nso_507m_0173,
/Users/khensanichabalala/DSFSI/MultilingualASR/MultilingualASR/experiments/sepedi-asr-eda/dataset/nchlt_nso/audio/507/nchlt_nso_507m_0615.wav,nchlt_nso_507m_0615,
/Users/khensanichabalala/DSFSI/MultilingualASR/MultilingualASR/experiments/sepedi-asr-eda/dataset/nchlt_nso/audio/507/nchlt_nso_507m_0601.wav,nchlt_nso_507m_0601,
/Users/khensanichabalala/DSFSI/MultilingualASR/MultilingualASR/experiments/sepedi-asr-eda/dataset/nchlt_nso/audio/507/nchlt_nso_507m_0167.wav,nchlt_nso_507m_0167,
/Users/khensanichabalala/DSFSI/MultilingualASR/MultilingualASR/experiments/sepedi-asr-eda/dataset/nchlt_nso/audio/507/nchlt_nso_507m_0359.wav,nchlt_nso_507m_0359,
/Users/khensanichabalala/DSFSI/MultilingualASR/MultilingualASR/experiments/sepedi-asr-eda/dataset/nchlt_nso/audio/507/nchlt_nso_507m_0417.wav,nchlt_nso_507m_0417,
/Users/khensanichabalala/DSFSI/MultilingualASR/MultilingualASR/experiments/sepedi-asr-eda/dataset/nchlt_nso/audio/507/nchlt_nso_507m_0371.wav,nchlt_nso_507m_0371,
/Users/khensanichabalala/DSFSI/MultilingualASR/MultilingualASR/experiments/sepedi-asr-eda/dataset/nchlt_nso/audio/507/nchlt_nso_507m_0416.wav,nchlt_nso_507m_0416,
/Users/khensanichabalala/DSFSI/MultilingualASR/MultilingualASR/experiments/sepedi-asr-eda/dataset/nchlt_nso/audio/507/nchlt_nso_507m_0358.wav,nchlt_nso_507m_0358,
/Users/khensanichabalala/DSFSI/MultilingualASR/MultilingualASR/experiments/sepedi-asr-eda/dataset/nchlt_nso/audio/507/nchlt_nso_507m_0600.wav,nchlt_nso_507m_0600,
/Users/khensanichabalala/DSFSI/MultilingualASR/MultilingualASR/experiments/sepedi-asr-eda/dataset/nchlt_nso/audio/507/nchlt_nso_507m_0166.wav,nchlt_nso_507m_0166,
/Users/khensanichabalala/DSFSI/MultilingualASR/MultilingualASR/experiments/sepedi-asr-eda/dataset/nchlt_nso/audio/507/nchlt_nso_507m_0172.wav,nchlt_nso_507m_0172,
/Users/khensanichabalala/DSFSI/MultilingualASR/MultilingualASR/experiments/sepedi-asr-eda/dataset/nchlt_nso/audio/507/nchlt_nso_507m_0628.wav,nchlt_nso_507m_0628,
/Users/khensanichabalala/DSFSI/MultilingualASR/MultilingualASR/experiments/sepedi-asr-eda/dataset/nchlt_nso/audio/507/nchlt_nso_507m_0012.wav,nchlt_nso_507m_0012,
/Users/khensanichabalala/DSFSI/MultilingualASR/MultilingualASR/experiments/sepedi-asr-eda/dataset/nchlt_nso/audio/507/nchlt_nso_507m_0006.wav,nchlt_nso_507m_0006,
/Users/khensanichabalala/DSFSI/MultilingualASR/MultilingualASR/experiments/sepedi-asr-eda/dataset/nchlt_nso/audio/507/nchlt_nso_507m_0204.wav,nchlt_nso_507m_0204,
/Users/khensanichabalala/DSFSI/MultilingualASR/MultilingualASR/experiments/sepedi-asr-eda/dataset/nchlt_nso/audio/507/nchlt_nso_507m_0212.wav,nchlt_nso_507m_0212,
/Users/khensanichabalala/DSFSI/MultilingualASR/MultilingualASR/experiments/sepedi-asr-eda/dataset/nchlt_nso/audio/507/nchlt_nso_507m_0206.wav,nchlt_nso_507m_0206,
/Users/khensanichabalala/DSFSI/MultilingualASR/MultilingualASR/experiments/sepedi-asr-eda/dataset/nchlt_nso/audio/507/nchlt_nso_507m_0602.wav,nchlt_nso_507m_0602,
/Users/khensanichabalala/DSFSI/MultilingualASR/MultilingualASR/experiments/sepedi-asr-eda/dataset/nchlt_nso/audio/507/nchlt_nso_507m_0616.wav,nchlt_nso_507m_0616,
/Users/khensanichabalala/DSFSI/MultilingualASR/MultilingualASR/experiments/sepedi-asr-eda/dataset/nchlt_nso/audio/507/nchlt_nso_507m_0428.wav,nchlt_nso_507m_0428,
/Users/khensanichabalala/DSFSI/MultilingualASR/MultilingualASR/experiments/sepedi-asr-eda/dataset/nchlt_nso/audio/507/nchlt_nso_507m_0400.wav,nchlt_nso_507m_0400,
/Users/khensanichabalala/DSFSI/MultilingualASR/MultilingualASR/experiments/sepedi-asr-eda/dataset/nchlt_nso/audio/507/nchlt_nso_507m_0366.wav,nchlt_nso_507m_0366,
/Users/khensanichabalala/DSFSI/MultilingualASR/MultilingualASR/experiments/sepedi-asr-eda/dataset/nchlt_nso/audio/507/nchlt_nso_507m_0372.wav,nchlt_nso_507m_0372,
/Users/khensanichabalala/DSFSI/MultilingualASR/MultilingualASR/experiments/sepedi-asr-eda/dataset/nchlt_nso/audio/507/nchlt_nso_507m_0399.wav,nchlt_nso_507m_0399,
/Users/khensanichabalala/DSFSI/MultilingualASR/MultilingualASR/experiments/sepedi-asr-eda/dataset/nchlt_nso/audio/507/nchlt_nso_507m_0398.wav,nchlt_nso_507m_0398,
/Users/khensanichabalala/DSFSI/MultilingualASR/MultilingualASR/experiments/sepedi-asr-eda/dataset/nchlt_nso/audio/507/nchlt_nso_507m_0367.wav,nchlt_nso_507m_0367,
/Users/khensanichabalala/DSFSI/MultilingualASR/MultilingualASR/experiments/sepedi-asr-eda/dataset/nchlt_nso/audio/507/nchlt_nso_507m_0617.wav,nchlt_nso_507m_0617,
/Users/khensanichabalala/DSFSI/MultilingualASR/MultilingualASR/experiments/sepedi-asr-eda/dataset/nchlt_nso/audio/507/nchlt_nso_507m_0165.wav,nchlt_nso_507m_0165,
/Users/khensanichabalala/DSFSI/MultilingualASR/MultilingualASR/experiments/sepedi-asr-eda/dataset/nchlt_nso/audio/507/nchlt_nso_507m_0005.wav,nchlt_nso_507m_0005,
/Users/khensanichabalala/DSFSI/MultilingualASR/MultilingualASR/experiments/sepedi-asr-eda/dataset/nchlt_nso/audio/507/nchlt_nso_507m_0011.wav,nchlt_nso_507m_0011,
/Users/khensanichabalala/DSFSI/MultilingualASR/MultilingualASR/experiments/sepedi-asr-eda/dataset/nchlt_nso/audio/507/nchlt_nso_507m_0213.wav,nchlt_nso_507m_0213,
/Users/khensanichabalala/DSFSI/MultilingualASR/MultilingualASR/experiments/sepedi-asr-eda/dataset/nchlt_nso/audio/507/nchlt_nso_507m_0549.wav,nchlt_nso_507m_0549,
/Users/khensanichabalala/DSFSI/MultilingualASR/MultilingualASR/experiments/sepedi-asr-eda/dataset/nchlt_nso/audio/507/nchlt_nso_507m_0571.wav,nchlt_nso_507m_0571,
/Users/khensanichabalala/DSFSI/MultilingualASR/MultilingualASR/experiments/sepedi-asr-eda/dataset/nchlt_nso/audio/507/nchlt_nso_507m_0565.wav,nchlt_nso_507m_0565,
/Users/khensanichabalala/DSFSI/MultilingualASR/MultilingualASR/experiments/sepedi-asr-eda/dataset/nchlt_nso/audio/507/nchlt_nso_507m_0203.wav,nchlt_nso_507m_0203,
/Users/khensanichabalala/DSFSI/MultilingualASR/MultilingualASR/experiments/sepedi-asr-eda/dataset/nchlt_nso/audio/507/nchlt_nso_507m_0001.wav,nchlt_nso_507m_0001,
/Users/khensanichabalala/DSFSI/MultilingualASR/MultilingualASR/experiments/sepedi-asr-eda/dataset/nchlt_nso/audio/507/nchlt_nso_507m_0029.wav,nchlt_nso_507m_0029,
/Users/khensanichabalala/DSFSI/MultilingualASR/MultilingualASR/experiments/sepedi-asr-eda/dataset/nchlt_nso/audio/507/nchlt_nso_507m_0607.wav,nchlt_nso_507m_0607,
/Users/khensanichabalala/DSFSI/MultilingualASR/MultilingualASR/experiments/sepedi-asr-eda/dataset/nchlt_nso/audio/507/nchlt_nso_507m_0161.wav,nchlt_nso_507m_0161,
/Users/khensanichabalala/DSFSI/MultilingualASR/MultilingualASR/experiments/sepedi-asr-eda/dataset/nchlt_nso/audio/507/nchlt_nso_507m_0613.wav,nchlt_nso_507m_0613,
/Users/khensanichabalala/DSFSI/MultilingualASR/MultilingualASR/experiments/sepedi-asr-eda/dataset/nchlt_nso/audio/507/nchlt_nso_507m_0363.wav,nchlt_nso_507m_0363,
/Users/khensanichabalala/DSFSI/MultilingualASR/MultilingualASR/experiments/sepedi-asr-eda/dataset/nchlt_nso/audio/507/nchlt_nso_507m_0405.wav,nchlt_nso_507m_0405,
/Users/khensanichabalala/DSFSI/MultilingualASR/MultilingualASR/experiments/sepedi-asr-eda/dataset/nchlt_nso/audio/507/nchlt_nso_507m_0411.wav,nchlt_nso_507m_0411,
/Users/khensanichabalala/DSFSI/MultilingualASR/MultilingualASR/experiments/sepedi-asr-eda/dataset/nchlt_nso/audio/507/nchlt_nso_507m_0388.wav,nchlt_nso_507m_0388,
/Users/khensanichabalala/DSFSI/MultilingualASR/MultilingualASR/experiments/sepedi-asr-eda/dataset/nchlt_nso/audio/507/nchlt_nso_507m_0376.wav,nchlt_nso_507m_0376,
/Users/khensanichabalala/DSFSI/MultilingualASR/MultilingualASR/experiments/sepedi-asr-eda/dataset/nchlt_nso/audio/507/nchlt_nso_507m_0362.wav,nchlt_nso_507m_0362,
/Users/khensanichabalala/DSFSI/MultilingualASR/MultilingualASR/experiments/sepedi-asr-eda/dataset/nchlt_nso/audio/507/nchlt_nso_507m_0148.wav,nchlt_nso_507m_0148,
/Users/khensanichabalala/DSFSI/MultilingualASR/MultilingualASR/experiments/sepedi-asr-eda/dataset/nchlt_nso/audio/507/nchlt_nso_507m_0612.wav,nchlt_nso_507m_0612,
/Users/khensanichabalala/DSFSI/MultilingualASR/MultilingualASR/experiments/sepedi-asr-eda/dataset/nchlt_nso/audio/507/nchlt_nso_507m_0160.wav,nchlt_nso_507m_0160,
/Users/khensanichabalala/DSFSI/MultilingualASR/MultilingualASR/experiments/sepedi-asr-eda/dataset/nchlt_nso/audio/507/nchlt_nso_507m_0028.wav,nchlt_nso_507m_0028,
/Users/khensanichabalala/DSFSI/MultilingualASR/MultilingualASR/experiments/sepedi-asr-eda/dataset/nchlt_nso/audio/507/nchlt_nso_507m_0014.wav,nchlt_nso_507m_0014,
/Users/khensanichabalala/DSFSI/MultilingualASR/MultilingualASR/experiments/sepedi-asr-eda/dataset/nchlt_nso/audio/507/nchlt_nso_507m_0564.wav,nchlt_nso_507m_0564,
/Users/khensanichabalala/DSFSI/MultilingualASR/MultilingualASR/experiments/sepedi-asr-eda/dataset/nchlt_nso/audio/507/nchlt_nso_507m_0216.wav,nchlt_nso_507m_0216,
/Users/khensanichabalala/DSFSI/MultilingualASR/MultilingualASR/experiments/sepedi-asr-eda/dataset/nchlt_nso/audio/507/nchlt_nso_507m_0570.wav,nchlt_nso_507m_0570,
/Users/khensanichabalala/DSFSI/MultilingualASR/MultilingualASR/experiments/sepedi-asr-eda/dataset/nchlt_nso/audio/507/nchlt_nso_507m_0200.wav,nchlt_nso_507m_0200,
/Users/khensanichabalala/DSFSI/MultilingualASR/MultilingualASR/experiments/sepedi-asr-eda/dataset/nchlt_nso/audio/507/nchlt_nso_507m_0214.wav,nchlt_nso_507m_0214,
/Users/khensanichabalala/DSFSI/MultilingualASR/MultilingualASR/experiments/sepedi-asr-eda/dataset/nchlt_nso/audio/507/nchlt_nso_507m_0228.wav,nchlt_nso_507m_0228,
/Users/khensanichabalala/DSFSI/MultilingualASR/MultilingualASR/experiments/sepedi-asr-eda/dataset/nchlt_nso/audio/507/nchlt_nso_507m_0599.wav,nchlt_nso_507m_0599,
/Users/khensanichabalala/DSFSI/MultilingualASR/MultilingualASR/experiments/sepedi-asr-eda/dataset/nchlt_nso/audio/507/nchlt_nso_507m_0016.wav,nchlt_nso_507m_0016,
/Users/khensanichabalala/DSFSI/MultilingualASR/MultilingualASR/experiments/sepedi-asr-eda/dataset/nchlt_nso/audio/507/nchlt_nso_507m_0610.wav,nchlt_nso_507m_0610,
/Users/khensanichabalala/DSFSI/MultilingualASR/MultilingualASR/experiments/sepedi-asr-eda/dataset/nchlt_nso/audio/507/nchlt_nso_507m_0162.wav,nchlt_nso_507m_0162,
/Users/khensanichabalala/DSFSI/MultilingualASR/MultilingualASR/experiments/sepedi-asr-eda/dataset/nchlt_nso/audio/507/nchlt_nso_507m_0638.wav,nchlt_nso_507m_0638,
/Users/khensanichabalala/DSFSI/MultilingualASR/MultilingualASR/experiments/sepedi-asr-eda/dataset/nchlt_nso/audio/507/nchlt_nso_507m_0189.wav,nchlt_nso_507m_0189,
/Users/khensanichabalala/DSFSI/MultilingualASR/MultilingualASR/experiments/sepedi-asr-eda/dataset/nchlt_nso/audio/507/nchlt_nso_507m_0374.wav,nchlt_nso_507m_0374,
/Users/khensanichabalala/DSFSI/MultilingualASR/MultilingualASR/experiments/sepedi-asr-eda/dataset/nchlt_nso/audio/507/nchlt_nso_507m_0406.wav,nchlt_nso_507m_0406,
/Users/khensanichabalala/DSFSI/MultilingualASR/MultilingualASR/experiments/sepedi-asr-eda/dataset/nchlt_nso/audio/507/nchlt_nso_507m_0360.wav,nchlt_nso_507m_0360,
/Users/khensanichabalala/DSFSI/MultilingualASR/MultilingualASR/experiments/sepedi-asr-eda/dataset/nchlt_nso/audio/507/nchlt_nso_507m_0407.wav,nchlt_nso_507m_0407,
/Users/khensanichabalala/DSFSI/MultilingualASR/MultilingualASR/experiments/sepedi-asr-eda/dataset/nchlt_nso/audio/507/nchlt_nso_507m_0375.wav,nchlt_nso_507m_0375,
/Users/khensanichabalala/DSFSI/MultilingualASR/MultilingualASR/experiments/sepedi-asr-eda/dataset/nchlt_nso/audio/507/nchlt_nso_507m_0413.wav,nchlt_nso_507m_0413,
/Users/khensanichabalala/DSFSI/MultilingualASR/MultilingualASR/experiments/sepedi-asr-eda/dataset/nchlt_nso/audio/507/nchlt_nso_507m_0188.wav,nchlt_nso_507m_0188,
/Users/khensanichabalala/DSFSI/MultilingualASR/MultilingualASR/experiments/sepedi-asr-eda/dataset/nchlt_nso/audio/507/nchlt_nso_507m_0163.wav,nchlt_nso_507m_0163,
/Users/khensanichabalala/DSFSI/MultilingualASR/MultilingualASR/experiments/sepedi-asr-eda/dataset/nchlt_nso/audio/507/nchlt_nso_507m_0017.wav,nchlt_nso_507m_0017,
/Users/khensanichabalala/DSFSI/MultilingualASR/MultilingualASR/experiments/sepedi-asr-eda/dataset/nchlt_nso/audio/507/nchlt_nso_507m_0003.wav,nchlt_nso_507m_0003,
/Users/khensanichabalala/DSFSI/MultilingualASR/MultilingualASR/experiments/sepedi-asr-eda/dataset/nchlt_nso/audio/507/nchlt_nso_507m_0215.wav,nchlt_nso_507m_0215,
/Users/khensanichabalala/DSFSI/MultilingualASR/MultilingualASR/experiments/sepedi-asr-eda/dataset/nchlt_nso/audio/507/nchlt_nso_507m_0201.wav,nchlt_nso_507m_0201,
/Users/khensanichabalala/DSFSI/MultilingualASR/MultilingualASR/experiments/sepedi-asr-eda/dataset/nchlt_nso/audio/507/nchlt_nso_507m_0567.wav,nchlt_nso_507m_0567,
/Users/khensanichabalala/DSFSI/MultilingualASR/MultilingualASR/experiments/sepedi-asr-eda/dataset/nchlt_nso/audio/507/nchlt_nso_507m_0266.wav,nchlt_nso_507m_0266,
/Users/khensanichabalala/DSFSI/MultilingualASR/MultilingualASR/experiments/sepedi-asr-eda/dataset/nchlt_nso/audio/507/nchlt_nso_507m_0500.wav,nchlt_nso_507m_0500,
/Users/khensanichabalala/DSFSI/MultilingualASR/MultilingualASR/experiments/sepedi-asr-eda/dataset/nchlt_nso/audio/507/nchlt_nso_507m_0272.wav,nchlt_nso_507m_0272,
/Users/khensanichabalala/DSFSI/MultilingualASR/MultilingualASR/experiments/sepedi-asr-eda/dataset/nchlt_nso/audio/507/nchlt_nso_507m_0110.wav,nchlt_nso_507m_0110,
/Users/khensanichabalala/DSFSI/MultilingualASR/MultilingualASR/experiments/sepedi-asr-eda/dataset/nchlt_nso/audio/507/nchlt_nso_507m_0312.wav,nchlt_nso_507m_0312,
/Users/khensanichabalala/DSFSI/MultilingualASR/MultilingualASR/experiments/sepedi-asr-eda/dataset/nchlt_nso/audio/507/nchlt_nso_507m_0474.wav,nchlt_nso_507m_0474,
/Users/khensanichabalala/DSFSI/MultilingualASR/MultilingualASR/experiments/sepedi-asr-eda/dataset/nchlt_nso/audio/507/nchlt_nso_507m_0460.wav,nchlt_nso_507m_0460,
/Users/khensanichabalala/DSFSI/MultilingualASR/MultilingualASR/experiments/sepedi-asr-eda/dataset/nchlt_nso/audio/507/nchlt_nso_507m_0306.wav,nchlt_nso_507m_0306,
/Users/khensanichabalala/DSFSI/MultilingualASR/MultilingualASR/experiments/sepedi-asr-eda/dataset/nchlt_nso/audio/507/nchlt_nso_507m_0461.wav,nchlt_nso_507m_0461,
/Users/khensanichabalala/DSFSI/MultilingualASR/MultilingualASR/experiments/sepedi-asr-eda/dataset/nchlt_nso/audio/507/nchlt_nso_507m_0313.wav,nchlt_nso_507m_0313,
/Users/khensanichabalala/DSFSI/MultilingualASR/MultilingualASR/experiments/sepedi-asr-eda/dataset/nchlt_nso/audio/507/nchlt_nso_507m_0449.wav,nchlt_nso_507m_0449,
/Users/khensanichabalala/DSFSI/MultilingualASR/MultilingualASR/experiments/sepedi-asr-eda/dataset/nchlt_nso/audio/507/nchlt_nso_507m_0105.wav,nchlt_nso_507m_0105,
/Users/khensanichabalala/DSFSI/MultilingualASR/MultilingualASR/experiments/sepedi-asr-eda/dataset/nchlt_nso/audio/507/nchlt_nso_507m_0139.wav,nchlt_nso_507m_0139,
/Users/khensanichabalala/DSFSI/MultilingualASR/MultilingualASR/experiments/sepedi-asr-eda/dataset/nchlt_nso/audio/507/nchlt_nso_507m_0065.wav,nchlt_nso_507m_0065,
/Users/khensanichabalala/DSFSI/MultilingualASR/MultilingualASR/experiments/sepedi-asr-eda/dataset/nchlt_nso/audio/507/nchlt_nso_507m_0267.wav,nchlt_nso_507m_0267,
/Users/khensanichabalala/DSFSI/MultilingualASR/MultilingualASR/experiments/sepedi-asr-eda/dataset/nchlt_nso/audio/507/nchlt_nso_507m_0529.wav,nchlt_nso_507m_0529,
/Users/khensanichabalala/DSFSI/MultilingualASR/MultilingualASR/experiments/sepedi-asr-eda/dataset/nchlt_nso/audio/507/nchlt_nso_507m_0271.wav,nchlt_nso_507m_0271,
/Users/khensanichabalala/DSFSI/MultilingualASR/MultilingualASR/experiments/sepedi-asr-eda/dataset/nchlt_nso/audio/507/nchlt_nso_507m_0503.wav,nchlt_nso_507m_0503,
/Users/khensanichabalala/DSFSI/MultilingualASR/MultilingualASR/experiments/sepedi-asr-eda/dataset/nchlt_nso/audio/507/nchlt_nso_507m_0073.wav,nchlt_nso_507m_0073,
/Users/khensanichabalala/DSFSI/MultilingualASR/MultilingualASR/experiments/sepedi-asr-eda/dataset/nchlt_nso/audio/507/nchlt_nso_507m_0067.wav,nchlt_nso_507m_0067,
/Users/khensanichabalala/DSFSI/MultilingualASR/MultilingualASR/experiments/sepedi-asr-eda/dataset/nchlt_nso/audio/507/nchlt_nso_507m_0098.wav,nchlt_nso_507m_0098,
/Users/khensanichabalala/DSFSI/MultilingualASR/MultilingualASR/experiments/sepedi-asr-eda/dataset/nchlt_nso/audio/507/nchlt_nso_507m_0305.wav,nchlt_nso_507m_0305,
/Users/khensanichabalala/DSFSI/MultilingualASR/MultilingualASR/experiments/sepedi-asr-eda/dataset/nchlt_nso/audio/507/nchlt_nso_507m_0463.wav,nchlt_nso_507m_0463,
/Users/khensanichabalala/DSFSI/MultilingualASR/MultilingualASR/experiments/sepedi-asr-eda/dataset/nchlt_nso/audio/507/nchlt_nso_507m_0477.wav,nchlt_nso_507m_0477,
/Users/khensanichabalala/DSFSI/MultilingualASR/MultilingualASR/experiments/sepedi-asr-eda/dataset/nchlt_nso/audio/507/nchlt_nso_507m_0311.wav,nchlt_nso_507m_0311,
/Users/khensanichabalala/DSFSI/MultilingualASR/MultilingualASR/experiments/sepedi-asr-eda/dataset/nchlt_nso/audio/507/nchlt_nso_507m_0489.wav,nchlt_nso_507m_0489,
/Users/khensanichabalala/DSFSI/MultilingualASR/MultilingualASR/experiments/sepedi-asr-eda/dataset/nchlt_nso/audio/507/nchlt_nso_507m_0310.wav,nchlt_nso_507m_0310,
/Users/khensanichabalala/DSFSI/MultilingualASR/MultilingualASR/experiments/sepedi-asr-eda/dataset/nchlt_nso/audio/507/nchlt_nso_507m_0304.wav,nchlt_nso_507m_0304,
/Users/khensanichabalala/DSFSI/MultilingualASR/MultilingualASR/experiments/sepedi-asr-eda/dataset/nchlt_nso/audio/507/nchlt_nso_507m_0462.wav,nchlt_nso_507m_0462,
/Users/khensanichabalala/DSFSI/MultilingualASR/MultilingualASR/experiments/sepedi-asr-eda/dataset/nchlt_nso/audio/507/nchlt_nso_507m_0338.wav,nchlt_nso_507m_0338,
/Users/khensanichabalala/DSFSI/MultilingualASR/MultilingualASR/experiments/sepedi-asr-eda/dataset/nchlt_nso/audio/507/nchlt_nso_507m_0099.wav,nchlt_nso_507m_0099,
/Users/khensanichabalala/DSFSI/MultilingualASR/MultilingualASR/experiments/sepedi-asr-eda/dataset/nchlt_nso/audio/507/nchlt_nso_507m_0072.wav,nchlt_nso_507m_0072,
/Users/khensanichabalala/DSFSI/MultilingualASR/MultilingualASR/experiments/sepedi-asr-eda/dataset/nchlt_nso/audio/507/nchlt_nso_507m_0264.wav,nchlt_nso_507m_0264,
/Users/khensanichabalala/DSFSI/MultilingualASR/MultilingualASR/experiments/sepedi-asr-eda/dataset/nchlt_nso/audio/507/nchlt_nso_507m_0274.wav,nchlt_nso_507m_0274,
/Users/khensanichabalala/DSFSI/MultilingualASR/MultilingualASR/experiments/sepedi-asr-eda/dataset/nchlt_nso/audio/507/nchlt_nso_507m_0506.wav,nchlt_nso_507m_0506,
/Users/khensanichabalala/DSFSI/MultilingualASR/MultilingualASR/experiments/sepedi-asr-eda/dataset/nchlt_nso/audio/507/nchlt_nso_507m_0076.wav,nchlt_nso_507m_0076,
/Users/khensanichabalala/DSFSI/MultilingualASR/MultilingualASR/experiments/sepedi-asr-eda/dataset/nchlt_nso/audio/507/nchlt_nso_507m_0116.wav,nchlt_nso_507m_0116,
/Users/khensanichabalala/DSFSI/MultilingualASR/MultilingualASR/experiments/sepedi-asr-eda/dataset/nchlt_nso/audio/507/nchlt_nso_507m_0658.wav,nchlt_nso_507m_0658,
/Users/khensanichabalala/DSFSI/MultilingualASR/MultilingualASR/experiments/sepedi-asr-eda/dataset/nchlt_nso/audio/507/nchlt_nso_507m_0300.wav,nchlt_nso_507m_0300,
/Users/khensanichabalala/DSFSI/MultilingualASR/MultilingualASR/experiments/sepedi-asr-eda/dataset/nchlt_nso/audio/507/nchlt_nso_507m_0314.wav,nchlt_nso_507m_0314,
/Users/khensanichabalala/DSFSI/MultilingualASR/MultilingualASR/experiments/sepedi-asr-eda/dataset/nchlt_nso/audio/507/nchlt_nso_507m_0499.wav,nchlt_nso_507m_0499,
/Users/khensanichabalala/DSFSI/MultilingualASR/MultilingualASR/experiments/sepedi-asr-eda/dataset/nchlt_nso/audio/507/nchlt_nso_507m_0498.wav,nchlt_nso_507m_0498,
/Users/khensanichabalala/DSFSI/MultilingualASR/MultilingualASR/experiments/sepedi-asr-eda/dataset/nchlt_nso/audio/507/nchlt_nso_507m_0315.wav,nchlt_nso_507m_0315,
/Users/khensanichabalala/DSFSI/MultilingualASR/MultilingualASR/experiments/sepedi-asr-eda/dataset/nchlt_nso/audio/507/nchlt_nso_507m_0473.wav,nchlt_nso_507m_0473,
/Users/khensanichabalala/DSFSI/MultilingualASR/MultilingualASR/experiments/sepedi-asr-eda/dataset/nchlt_nso/audio/507/nchlt_nso_507m_0467.wav,nchlt_nso_507m_0467,
/Users/khensanichabalala/DSFSI/MultilingualASR/MultilingualASR/experiments/sepedi-asr-eda/dataset/nchlt_nso/audio/507/nchlt_nso_507m_0301.wav,nchlt_nso_507m_0301,
/Users/khensanichabalala/DSFSI/MultilingualASR/MultilingualASR/experiments/sepedi-asr-eda/dataset/nchlt_nso/audio/507/nchlt_nso_507m_0659.wav,nchlt_nso_507m_0659,
/Users/khensanichabalala/DSFSI/MultilingualASR/MultilingualASR/experiments/sepedi-asr-eda/dataset/nchlt_nso/audio/507/nchlt_nso_507m_0117.wav,nchlt_nso_507m_0117,
/Users/khensanichabalala/DSFSI/MultilingualASR/MultilingualASR/experiments/sepedi-asr-eda/dataset/nchlt_nso/audio/507/nchlt_nso_507m_0103.wav,nchlt_nso_507m_0103,
/Users/khensanichabalala/DSFSI/MultilingualASR/MultilingualASR/experiments/sepedi-asr-eda/dataset/nchlt_nso/audio/507/nchlt_nso_507m_0088.wav,nchlt_nso_507m_0088,
/Users/khensanichabalala/DSFSI/MultilingualASR/MultilingualASR/experiments/sepedi-asr-eda/dataset/nchlt_nso/audio/507/nchlt_nso_507m_0249.wav,nchlt_nso_507m_0249,
/Users/khensanichabalala/DSFSI/MultilingualASR/MultilingualASR/experiments/sepedi-asr-eda/dataset/nchlt_nso/audio/507/nchlt_nso_507m_0275.wav,nchlt_nso_507m_0275,
/Users/khensanichabalala/DSFSI/MultilingualASR/MultilingualASR/experiments/sepedi-asr-eda/dataset/nchlt_nso/audio/507/nchlt_nso_507m_0277.wav,nchlt_nso_507m_0277,
/Users/khensanichabalala/DSFSI/MultilingualASR/MultilingualASR/experiments/sepedi-asr-eda/dataset/nchlt_nso/audio/507/nchlt_nso_507m_0075.wav,nchlt_nso_507m_0075,
/Users/khensanichabalala/DSFSI/MultilingualASR/MultilingualASR/experiments/sepedi-asr-eda/dataset/nchlt_nso/audio/507/nchlt_nso_507m_0115.wav,nchlt_nso_507m_0115,
/Users/khensanichabalala/DSFSI/MultilingualASR/MultilingualASR/experiments/sepedi-asr-eda/dataset/nchlt_nso/audio/507/nchlt_nso_507m_0129.wav,nchlt_nso_507m_0129,
/Users/khensanichabalala/DSFSI/MultilingualASR/MultilingualASR/experiments/sepedi-asr-eda/dataset/nchlt_nso/audio/507/nchlt_nso_507m_0317.wav,nchlt_nso_507m_0317,
/Users/khensanichabalala/DSFSI/MultilingualASR/MultilingualASR/experiments/sepedi-asr-eda/dataset/nchlt_nso/audio/507/nchlt_nso_507m_0303.wav,nchlt_nso_507m_0303,
/Users/khensanichabalala/DSFSI/MultilingualASR/MultilingualASR/experiments/sepedi-asr-eda/dataset/nchlt_nso/audio/507/nchlt_nso_507m_0128.wav,nchlt_nso_507m_0128,
/Users/khensanichabalala/DSFSI/MultilingualASR/MultilingualASR/experiments/sepedi-asr-eda/dataset/nchlt_nso/audio/507/nchlt_nso_507m_0100.wav,nchlt_nso_507m_0100,
/Users/khensanichabalala/DSFSI/MultilingualASR/MultilingualASR/experiments/sepedi-asr-eda/dataset/nchlt_nso/audio/507/nchlt_nso_507m_0074.wav,nchlt_nso_507m_0074,
/Users/khensanichabalala/DSFSI/MultilingualASR/MultilingualASR/experiments/sepedi-asr-eda/dataset/nchlt_nso/audio/507/nchlt_nso_507m_0060.wav,nchlt_nso_507m_0060,
/Users/khensanichabalala/DSFSI/MultilingualASR/MultilingualASR/experiments/sepedi-asr-eda/dataset/nchlt_nso/audio/507/nchlt_nso_507m_0289.wav,nchlt_nso_507m_0289,
/Users/khensanichabalala/DSFSI/MultilingualASR/MultilingualASR/experiments/sepedi-asr-eda/dataset/nchlt_nso/audio/507/nchlt_nso_507m_0510.wav,nchlt_nso_507m_0510,
/Users/khensanichabalala/DSFSI/MultilingualASR/MultilingualASR/experiments/sepedi-asr-eda/dataset/nchlt_nso/audio/507/nchlt_nso_507m_0504.wav,nchlt_nso_507m_0504,
