token,count
go,19885
a,18372
ka,17982
le,17587
ba,11441
o,10570
e,9738
ke,9015
ya,8780
se,7874
be,7514
ge,6088
re,5027
sa,4483
ga,4284
na,3840
mo,3413
wa,3353
gore,3065
di,2864
la,2102
ye,2040
yo,1653
tla,1105
tša,1086
no,914
ile,894
wo,888
bego,842
bona,787
ao,745
[s],612
gona,592
goba,591
motho,578
yeo,546
swanetše,522
setšhaba,517
gagwe,516
šetše,491
tšeo,476
bjalo,476
tše,455
pele,444
tseba,440
fela,419
yena,415
nna,410
seo,399
mongwe,381
fa,362
thoma,357
bo,352
batho,343
moka,329
yona,325
tsebe,325
ra,303
bja,292
taba,291
rata,289
lebaka,280
gomme,279
mang,276
napa,275
leo,272
wena,260
molaotheo,259
molao,256
monna,253
bao,249
dira,248
lego,245
kwa,237
pelo,235
ja,232
gago,221
fe,215
nngwe,207
tsela,207
mosadi,199
bolela,195
gare,190
maatla,188
nyaka,187
sengwe,186
gabotse,181
nako,180
nka,176
thuto,175
tle,170
lemoga,170
gopola,169
moya,165
kgobokano,165
tloga,164
mahlo,164
fase,160
gobane,158
gape,156
fao,154
maemo,153
swana,149
bangwe,148
bone,147
bana,146
tšona,143
bile,143
tee,143
kgone,139
kae,139
lona,136
morago,136
eng,135
mola,133
tsena,133
tšwa,128
profense,128
tokelo,127
sona,127
meetse,127
tlo,126
tšwela,126
šoma,126
ntle,126
selo,126
rate,125
mokgwa,125
mangwalo,123
karolo,121
yoo,120
tšea,115
nago,114
sephetho,114
ilego,113
lengwe,113
moo,112
maikarabelo,111
kgona,110
feta,110
woo,109
rena,107
khansele,106
netefatšo,105
temana,103
reng,103
sepela,102
dingwe,101
gae,100
lekgotla,100
banna,98
kgoši,98
hwetša,97
fihla,97
leloko,97
ofe,97
nnete,97
botša,95
mabaka,95
fetša,94
baka,93
mathomo,92
dilo,92
nke,91
ebile,89
rile,89
bago,89
tlile,88
godimo,88
laetša,88
ngwana,88
basadi,86
motse,84
kudu,84
mogwera,84
maloko,83
lerato,83
mme,83
ee,82
molato,82
matšatši,80
mangwe,80
lapa,79
ngaka,79
mabedi,79
swara,78
hlogo,78
tlase,78
t,77
hlwa,77
mathata,77
badimo,77
kua,76
molaokakanywa,76
maphelo,76
dipoelo,76
bjang,76
rego,75
batswadi,75
ditaba,75
bophelo,74
leka,74
morero,73
modimo,72
yela,72
bjale,71
dutše,71
mehla,70
kgorotsheko,69
fetola,69
palamente,69
lena,69
malapa,68
letšatši,68
theramelao,68
efe,68
american,67
nama,67
diprofense,67
states,67
kgomo,67
sego,66
phela,66
kgoro,66
realo,66
maoto,65
botse,65
gwa,64
fele,63
beilwego,63
ekwa,62
tsoge,62
mopresidente,61
duma,60
lapeng,60
bohloko,60
melao,59
hlaba,59
wona,59
dirago,59
bothata,59
pela,59
bokgoni,59
kgopolo,58
dula,58
tikologo,58
mešomo,57
hlola,57
tsebiša,57
ratago,57
lethabo,57
thabile,56
merero,56
netefatša,56
bantši,55
morwa,55
polelo,55
lehono,55
mantšu,55
mollo,55
thedimogane,55
kgolo,54
aga,53
šala,53
mofsa,53
tlhahlo,52
gana,52
boleng,52
kgopela,52
ditirelo,52
hloka,52
etulo,52
kgauswi,51
latelago,51
makala,51
ikana,51
borwa,50
mengwe,50
boga,49
tirelo,49
mohla,49
tšwetša,49
bjo,49
united,48
maloba,48
bohlokwa,48
sephiri,48
hlwekišo,48
mmušo,47
laola,47
fišago,47
nnoši,47
eupša,47
nyala,46
botšiša,46
kego,46
yola,46
thomile,46
phišo,45
hlokomela,45
tšwago,45
lekala,45
iri,45
iša,45
mpona,45
morwalo,44
nkga,44
laolwa,44
dirwa,44
amogela,44
fiwa,44
gane,44
rwele,44
tshepo,44
mosegare,44
kgolwa,44
šitwa,44
bitša,43
dithuto,43
kobi,43
ruri,43
tate,43
palelwa,42
akaretša,42
nyake,42
ditokelo,41
tšeago,41
bokaone,41
ntši,41
bolelago,41
hlokomele,41
mmagwe,41
moruti,41
lenaneo,40
phethagatša,40
ithuta,40
naga,40
mabapi,40
mokgatlo,40
bobedi,40
boraro,39
kwešiša,39
tloge,39
bea,39
loga,39
bolele,39
maano,39
kwele,39
hlakana,39
mma,39
tema,39
padi,39
thekgo,39
bošego,39
moriting,39
maleka,38
swanetšego,38
kgopelo,38
manoni,38
sehlola,38
motsotso,38
thuše,37
mošomo,37
lebala,37
dirile,37
mogopolo,37
bophelong,37
tharo,37
kwana,37
matlakala,37
hlabirwa,37
ditaelo,37
tšhelete,37
kgole,37
sehlare,37
moso,37
maknete,37
maabane,37
kgatelelo,36
beke,36
šomiša,36
baetapele,36
madi,36
tsheko,36
mananeo,36
laela,35
dikomiti,35
thaka,35
sebaka,35
marapo,35
bonala,35
kwala,35
melawana,35
boima,35
sekgole,35
neng,35
fetoga,34
thuša,34
robala,34
gešo,34
tsene,34
kgetha,34
swanela,34
letsogong,34
bontši,34
kabinete,34
tšama,34
taamane,34
bale,34
tshepedišo,34
eba,34
tsebo,33
tsoga,33
senya,33
ditulo,33
sello,33
ngwanaka,33
diphedi,33
moswane,32
dipuku,32
megokgo,32
science,32
leboga,32
felago,32
mengwaga,32
kile,32
karolwana,32
gola,32
mogolo,32
mohuta,32
bogale,32
fiction,31
hloma,31
dipeelano,31
romelwa,31
hlwe,31
bohlatse,31
lešaka,31
afrika,30
felego,30
leano,30
countries,30
tšewa,30
kgonago,30
dumelago,30
hlomilwego,30
polase,30
botatagwe,30
legolo,30
inama,30
phethagatšwa,30
kgaogana,30
fapana,29
legora,29
lesa,29
tokologo,29
itlama,29
ema,29
radio,29
eme,29
kamoka,29
thoko,29
mediro,29
tšatši,29
bolaodi,29
motlatšamopresidente,29
tatago,29
diphathi,29
letlalo,29
mare,29
mošemane,29
gotee,29
moithuti,28
sekgoba,28
mafelelo,28
makatša,28
lebelela,28
molomong,28
maphodisa,28
katlego,28
taolo,28
fetiša,28
bohlola,28
ipshina,28
pedi,28
eya,28
dijo,28
church,27
tiro,27
dikolo,27
balwetši,27
dinyakwa,27
segolo,27
molodi,27
mošate,27
gabotsebotse,27
sebata,27
dipoko,27
thaba,27
gauta,27
bonago,27
hle,27
tlemile,27
ntšha,27
gahlane,27
swanelwa,27
bose,27
praebete,27
mosomoso,27
toro,27
fola,26
ena,26
ona,26
phadima,26
nyalane,26
tlogela,26
dipotšišo,26
bodikela,26
medumo,26
lesibana,26
ntshe,26
mokokotlo,26
nyakega,25
new,25
kaonafaditšwego,25
modumo,25
moemedi,25
kgokaganya,25
kgethwa,25
šetšego,25
tlale,25
mekgwa,25
lewatle,25
thekga,25
dulago,25
lengwalo,25
moriti,25
diphoofolo,25
yunibesithing,25
feditše,25
pelong,25
mararo,25
tsenago,25
direga,25
bakgathatema,25
dikobo,25
baithuti,25
beng,25
orthodox,24
catholic,24
phetha,24
baemedi,24
tlala,24
west,24
buša,24
lekanego,24
šale,24
bewa,24
nkabe,24
lebelo,24
roman,24
molaodi,24
tumelothoko,24
leratorato,24
morula,24
meago,24
mpotša,24
thogorogo,24
tlatša,24
mohlomongwe,24
maphoto,24
ela,24
molekodi,24
ne,23
šomišago,23
south,23
aowa,23
mmolai,23
ruma,23
botho,23
kwane,23
kgolwe,23
dikgato,23
betha,23
ntlabile,23
kgaruru,23
tšerego,23
gobjalo,23
magareng,23
leme,23
fihlela,23
dimemorantamo,23
sepoko,23
monyenyane,23
kgethilwego,23
amana,23
sepediša,23
šomišana,22
motseng,22
ikemišeditše,22
dithabe,22
komiti,22
moleko,22
hweditše,22
eastern,22
tšhemo,22
tšhwene,22
obamela,22
ik,22
nyakile,22
ešo,22
kgale,22
kitima,22
tumi,22
beilwe,22
mmakatša,22
moisa,22
dirišwa,22
moota,22
mogaditšong,22
kgwatha,22
madimabe,22
beno,22
mpa,22
nepo,22
rapela,22
ratego,21
bolaya,21
state,21
lebakeng,21
phatlalatšwa,21
dire,21
bega,21
bitšwa,21
legodimo,21
ngwadilego,21
bonnyane,21
bontšha,21
teng,21
bagwera,21
moletlo,21
maina,21
boditše,21
tsebego,21
tiišetša,21
therešo,21
lla,21
še,21
šomile,21
etšwa,21
bookelong,21
fihlile,21
letelele,21
khomišene,21
leboa,21
itekago,21
eletša,21
tatagwe,21
iponele,21
tlago,21
leswiswi,21
more,21
mpho,21
yešo,21
matlwana,21
letswalo,21
opela,21
kgaetšedi,21
kerekana,21
dumele,21
botšago,21
hlokago,20
north,20
free,20
york,20
sešo,20
latele,20
malao,20
lesolo,20
tšhaba,20
kotsi,20
mogala,20
leswao,20
setlankana,20
mahlong,20
rereša,20
okeditšwego,20
šireletša,20
lesogana,20
ukangwego,20
baswa,20
mpotše,20
molekane,20
fiša,20
tšamile,20
bommasepala,20
kwago,20
komišene,20
thwe,20
madimo,20
legadima,20
menagano,20
moahlodi,20
ipeilego,20
molaleng,20
sekolong,20
dibeke,20
lekaleng,20
mphetlolla,20
lukas,20
mobe,20
diphetetšo,20
kgahlego,20
phapošing,19
fularela,19
lema,19
thwego,19
nkgopotša,19
mpholo,19
mphato,19
khutšo,19
kgantšha,19
mafahla,19
llela,19
tekanyetšo,19
nyakišiša,19
lefeela,19
maaka,19
lokologilego,19
fetše,19
laelwa,19
phahla,19
mahlatse,19
sebe,19
kgathago,19
mmatswale,19
polelwana,19
gorogile,19
mafelelong,19
nthata,19
megololo,19
kaonafatšo,19
dika,19
bogadi,19
bolwetši,19
bete,19
kopanya,19
labohlano,19
sedimo,19
muši,18
british,18
balwa,18
seatla,18
hlahlilwego,18
masa,18
foša,18
leke,18
lefa,18
gahlana,18
leba,18
kopana,18
ahlama,18
mabakeng,18
manyami,18
dibouto,18
dumelelwa,18
phapoši,18
kgaoga,18
mantši,18
dikoloi,18
nwa,18
tšwe,18
šitwago,18
polokong,18
botegela,18
leeto,18
kgobokeditše,18
kgatha,18
tonyago,18
šomišetšwa,18
mela,18
hlomagana,18
eke,18
ntheola,18
boele,18
namana,18
nko,18
tlogetše,18
tumelo,18
magala,18
masogana,18
kilego,18
phatlalatša,18
mabele,18
maemong,18
nyamiša,18
tsenya,18
football,17
palo,17
maikemišetšo,17
botlalo,17
selemo,17
lekope,17
napile,17
theeletša,17
fetago,17
magolo,17
je,17
palamonwana,17
k,17
tšweleditše,17
moletlong,17
maleme,17
diatla,17
mokgonyana,17
thedi,17
malome,17
moyeng,17
mehlala,17
ditšhelete,17
išwa,17
tsebja,17
dikgaetšedi,17
dibete,17
bohle,17
kopano,17
lenaba,17
šikologe,17
swele,17
moloi,17
barutiši,17
nape,17
tlalelwa,17
sefahlego,17
rage,17
dithapo,17
moabi,17
mphe,17
thewe,17
tseleng,17
tlhwekišo,17
tebelego,17
gonnyane,17
sengwai,17
lefe,17
komangkanna,17
fihlelela,17
nyakago,16
bonolo,16
mekgatlo,16
swa,16
lemogago,16
boyena,16
nyako,16
kwe,16
borutho,16
lle,16
mathomong,16
rekiša,16
sepetlele,16
swarane,16
dimela,16
late,16
hlokega,16
tšo,16
ikgethela,16
laodišetša,16
leina,16
thabela,16
dithaba,16
elelwa,16
bjona,16
megopolo,16
feroga,16
bagolo,16
dikolong,16
lokiša,16
tlelwa,16
mae,16
repabliki,16
nthaka,16
leemo,16
ntšhithola,16
ikanaitlama,16
lebotse,16
dikgopolo,16
dipitšo,16
hlaloswa,16
mooki,16
setopo,16
lemogile,16
araba,16
phumolo,16
difahlegong,16
bašomi,16
thabang,16
gomiša,16
opile,16
monga,16
swere,16
molaotheong,16
bolawa,16
wele,16
hlama,16
matlafala,16
bosetšhaba,16
botšhotšhisi,16
tonakgolo,16
setšhabeng,16
bouto,16
magato,16
tsogego,16
ditsebe,16
boikarabelo,15
nona,15
dipelaelo,15
nakong,15
meragelo,15
batamela,15
mmatlala,15
keletšo,15
tebego,15
meoya,15
mere,15
mešunkwane,15
dule,15
ithutela,15
makaditšwe,15
poelomorago,15
tlaleletša,15
phefo,15
rerišana,15
hwile,15
tshekatsheko,15
gatelela,15
fapanego,15
lekgarebe,15
tsebagatša,15
lerapo,15
bina,15
dihlare,15
filego,15
mošito,15
boletše,15
marobalo,15
lokile,15
tšwelela,15
motswadi,15
batlatšatona,15
monagano,15
mpule,15
thomago,15
beile,15
ipetlelago,15
malwetse,15
primary,15
ratile,15
tšweletša,15
ntshwarela,15
pono,15
seno,15
ntsho,15
mpe,15
fokelwa,15
mmotšiša,15
rera,15
tekano,15
tšhoša,15
boloi,15
tlogo,15
letseka,15
mogopolong,15
lwantšha,15
tlogile,15
teteane,15
mobotse,15
dio,15
seema,15
kopanong,15
tšee,15
šomago,15
nnaena,15
karolong,15
etego,15
namela,14
hlatholla,14
mahlale,14
seriti,14
didirišwa,14
ditsebišo,14
modiro,14
letšwa,14
ingwadišitšego,14
pe,14
swane,14
khuditše,14
gogoba,14
thata,14
east,14
peleng,14
makale,14
matšatšana,14
hlalošitšwe,14
hlatswa,14
meriri,14
mebedi,14
sengwalo,14
mmitša,14
sepelelana,14
tšere,14
et,14
meela,14
gohle,14
thulano,14
mehola,14
bolelwa,14
ditshepetšo,14
gabedi,14
lefase,14
tiragatšo,14
boomo,14
polao,14
sekolo,14
monwana,14
we,14
hlahla,14
wetšwa,14
lemoša,14
tsebago,14
dikliniki,14
fapafapana,14
swaragane,14
morwana,14
bakgonyana,14
tholomedi,14
phapano,14
khuduthamaga,14
sesepediši,14
kgarebe,14
lehlasedi,14
letona,14
direla,14
matšatšikgwedi,14
bokgabo,14
mafulong,14
melaotlhakwa,14
gokarela,14
ikgethelago,14
itiwa,14
boitshwaro,14
mminoratho,14
lenaka,14
ekiša,14
wetšopele,14
sea,14
apere,14
thula,14
kgathotema,14
mong,14
roromela,14
mošomong,14
file,14
dikgomo,14
ikopanya,14
nagana,14
remile,14
kgoboketšo,14
aka,14
robetše,14
popego,13
ikgapeletša,13
sefatanaga,13
mohola,13
dibjalo,13
ngwalwe,13
molwetši,13
gopolwa,13
godingwana,13
namane,13
elwa,13
nyakegago,13
dihlaa,13
sela,13
lesome,13
malwetšana,13
moseka,13
i,13
gapeletša,13
ngwageng,13
montši,13
itira,13
fetoge,13
lesea,13
etse,13
dinao,13
kganyogo,13
bogologolo,13
diega,13
romile,13
šireleditšwe,13
kganthe,13
nyakwago,13
sepedi,13
kgopolong,13
semaka,13
nyalana,13
mogatšaka,13
bong,13
swerego,13
african,13
meno,13
boipiletšo,13
tshwanelo,13
lata,13
pebetse,13
lete,13
ditiro,13
gammogo,13
hlolosetšwe,13
bonako,13
nea,13
phamoge,13
diporokerama,13
bohlano,13
hlaloše,13
metšiša,13
ahlaahle,13
gapeletšwa,13
arabe,13
peditharong,13
mmele,13
tlogele,13
boithabišo,13
polokego,13
sware,13
holofetše,13
mmasepala,13
holofela,13
seripagare,13
thalabodiba,13
loma,13
mobose,13
rarolla,13
diragatša,13
nkotla,13
bolokegilego,13
baoki,13
dikutu,13
boledišana,13
rotoga,13
theogela,13
democratic,13
seswaro,13
ipea,13
homola,13
motswako,13
boutu,13
sefe,13
ranta,13
kabo,12
nepagale,12
sefapano,12
malokong,12
kamokgwa,12
golofatša,12
naka,12
sefero,12
tlatšwa,12
kimollo,12
bašimanyana,12
magalapa,12
badudi,12
bodika,12
tsenelago,12
lapile,12
national,12
mathatanyana,12
tsenelela,12
tshepišo,12
seba,12
therišano,12
ngwako,12
seabe,12
leotwana,12
mosepelo,12
seroto,12
fetole,12
tshepe,12
lentšu,12
selepe,12
tshepetšo,12
mabotse,12
nametše,12
lala,12
tumelelo,12
kgotsofatša,12
tšhoga,12
tafoleng,12
romela,12
robatša,12
diphiri,12
dikgoro,12
seke,12
bakgoma,12
romele,12
fo,12
poloko,12
phošo,12
fane,12
dikontraka,12
nyatša,12
maleba,12
tšokatšokišwa,12
hlabe,12
nywaga,12
amogelwa,12
rwelego,12
phethišo,12
agela,12
bogetše,12
ikanne,12
school,12
lefaseng,12
spikara,12
tšhela,12
sebakanyana,12
namile,12
etšwe,12
bokatodi,12
seloko,12
maboto,12
china,12
aperego,12
lesedi,12
itaetša,12
ditigelo,12
noka,12
tsorama,12
papa,12
dingongorego,12
mei,12
kago,12
tšohle,12
mpheleletša,12
tiile,12
mohu,12
humanago,12
mohlokomedi,12
nnošinoši,12
tshepedišong,12
lalwe,12
newa,12
ntšhoša,12
malapeng,12
hwetše,12
masea,12
makgona,11
šoro,11
theko,11
itapiša,11
ditekolo,11
hlabollwa,11
loketšego,11
toka,11
makatšago,11
tšhego,11
metsotso,11
gadikgale,11
lenala,11
kaonafalo,11
phagamego,11
ithutago,11
dirilwego,11
maitemogelo,11
akanya,11
tšhomo,11
mašaka,11
lebelelago,11
ahlola,11
bonego,11
kgatla,11
marula,11
lenyalo,11
kotofaditšwego,11
imela,11
makgopo,11
ikatološa,11
boroko,11
šupa,11
hlogong,11
manamela,11
phelago,11
dikgopelo,11
fediša,11
mmotša,11
lekgetho,11
bapala,11
mna,11
swantšha,11
mafahleng,11
motšhelo,11
belaela,11
mabu,11
sebotse,11
amogetšwe,11
letša,11
dirope,11
fetego,11
letše,11
lahlago,11
setifikeiti,11
boingwadišo,11
bakeng,11
rerwa,11
teatere,11
semelo,11
churches,11
ngwadišitšwego,11
nkile,11
hlolwa,11
diripe,11
tsenelelo,11
kgogedi,11
phatišišo,11
matšato,11
babedi,11
emelela,11
koketšo,11
setatamente,11
letseno,11
nolofatša,11
fetolago,11
seripa,11
alogago,11
medu,11
nokela,11
tšwetšopele,11
lape,11
dikile,11
dithulaganyo,11
tsema,11
šišintšwego,11
šišinya,11
metšhakelo,11
phare,11
sponono,11
mokgethwa,11
lekana,11
pitšeng,11
apea,11
betlilwe,11
baba,11
ntlenyana,11
matšatšing,11
dirwago,11
makgoba,11
tsebišago,11
hwago,11
sethogothogo,11
kgorong,11
lešilo,11
melato,11
boletšego,11
taelano,11
ntšhetšwa,11
leswiswing,11
internet,11
hloko,11
pharola,11
kgoeletšo,11
lefatša,11
seraga,11
mabitla,11
maitshwaro,11
roko,11
mojako,11
akhwi,11
melotšana,11
nakedi,11
bethabetha,11
lalwa,11
mohlankedi,11
labone,11
tlolelwa,11
šupe,11
sebešong,11
kgetho,11
histori,11
mologadi,11
makatika,11
bakopa,11
tlatše,11
gweba,11
lwa,10
matseno,10
bogolo,10
rarollwa,10
bogoši,10
batšeakarolo,10
diranta,10
fudiša,10
nyalantšhwa,10
hlalošwa,10
boleta,10
agile,10
phošolla,10
robale,10
mmontšha,10
tokollo,10
methopo,10
manamanyana,10
molora,10
mathateng,10
diregago,10
pula,10
lepanta,10
mehleng,10
mogolomonoši,10
ganne,10
theetša,10
malebana,10
boditšhaba,10
hwa,10
kemišo,10
international,10
age,10
moratiwa,10
lethari,10
eleletša,10
kaonego,10
lahlegago,10
ditefelo,10
kwagale,10
ditšhaba,10
ithuša,10
sepelela,10
šomišitše,10
swerwe,10
thušo,10
befelwa,10
hwetšwa,10
diriše,10
ditlabelo,10
fetogago,10
badiredi,10
makatše,10
mabodi,10
mohlakanelwa,10
maswanedi,10
itshepelela,10
timeletše,10
akaretšwa,10
writers,10
filwego,10
phethwa,10
lewa,10
sefala,10
pholo,10
phadimo,10
phathi,10
moswa,10
kata,10
sereti,10
central,10
wola,10
boloka,10
taelo,10
tsenywa,10
fošagetšego,10
ko,10
ewa,10
phetolo,10
bonale,10
nomoro,10
beeletšwa,10
kala,10
maserati,10
meboto,10
humana,10
mpolaya,10
ditseno,10
dimateriale,10
lebenkele,10
mmadi,10
mehlašana,10
kgorokgolo,10
terekere,10
hlakišwa,10
tshekatshekosemoya,10
bongaka,10
university,10
koloi,10
kgaphela,10
tšhabe,10
puku,10
nkhwetša,10
tagafala,10
hlamilwego,10
bogega,10
gobe,10
leetwana,10
mankgeretlana,10
mogweraka,10
ditekanyetšo,10
meaparo,10
mesepelo,10
ikgodiša,10
kgonagalo,10
filwe,10
kgahlwa,10
mohlang,10
tšwele,10
dipalo,10
tebogišo,10
rutegile,10
dinonyane,10
dikoša,10
katana,10
lebane,10
bola,10
tshedimošo,10
matsogo,10
bešo,10
kgamelo,10
baagišane,10
theilwego,10
nyalwa,10
setšo,10
pelodithata,10
bosasa,10
welago,10
party,10
moreku,10
ithekole,10
metse,10
dithulano,10
batšweletši,10
dikgomommuu,10
maphadiphadi,10
llelwe,10
ditherišano,10
ntemela,10
nkareng,10
lora,10
oanteka,10
popota,10
mehutahuta,10
latin,10
boa,10
akaretšwago,10
kgato,10
matsogwana,10
befa,10
swarwa,10
phethagatšo,10
au,10
b,10
bowa,10
tlaiša,10
ramonna,10
mmila,10
form,10
nyama,9
tona,9
megala,9
websaete,9
maake,9
letsogo,9
fihleletše,9
raloka,9
šutiša,9
mabothata,9
common,9
malaong,9
nkotsana,9
phaka,9
theraka,9
banamedi,9
kgakanego,9
leta,9
inotlelela,9
ditsebi,9
lebanego,9
hlahlo,9
ithuteng,9
buela,9
karate,9
seswantšhi,9
dikarabo,9
dinoko,9
lokišetša,9
rekišetša,9
dipheko,9
boifa,9
magae,9
oma,9
hall,9
lokelwa,9
dumeletše,9
lananeo,9
rongwa,9
sebete,9
kgalema,9
phatlalala,9
lebeletše,9
ditwatši,9
opa,9
setswalle,9
lehlakore,9
pipile,9
ngwedi,9
tlaišwa,9
lwantšhwa,9
tlogelwa,9
mmagobona,9
seso,9
makgwakgwa,9
dinepo,9
mothopo,9
seetša,9
lebone,9
lefelwe,9
semolao,9
bonana,9
ekonomi,9
matsapa,9
tsenyeletša,9
bowena,9
babina,9
noko,9
ofisi,9
ota,9
mafelo,9
motheo,9
amogelegago,9
kgotsofalago,9
kholofelo,9
iše,9
latelana,9
palelago,9
renkeng,9
batametše,9
nakwana,9
kamego,9
hlagelwa,9
seboko,9
mmu,9
diphošo,9
nne,9
tšerwego,9
bongwe,9
metšhelo,9
pefelo,9
fofa,9
dinolofatši,9
matsobane,9
moriri,9
ratana,9
hlompha,9
sešogo,9
mmino,9
mokgwanyana,9
bathuši,9
thutong,9
basepediši,9
ruta,9
lota,9
selego,9
bibele,9
dipilisi,9
thipa,9
lori,9
mosela,9
bakgomana,9
gata,9
ditokomane,9
seta,9
teta,9
eta,9
hlokomelwa,9
setsebi,9
thekgwa,9
temo,9
mbora,9
nyakana,9
bonang,9
phethe,9
lekile,9
pope,9
pata,9
matuba,9
lefaufau,9
ditsela,9
kota,9
ntšhutha,9
fedilego,9
lebile,9
dilahlwa,9
dudišitše,9
sekhwi,9
kgokong,9
tomele,9
fana,9
mm,9
selapa,9
seširo,9
lekomane,9
ehlwa,9
utswa,9
sekgekolwana,9
babinakwena,9
kgodišo,9
pelaelo,9
molaletši,9
bontšhitšwe,9
tsoša,9
ntwa,9
masakeng,9
botsebi,9
rutla,9
tšela,9
sehlageng,9
tšhomišo,9
nnawee,9
hlotlilego,9
madiba,9
pudigoroga,9
bodutu,9
felo,9
mahlwana,9
beakanya,9
bušet,9
prof,9
ntše,9
morutiši,9
lenyaga,9
mpetolla,9
manyalo,9
setho,9
segae,9
pharile,9
mmalenawana,9
mehuta,9
serapana,9
hireletšo,9
meraro,9
pala,9
motšweletši,9
moswanano,9
tlhago,9
bulwa,9
malamorena,9
digalagala,9
mererwana,9
moswana,9
lešoko,9
kgopelago,9
mašoboro,9
mathumaša,9
polokelo,9
sekgame,9
selehono,9
swanago,9
masometshela,9
kgogiša,9
feditšego,9
toropong,9
hlakodiša,9
palela,9
mantšiboa,9
gonabjale,9
nale,9
maele,8
mošireletši,8
mesong,8
mollong,8
hwetšwago,8
šome,8
omile,8
dithoto,8
potego,8
old,8
matutenyana,8
itirela,8
boithatelo,8
lelapa,8
temogo,8
seswai,8
taetšo,8
phala,8
maphefo,8
matswele,8
law,8
emaema,8
fetilego,8
dikgogo,8
boleke,8
ikemetšego,8
kgaotšo,8
fetotšwego,8
kobamelo,8
taolomolao,8
notlela,8
lefele,8
sepeditšwe,8
mapheko,8
gogago,8
boikgafo,8
sepelelanago,8
aroganego,8
tladitšwego,8
fokola,8
hlolwago,8
kahlolo,8
mantle,8
apewa,8
emeletša,8
magoro,8
molaong,8
tšešo,8
goketša,8
apare,8
hlweka,8
geno,8
ikhwetša,8
bolailwe,8
badikana,8
badilego,8
bakgopedi,8
solela,8
mmogo,8
alafe,8
madiamagolo,8
theeletšo,8
matlafatšwa,8
dithebele,8
morata,8
goroga,8
thome,8
kgethollego,8
bakang,8
tshwanele,8
boleloko,8
merreo,8
mafase,8
tswalelwa,8
gopolaseo,8
tšhomišano,8
phapošeng,8
itefeletša,8
katološwago,8
magaseterata,8
fihle,8
fepa,8
sedimoša,8
phalola,8
tatedi,8
lempo,8
kgabaganya,8
kanegelong,8
dirišetšwa,8
mekgwakgokagano,8
tlemaganego,8
hlokometše,8
tebelelo,8
lebitla,8
thulanogare,8
pipa,8
dipheta,8
robalwa,8
tlhaselo,8
swaela,8
selete,8
bokae,8
thomiše,8
otlela,8
ikopanye,8
timetšego,8
mofaladi,8
hlokofala,8
maiteko,8
fago,8
gofela,8
tonki,8
dingwalwa,8
fofo,8
sethokgweng,8
nageng,8
thea,8
segole,8
malope,8
mmalwa,8
šomana,8
arabišana,8
sale,8
mogalakwena,8
kgotsofatše,8
mapanta,8
tšhelwa,8
mebila,8
mmago,8
sega,8
thala,8
mothalo,8
itše,8
mahlano,8
rute,8
australian,8
sepele,8
sepetša,8
tlhakanelo,8
loke,8
mene,8
mpeng,8
gama,8
fetoša,8
taudi,8
hlapaola,8
foufala,8
kgethollago,8
hlake,8
tswalela,8
mekae,8
lekane,8
mogolodi,8
atiša,8
arts,8
lokologa,8
bopa,8
dinose,8
ama,8
dinaletšana,8
dintlha,8
šitlela,8
boradia,8
bobe,8
galefa,8
lebowa,8
theeditše,8
lelokong,8
pitšo,8
dinawa,8
leletša,8
lekalekana,8
kopane,8
latswa,8
ditlhalošišo,8
bolelwago,8
išago,8
matsogong,8
kaone,8
monyalo,8
mooko,8
tsee,8
hlwekilego,8
amanago,8
maseme,8
mathoko,8
nyalelana,8
mogale,8
rekišwa,8
bollago,8
kgogo,8
bagologolo,8
morena,8
mobu,8
setlamo,8
kakaretšo,8
mohlodi,8
mafsa,8
godiša,8
lefelwa,8
makgotla,8
etiša,8
ripa,8
hlahlela,8
mokgotse,8
mathapama,8
mopulana,8
moputso,8
hai,8
nkane,8
diposo,8
ditlwaelo,8
mosetsana,8
mentši,8
thopa,8
ntokolle,8
kotara,8
dithala,8
galekwe,8
pompela,8
dimolekule,8
kompase,8
mathebo,8
emela,8
kukamo,8
obaoba,8
letlakala,8
botšweletši,8
mofahloši,8
ikemišetša,8
khukhuna,8
dikholo,8
ipona,8
bogwa,8
mphokela,8
military,8
banyalani,8
ragetše,8
sentšeng,8
swarela,8
setlwaedi,8
magadi,8
temošo,8
panwa,8
tanka,8
mebele,8
maswika,8
efa,8
ikgobokeletša,8
kgahla,8
ruetšwe,8
fete,8
ditekanyo,8
tšhoganetšo,8
moyameetse,8
maswafo,8
dipitsi,8
elwego,8
kgadika,8
lotwa,8
aparelwa,8
mabenkele,8
mosegareng,8
thakgafatšang,8
lephera,8
lelekang,8
ditlhalošo,8
malebiša,8
lekola,8
bala,8
lahlelwa,8
teko,8
felela,8
hlabja,8
flat,8
theeleditše,8
bogoboga,8
sepekenyi,8
tšhologo,8
saints,8
bonwa,8
hlathollele,8
dirokolo,8
rutega,8
memo,8
omiša,8
boreledi,8
llile,8
fedišwa,8
ditlabonyane,8
maatleng,8
mmege,8
letlankgopola,8
goeletša,8
tlwaela,8
air,8
laetše,8
lemogwa,8
sebakeng,8
thaletšwego,8
swarago,8
modirong,8
mongwadiši,8
lamola,8
ngwanenyana,8
galase,8
aba,8
bapetšwa,8
pegelo,8
hlakahlakanya,8
tšwelopele,8
mose,8
nomorwe,8
lekalekane,8
dipapadi,8
malobanyana,8
tlogelwago,8
nyanyeng,8
dimmaene,8
kgethegilego,8
makgolo,8
tlogago,8
kamogelo,8
mošupologo,8
rametlae,8
matome,8
abetše,8
modiredi,8
tswaletšwego,8
mošomothomo,8
difatanaga,8
setaele,8
sepelelane,8
sekgopi,8
forana,8
kelokago,8
banka,8
kgafetša,8
magora,8
ikgetha,7
fapane,7
mphotlela,7
kelo,7
tekniki,7
lengwalong,7
second,7
letswayana,7
begwa,7
sekwa,7
bodiidi,7
kudumela,7
notlelwa,7
lebelelwa,7
šalela,7
area,7
tamolo,7
hlokiša,7
mmatshepho,7
amago,7
tliša,7
arolwa,7
bogabariele,7
bjala,7
mehlare,7
tlhabollo,7
sethale,7
mmotše,7
nepišo,7
romelwe,7
lakalekanago,7
kalatšo,7
dife,7
botše,7
tšeli,7
mogolelwa,7
armed,7
forces,7
dikopano,7
mphoka,7
freddie,7
kalafi,7
mmušeletšwa,7
baditi,7
dirang,7
poelo,7
rekela,7
mefelelo,7
bonwe,7
bommathinyane,7
kgagano,7
mafeelana,7
letlakaleng,7
maupa,7
mane,7
hwe,7
india,7
dumelelwago,7
šidulla,7
toropo,7
lokago,7
tsenela,7
kwano,7
ngakeng,7
luthere,7
lehlabula,7
kagong,7
tokollong,7
kotofala,7
sethibaletšatši,7
hlamega,7
oketšegilego,7
hlaotšwego,7
itlema,7
ngwaba,7
mašianoke,7
tirišano,7
diruiwa,7
dingangišano,7
hlokege,7
dipolotiki,7
lahlele,7
tšhošetšwago,7
kgahlišego,7
nyakwe,7
thelebišene,7
mpala,7
dinako,7
tswakanya,7
ntlong,7
fans,7
tsongwa,7
fole,7
fapafapanego,7
hlakanelo,7
thoto,7
gatišitšwego,7
otlologa,7
french,7
africa,7
demokrasi,7
letaba,7
sekatane,7
tiišetšwa,7
borobalelo,7
nyakilwe,7
sefatamollo,7
kgotsofatšago,7
mathomothomo,7
tokomane,7
kgafetšakgafetša,7
selelago,7
tšweletše,7
roma,7
mmina,7
thwantšha,7
mmotuka,7
mokgwana,7
kaaka,7
tšwelele,7
pego,7
tiilego,7
makalo,7
rapeletša,7
phanele,7
nyakegego,7
hlokile,7
monyetla,7
empa,7
tlabega,7
ehwa,7
remela,7
sefolo,7
tshepetšoya,7
souta,7
huetšago,7
direlago,7
lekgoba,7
tšweletšo,7
tlabile,7
gamatlebjane,7
lekgowa,7
nations,7
kgotsofalele,7
itirago,7
loka,7
bato,7
date,7
phulego,7
mašoba,7
lokaloka,7
matla,7
hlalefetša,7
hlompho,7
molekwa,7
kgonego,7
motšhene,7
sekamela,7
tselana,7
manaba,7
phološwa,7
galala,7
kotwa,7
mošomi,7
melaetša,7
sellong,7
fokago,7
masepala,7
wag,7
ago,7
ditlhahlobong,7
kereke,7
biro,7
ikemišetše,7
lwe,7
dithutong,7
phetogo,7
ganetšago,7
lekole,7
nepagetše,7
boikgopolelo,7
intasteri,7
keresemose,7
ipitša,7
bonane,7
kgobokeditšwego,7
lebakanyana,7
kgonege,7
thabetše,7
mala,7
fuša,7
lokolla,7
lelalaphaephe,7
bophodisa,7
gapeletšega,7
godile,7
balekodi,7
molomo,7
tatelano,7
itia,7
koma,7
senatla,7
mošomiši,7
sena,7
kgahlanong,7
otlelago,7
senamelwa,7
liberal,7
mathamaga,7
montle,7
dilete,7
tlabego,7
bitšwago,7
basotho,7
lekwa,7
moraleng,7
rutilwe,7
modirišokgopelo,7
diphapano,7
itaola,7
feteletšego,7
samme,7
moswaramarapo,7
motswetši,7
mmelegi,7
hlalane,7
mašole,7
gosasa,7
rwale,7
šalago,7
atlega,7
tekolo,7
fokotša,7
lahle,7
magapu,7
marotse,7
mafodi,7
maraka,7
mono,7
pudi,7
tlemilego,7
mphogodiba,7
otle,7
ai,7
moabalefa,7
molaodipharephare,7
ie,7
kgonono,7
netefatšago,7
golago,7
setimela,7
lebelelwe,7
gole,7
hlabilwe,7
phasitše,7
world,7
tshwenya,7
beakantšwego,7
league,7
thulaganyo,7
malatodi,7
popapolelo,7
tšweletšwa,7
tsošološa,7
bolokologi,7
noga,7
tselapedi,7
diila,7
nepiše,7
mabokgone,7
ngwala,7
lebothata,7
mmatšhego,7
hlaola,7
bonagetše,7
palelwago,7
hlakotše,7
saenwe,7
ithata,7
dikholego,7
diripwa,7
meokgo,7
nkego,7
phedišana,7
šate,7
nwelele,7
boledišane,7
ihlo,7
phakiše,7
golegwe,7
tikirii,7
ngwang,7
phelwa,7
diaduma,7
hlapela,7
dintšhi,7
potfolio,7
mmeile,7
gahlanetšwa,7
telefatšo,7
matala,7
thomiša,7
lahlegelwa,7
obja,7
selekega,7
sekhwama,7
kgodu,7
mekhuri,7
sehlogo,7
pakatiro,7
seruthufatši,7
lela,7
orego,7
dihlopha,7
kgebe,7
ahlaahlilwe,7
bomaseterata,7
khuta,7
mahlaku,7
bokamoso,7
ponagatšo,7
ganong,7
mokopu,7
diripa,7
afa,7
sera,7
tatelelo,7
metheo,7
baratani,7
dipit,7
tsebega,7
saena,7
ikhomotša,7
laetšago,7
batlagonna,7
motšheletšhele,7
noto,7
rume,7
lebega,7
mafelelobeketelele,7
pampiri,7
bakiša,7
mmeleng,7
haledi,7
oketšega,7
matriki,7
babjago,7
nkgotla,7
aperwe,7
matrikana,7
boamogelong,7
balega,7
mogononelwa,7
tlwaetše,7
tlwaetšego,7
šennego,7
ramasedi,7
phirima,7
saenetšwego,7
boletšwego,7
hlobogwe,7
šomišega,7
roto,7
letswele,7
mohlala,7
ngwaga,7
mohlomong,7
lokolle,7
mebileng,7
mošamawatle,7
senyegile,7
dikološa,7
sereto,7
kweše,7
diela,7
thelela,7
bohlapelong,7
mathaere,7
wetše,7
matlalo,7
batsinkedi,7
basekaseki,7
tekatekanyo,7
moreti,7
tsenego,7
moanegwa,7
lenyenyane,7
pheta,7
dikgorotsheko,7
thari,7
phafana,7
morwedi,7
lekhwi,7
ramokole,7
phema,7
gapeleditšego,7
kgaroga,7
kgatišo,7
hlakelela,7
kgakala,7
kgolwane,7
ditšhošane,7
dintši,7
bomenetša,7
dipelong,7
megopolong,7
ntogela,7
ntšhiwa,7
tsopole,7
saki,7
thubamalapa,7
fanago,7
tlwaelegilego,7
robega,7
malesa,7
molekani,7
itshepile,7
dirišitšwego,7
mahlapahlapa,7
dumeletšego,7
setlamong,7
sererwa,7
badišišitšwe,7
ntšhwa,7
šalana,7
kgaoganego,7
fetolelwa,7
tšhošetšwa,7
mahla,7
bi,7
panga,7
porega,7
bankeng,7
art,7
magistrata,7
matolo,7
mmipe,7
company,7
morako,6
dikgahlego,6
hlalefelathoko,6
wago,6
badiša,6
phaphatha,6
rerišanago,6
mmoloka,6
bokgope,6
ditokumente,6
continental,6
congress,6
manaka,6
mokopana,6
kgakanegong,6
rometšwego,6
motšhoni,6
sebelana,6
badiidi,6
boletšwe,6
ii,6
phethwago,6
morogo,6
dinomoro,6
hlamula,6
tuma,6
tswalano,6
topa,6
patla,6
ntšea,6
bakwago,6
dulwa,6
wammala,6
mokadiathola,6
reka,6
hlamago,6
rarollwago,6
kekeetšane,6
botlotla,6
bophara,6
kgaoganago,6
diwate,6
ikemetše,6
phuthela,6
tiiša,6
kalafo,6
kaonafatša,6
folego,6
thabišwa,6
dudišwa,6
keteka,6
hlabetše,6
lebadi,6
kgaoganya,6
molamo,6
konalo,6
thalele,6
mekgwatshepetšo,6
phemiti,6
epa,6
omelele,6
bareki,6
swaya,6
dikgoši,6
botšološoša,6
hlatsela,6
latelwa,6
magoši,6
nolofatšo,6
ipolaya,6
moesa,6
kgotsofatšo,6
ratega,6
mmanadinadi,6
dumela,6
gebaswanetše,6
seketša,6
thušwa,6
tsikitla,6
ipabalela,6
bokgobadingwalo,6
bjako,6
mokaba,6
masole,6
thewa,6
setulo,6
sekgowa,6
šibašiba,6
tiišetše,6
rathagantšha,6
bokgalaka,6
noše,6
šomišitšego,6
tswakanywa,6
naganelago,6
malwetšing,6
mošiši,6
legogo,6
maboteng,6
ditšhikamadi,6
diphadišano,6
diklapo,6
tswalanyago,6
nonwane,6
kgatlampana,6
taodišwana,6
baotledi,6
gakatšwa,6
befetšwe,6
mešongwana,6
mekgahlo,6
kobiwa,6
dumelwetšego,6
bagwebi,6
tirobophelo,6
palelwaruri,6
digole,6
dipušetšo,6
menngwaga,6
itemogelago,6
dibekeng,6
poraebete,6
tlhalošišo,6
neketifi,6
gedigetša,6
tlišitšwego,6
boute,6
hwilego,6
phošollo,6
šogilwego,6
mafokonolo,6
mafokontši,6
mafokofokwana,6
mohlobo,6
senkwa,6
tlemollo,6
lehuto,6
mokgopedi,6
palelwe,6
marematlou,6
šo,6
mofi,6
hlahlobela,6
mokgadifela,6
setšweletšwa,6
tatikgwedi,6
matati,6
lefelelwa,6
dumege,6
festival,6
letswai,6
segetšwe,6
mellwaneebile,6
godimodimo,6
setsopolwa,6
gatišwe,6
metato,6
dipshio,6
gokara,6
tshwanetše,6
kwagala,6
tlhokomelo,6
kgoboketša,6
tabana,6
lale,6
eletšana,6
taolong,6
taolopheko,6
thorwana,6
bodudi,6
šadiše,6
raga,6
maswaodikga,6
kgopele,6
toloki,6
boradinama,6
ineng,6
mokotlaneng,6
bofelela,6
elele,6
amegago,6
thibelegego,6
ikema,6
ipone,6
bapedi,6
badišišwa,6
gobaditšwego,6
atšha,6
boela,6
molebaleng,6
hlwahlwa,6
akantšwe,6
thabe,6
legorong,6
iketle,6
bomotho,6
mesebelele,6
lemeng,6
april,6
itheta,6
kansas,6
city,6
renago,6
tlaba,6
mmotšago,6
molatong,6
romago,6
disego,6
mmona,6
ngwadilwe,6
badišitšwe,6
kgaolo,6
sesotho,6
tlilego,6
gadika,6
mantona,6
batlatši,6
swarelela,6
makhura,6
hlabile,6
senna,6
mahlare,6
laolega,6
akhaonte,6
dikgatišobaka,6
dirapama,6
mmileng,6
bolokwa,6
peeletšo,6
makgoma,6
dumelelwe,6
kwametša,6
tau,6
tšwetšapele,6
matlala,6
swaba,6
america,6
kholego,6
fore,6
tahlegelo,6
rilego,6
šia,6
mmagongwana,6
kgonegago,6
meetseng,6
hlokofetšego,6
akola,6
kabotlaleletši,6
phethagatše,6
holege,6
nta,6
mathuding,6
anega,6
thulanong,6
yago,6
tšhipi,6
polaka,6
rea,6
hlasela,6
lefelo,6
bosodi,6
matšatšinyana,6
mathibolle,6
belegwa,6
ikonomi,6
tebanyo,6
kopanyo,6
sekhwameng,6
lefetšwe,6
tšheke,6
maswa,6
kaonafatšwa,6
sehlongwa,6
setšweletša,6
betla,6
felwa,6
tladi,6
soweto,6
hlakahlakantšha,6
tsošološo,6
šefa,6
marama,6
namelela,6
mafofa,6
mpete,6
rwelwe,6
itšeng,6
hlwele,6
molefe,6
fapanago,6
laolegego,6
boleleng,6
kopafaditšwego,6
thušana,6
thekgana,6
nonyana,6
kopanywago,6
šetša,6
mmagauta,6
tlabakelwa,6
bomakgolo,6
foromo,6
hlala,6
melokong,6
ntlega,6
setšidifatši,6
tšweletšago,6
mogolong,6
hlongwa,6
dikgwebo,6
los,6
angeles,6
diketswana,6
sebepi,6
boganka,6
bohlokotsebe,6
kgwahlile,6
fiwago,6
lethumaša,6
bongwaledi,6
sethunya,6
fodile,6
tabeng,6
fero,6
nnyane,6
tsebalega,6
dirilego,6
tlaleletšo,6
kgano,6
sidiko,6
maatlafetše,6
seporo,6
welwa,6
meedi,6
ntira,6
ngwanagwe,6
pelego,6
setseka,6
fante,6
pukuntšu,6
saennwego,6
tempiwa,6
iponagatša,6
kholofetšo,6
force,6
dumedišana,6
botšišana,6
seswa,6
hlapa,6
projeke,6
dutšego,6
kgane,6
mohlagase,6
mafoko,6
segalo,6
tshedimopo,6
ditho,6
hlaela,6
dibini,6
hlokwago,6
oketša,6
magaeng,6
mmotegile,6
abula,6
tlabegile,6
ts,6
enela,6
leseana,6
tloša,6
golofetšego,6
abelana,6
boitsebelo,6
metsemagaeng,6
ditemošo,6
pate,6
dumile,6
mmulela,6
kganano,6
mananetefo,6
metsesetoropong,6
tholomelela,6
theeletše,6
nyetšego,6
barwedi,6
european,6
tšhollwa,6
mahlakoreng,6
filimi,6
molawana,6
ditikologo,6
gagaila,6
kgathilego,6
selalelo,6
nthole,6
šeba,6
mmala,6
dikhomišene,6
tulo,6
šago,6
alo,6
ntleme,6
teteano,6
dipotfolio,6
amogetšwego,6
mminorathwana,6
bongwanana,6
dinoga,6
alafa,6
sebopego,6
boineelo,6
karabo,6
molala,6
todi,6
ripelela,6
pota,6
bohlankedi,6
fulara,6
mošalamaropeng,6
mofeti,6
dibata,6
bant,6
dirileng,6
sedumedi,6
met,6
maropeng,6
sekete,6
nkilego,6
tse,6
samponana,6
borena,6
gadima,6
molope,6
matepe,6
semela,6
maanomabe,6
there,6
dišitše,6
ditlamorago,6
bophelwana,6
hlamilwe,6
madibeng,6
poponono,6
tšweleditšwego,6
ntumeleleng,6
phoulo,6
tlogelele,6
phatlalat,6
rekilego,6
bodulasetulo,6
bohlale,6
ngašula,6
itšhišinya,6
utolletšwe,6
maafrika,6
social,6
dithibelamphufutšo,6
rakwa,6
ntho,6
dirwe,6
didiba,6
nyepo,6
bogoja,6
hlokafetšego,6
magetleng,6
mpshafala,6
bipetšwe,6
huhumela,6
nkwa,6
dipurabura,6
hlweki,6
tsošeditše,6
itloša,6
dumellane,6
kgwele,6
širela,6
puledi,6
tumelelopele,6
lorilego,6
sekerete,6
makgotleng,6
space,6
apeša,6
phedilego,6
indies,6
itshetšha,6
phagong,6
seboi,6
malaria,6
madišong,6
temokrasi,6
fahletše,6
red,6
nofemere,6
koko,6
botšwa,6
ditshenyegelo,6
rolwe,6
gobala,6
ethimola,6
baamogedi,6
makgokgolo,6
modirelaleago,6
komišenare,6
thola,6
tukula,6
ferelela,6
twatši,6
mphahlele,6
semolaotheo,6
selwa,6
hlong,6
mabinakošana,6
seabo,6
sotoma,6
gomora,6
bahlokomelwa,6
neelo,6
laetšwego,6
khutlosenyane,6
matšwantle,6
amega,6
difata,6
kgala,6
tsota,6
bušeletša,6
gantši,6
amogele,6
lelekere,6
lebišitšego,6
kwena,6
lekanelago,6
hlamegile,6
gabotsenyana,6
lekgolo,6
nkagela,6
bula,6
ikemela,6
belega,6
galefela,6
leolo,6
golole,6
tsomega,6
mokopane,6
malaka,6
thokwana,6
afe,6
dikhorane,6
sejo,6
lefoko,6
lebale,6
maswi,6
ila,6
kgonthe,6
hlokegago,6
tšwafiša,6
baleng,6
elela,6
diragatšago,6
rarollwe,6
sesehla,6
palelo,6
thwalwa,6
mašokotšo,6
dipalopalo,6
humane,6
kwalakwatšo,6
dikgetho,6
bapetša,6
bakgaga,6
maroga,6
ragore,6
modišana,6
basepetšakgwebo,6
gakanega,6
boloketša,6
magodimo,6
šongwa,6
dipolelo,6
emetšego,6
hlalošwago,6
šomišadiokobatši,6
felabaga,6
bolawe,6
kerekeng,6
lefelelwe,6
lemogwe,6
balaodi,6
makoko,6
dikamego,6
selekegile,6
sekgomana,6
dudišega,6
lentiri,6
fošetša,6
katlano,6
tlamega,6
namola,6
gononela,6
mogatšagwe,6
dilatelago,6
bammala,6
okobatša,6
dihlabi,6
sobelela,6
nwele,6
seka,6
kabababedi,6
dinyakišišo,6
amme,6
monaganong,6
ithušitše,6
beakanyetša,6
phasa,6
letobe,6
nankhonomolato,6
bosefala,6
bohlokwahlokwa,6
atlegilego,6
ditebanywa,6
thekisi,6
diforomo,6
lepelle,6
tiragalo,6
hlabollwago,6
tshedimo,6
hlakanya,6
litara,6
bjalobjalo,6
šomišwa,6
merafe,6
bahlwekiši,6
loan,6
planete,6
thutapolelo,6
bomang,6
amegilego,6
bašomiši,6
mananeothuto,6
banolofatši,6
adima,6
phekolo,6
catholics,6
teletšana,5
lemoge,5
mami,5
team,5
kantoro,5
polelong,5
kontraka,5
materiale,5
ithutilego,5
kgiwa,5
anke,5
kgorotshekong,5
mokgahlong,5
paletšwe,5
nanyago,5
musiamong,5
setemere,5
anegela,5
seripana,5
rahlogo,5
mererong,5
lekolwa,5
bogole,5
phetho,5
kankere,5
tope,5
moyawa,5
itefetša,5
aterese,5
bokhomišenare,5
eniša,5
iks,5
abela,5
mekotlana,5
dipeu,5
mengwa,5
ikokobetša,5
purunyana,5
hlapologelwa,5
tirwa,5
balemi,5
gakwa,5
difero,5
marago,5
balatedi,5
pankeng,5
holofelwago,5
eja,5
mashabela,5
bothateng,5
morekiši,5
setlogolo,5
mogofe,5
sebitiela,5
tsenasekolo,5
phethago,5
ditaere,5
srsa,5
nweša,5
mehlape,5
matlotlo,5
dikholegong,5
hlakantšhwa,5
mafasetereng,5
dinyako,5
selekišago,5
swarega,5
babolai,5
phetišetšo,5
šego,5
tshekoleswa,5
ukangwago,5
hlabanetše,5
sekasekwa,5
leotša,5
bolelang,5
badika,5
nyale,5
lebese,5
šetšwe,5
poting,5
fapantšhwe,5
diokobatši,5
thethelelo,5
modimolle,5
eo,5
fologa,5
ramaeba,5
lebatho,5
menyetla,5
thutše,5
ntheeletšage,5
setheo,5
seteišeneng,5
hlaologanyegago,5
ramohwibidu,5
mamohlaume,5
palewago,5
katološetša,5
šaretšwego,5
mešomong,5
kgalemo,5
lebišitšweng,5
mmaditsela,5
dikgokonyane,5
bomphetakapejana,5
lahlegelwe,5
boemo,5
otiti,5
morwadi,5
hlogwana,5
lekago,5
tšwelelela,5
lebeletšwego,5
tšhabišitšwe,5
melago,5
masoding,5
dikgweng,5
sephantha,5
keno,5
mafolofolo,5
thomelo,5
lefišwa,5
tshepišitšwego,5
anegelwa,5
ditiragalo,5
papatla,5
legofsi,5
mamane,5
motšila,5
pheega,5
belaelago,5
puladifate,5
hlakanelwe,5
mpotšiša,5
ntlogeleng,5
hlaloša,5
moratani,5
barutišigadi,5
bofologa,5
kibakiba,5
hlabologa,5
lebebe,5
beakanyetšwa,5
potologapotologa,5
tshepedišano,5
thobela,5
hlologetšego,5
seferefetlane,5
pagetše,5
ikamanyago,5
memile,5
lehlaodi,5
šomišitšwego,5
lahlela,5
bulegilego,5
semphato,5
hlahlelwago,5
kelonyakipipo,5
felelwago,5
swarelelago,5
rameriri,5
asa,5
moaparo,5
bothepa,5
kgewago,5
kopanyago,5
lešaba,5
mamone,5
gokarana,5
atlana,5
mebe,5
nkano,5
thupa,5
senobotwane,5
badišana,5
ikgafiša,5
šupilwe,5
disimba,5
nkgokolo,5
swaregego,5
dipositi,5
nyalelane,5
laole,5
tsenelana,5
bewago,5
kantle,5
merabeng,5
dikafoko,5
tsebišwa,5
tshenyego,5
serolwane,5
hlahloba,5
dinyepollantšu,5
dithaloko,5
kgotsofaditše,5
ithapeletšago,5
tšhabago,5
mabudi,5
magomo,5
fahlela,5
polokwane,5
tadi,5
mothoyoo,5
monnayo,5
kgapeletšo,5
obilwego,5
maria,5
kote,5
maikano,5
phagamiša,5
thale,5
popegong,5
ditefišo,5
kwagalago,5
tšhireletšego,5
eksoso,5
omišitšwego,5
seriele,5
omilego,5
bammušo,5
selega,5
thopša,5
gabonolo,5
retela,5
šomišanago,5
panka,5
papatšo,5
itshwenya,5
mileniamo,5
ditšhabakopano,5
sebatakgomo,5
mabala,5
rutegago,5
koloni,5
bopaganya,5
gopotšego,5
mebalabala,5
dikganetšo,5
phothasiamo,5
menerale,5
šaparolle,5
boimanyana,5
thakgatša,5
motlatša,5
tiišwa,5
maiphedišo,5
dikgong,5
rulaganywe,5
ikhwiša,5
bogompane,5
rasebešo,5
lebanago,5
pasari,5
leselaga,5
dikgweding,5
bolayana,5
maribe,5
sediba,5
petroleamo,5
lebišitše,5
emago,5
lemile,5
bagolwane,5
sebjalebjale,5
beakanywa,5
malesela,5
lefela,5
prime,5
minister,5
fu,5
totoba,5
mpha,5
hlalosetša,5
motswetšing,5
fokolago,5
amantšhwa,5
tlaišege,5
hlophilwe,5
mary,5
mokoto,5
polokelong,5
kgetholla,5
khupamarama,5
makgwareng,5
atla,5
morongwa,5
meputso,5
mošupatsela,5
ditaola,5
lekgotleng,5
nanarisi,5
dinonyana,5
fetošwa,5
laetšwa,5
balabala,5
mogopo,5
gadikele,5
phura,5
ithobolla,5
ganetša,5
phatlalatšo,5
kganetšano,5
dihuswane,5
ramohlagase,5
lokela,5
nanoga,5
bahlankedi,5
motalalerata,5
leemaema,5
fošagetše,5
dinepša,5
lekgothwane,5
dumelelana,5
thabelego,5
arabela,5
kgopelong,5
mmefelela,5
etela,5
mangangate,5
thaloko,5
dume,5
goreka,5
supamakete,5
ditirišano,5
ikgabišitše,5
dihlakahlaka,5
mabopo,5
mananana,5
ganelela,5
akanywa,5
mokopa,5
ikwago,5
magoreng,5
matse,5
nole,5
dumelela,5
barekiši,5
moleloko,5
dikoporasi,5
koporasi,5
thitšhere,5
ere,5
bannyane,5
pharagahla,5
dikwaano,5
lekalatiro,5
kutšwana,5
tharollo,5
kilelo,5
dirišwe,5
nyane,5
maboya,5
tatagantšha,5
malepu,5
radithekisi,5
letšatšing,5
logagantšwego,5
maikemietšo,5
letago,5
kgomago,5
dinku,5
mahlomola,5
hlagilego,5
bontšhago,5
bilego,5
gerula,5
kgotlelelwe,5
swaretše,5
potong,5
baloi,5
dingwalelano,5
thušitšwe,5
tseneka,5
fetwa,5
riba,5
moletlane,5
matebele,5
gabo,5
tšewago,5
gakgopa,5
gamampa,5
tsebile,5
nanya,5
masetrata,5
mabule,5
thušago,5
moše,5
pakteria,5
gaphala,5
amabedi,5
amafelelo,5
tsenwa,5
kgalekgale,5
pelapela,5
tokišo,5
kgahlišago,5
laetšwe,5
kwešišo,5
badilwe,5
difokeng,5
tšhiwana,5
letela,5
engwe,5
dikebeka,5
lenaneotheko,5
bohlabela,5
phuthego,5
lese,5
kgobokana,5
dikuranta,5
kgotsofale,5
bofiwa,5
badirelaleago,5
komeng,5
radiolotši,5
feela,5
kgahlegelo,5
ditonki,5
dinagamagae,5
kagoleswa,5
nyetlele,5
nene,5
dihlora,5
maanopeakanyo,5
kopanetšwego,5
fetela,5
itšego,5
ngwadilwego,5
tšaditšhiololo,5
hlompša,5
ntlha,5
sethokgwa,5
poifo,5
reiti,5
talalerata,5
poso,5
tsebang,5
dikamano,5
bahlami,5
šokwa,5
mokgahlo,5
maphelong,5
setrata,5
laeditšwego,5
tšweletšwago,5
tb,5
badile,5
ikwetše,5
raranego,5
ntšhe,5
ditoropong,5
paia,5
maru,5
morwarragwe,5
retwago,5
fodišago,5
dikgano,5
šomiše,5
hlalefiša,5
obago,5
šeleng,5
mamareditšwego,5
mabating,5
botsele,5
botega,5
ipotša,5
sebotsana,5
rakgadi,5
lebalantsebe,5
dipolastiki,5
lokologana,5
hlolana,5
nepagetšego,5
tatagomatomefela,5
mohlaba,5
sentšhelele,5
thwetše,5
phakiša,5
phumula,5
rema,5
saekholotši,5
sethakga,5
ditona,5
leset,5
butše,5
umakilwego,5
magano,5
agelwa,5
inthanete,5
phumole,5
lebelwana,5
aketše,5
mehlano,5
binabine,5
epiwa,5
kampase,5
kolota,5
letšeke,5
jago,5
rapeleng,5
bolamodi,5
bomatontshe,5
swerwego,5
gaša,5
bolepu,5
malopo,5
moropana,5
nno,5
lekgaba,5
bolailego,5
saint,5
lawrence,5
seaway,5
relay,5
chat,5
longwa,5
ora,5
hlologetše,5
kodu,5
tlhahloba,5
maatlafatšwe,5
mongwaladifilimi,5
kemedi,5
latela,5
sepelago,5
diriša,5
lehufa,5
ntšhiile,5
trade,5
sefahlogo,5
maitokišo,5
tswalelega,5
tieleleng,5
legatong,5
tšhuma,5
asia,5
sequence,5
putlaganya,5
morutišigadi,5
phaela,5
melawaneng,5
lesekana,5
bouta,5
taupela,5
diprotšeke,5
tala,5
music,5
ntlholeletša,5
pejana,5
thekgwago,5
romelwago,5
mantlwantlwane,5
mantlwantlwaneng,5
semphetekegofete,5
dinonwane,5
mets,5
nošetšo,5
maphakga,5
hloya,5
amogelago,5
gopolega,5
tšhwahledi,5
thetha,5
dikgolo,5
emipego,5
makalatiro,5
kgadimola,5
ipontšha,5
nepišitšwego,5
kgoboketšong,5
fetlekolla,5
leleditše,5
sefane,5
setlabelo,5
labo,5
polaseng,5
dingakeng,5
mokgalabje,5
sephatšamaru,5
kgolegong,5
mmakgonthe,5
mawatle,5
bolediše,5
kgaotše,5
ikgonago,5
rotwane,5
propo,5
kgang,5
disentimetara,5
mokhwi,5
lehu,5
kagišano,5
senators,5
agwa,5
seoa,5
tsenetšwego,5
molaotherwa,5
sesi,5
r,5
tambo,5
phethagatšwago,5
ruruga,5
malokollo,5
kamano,5
tsebana,5
ditseka,5
maahlo,5
kgonagalago,5
badišiša,5
lekhalate,5
bahlodi,5
mothwadi,5
itseba,5
direge,5
mabothe,5
molaotshepetšo,5
senago,5
swabiše,5
matsepe,5
yekhwi,5
nagane,5
lebelelana,5
legato,5
seferong,5
tholana,5
gwaelwa,5
bolokega,5
ntshwareleng,5
kgotsofatšego,5
itaole,5
difomo,5
tladitšwe,5
thudiša,5
dikoti,5
marameng,5
pušo,5
khuetšo,5
tshwaro,5
lefetšwego,5
bommankgagane,5
kgoromeletša,5
poroto,5
logaganywa,5
mamohla,5
kontrakwa,5
fihletšwego,5
leša,5
mogalakane,5
itote,5
kgahlilwe,5
senolofatša,5
ntsebiše,5
kekana,5
sekgwari,5
lesometshela,5
dilomi,5
hlagoletše,5
leokana,5
mešwana,5
kwanego,5
hlobaboroko,5
kabe,5
phaga,5
dikilwego,5
hlokišitšwe,5
apole,5
tsenele,5
data,5
humanegago,5
dipatše,5
pharoga,5
theoga,5
mabilo,5
leboge,5
boahlodi,5
esego,5
tlabela,5
lefokong,5
mekaone,5
bapa,5
bontšhagore,5
setsebalege,5
makhudu,5
ntepa,5
lešago,5
makgobadingwalo,5
lefetla,5
lamolelwa,5
kgetholle,5
bookelo,5
kgonega,5
lelakane,5
patlama,5
tšeana,5
mafapha,5
ikgafile,5
poledišano,5
mareo,5
gapela,5
polaong,5
omphile,5
baithaopi,5
karogano,5
sekgotho,5
kesare,5
iponagatše,5
disetifikeiti,5
tlwaelana,5
setsopolwana,5
tšhogile,5
kgethilego,5
lemoše,5
tabaye,5
hlwego,5
kgotlelela,5
hlaga,5
nokwa,5
tsopola,5
ipeta,5
akantšwego,5
rasiti,5
netefatšatiragatšo,5
ala,5
makatšwa,5
kege,5
lebonala,5
diteko,5
nyakišišo,5
begago,5
malengwana,5
segologolo,5
thutokakarretšo,5
diteng,5
lelatodi,5
kalatšane,5
mayo,5
difoka,5
tsebjago,5
banyenyane,5
phadišanago,5
karata,5
matšarine,5
botoro,5
mayonnaise,5
lokele,5
pukwana,5
boitsebišo,5
lenyora,5
tipositi,5
tlwaelegago,5
gapelwa,5
dumeletšwego,5
karatšhe,5
tlišitšwe,5
nyalelanago,5
tlamilwe,5
šomilego,5
rodiša,5
tlalago,5
letlakalale,5
tšeela,5
dikgopolonyana,5
neletlakalatšego,5
imiša,5
theto,5
ratela,5
faletšego,5
gomele,5
disemere,5
tlasese,5
setsopolweng,5
boeletšwa,5
masomepedi,5
papading,5
hlagaditše,5
agaa,5
bereka,5
boselela,5
saenwa,5
ketelo,5
lekanyetšwa,5
beakanywago,5
bakwa,5
sefata,5
legaši,5
adimago,5
ntšhiwe,5
mafuri,5
leye,5
mafula,5
phara,5
motlatšamodulasetulo,5
moiphemedi,5
felegeditšwe,5
felelago,5
afago,5
hufagela,5
sefularo,5
swanetšane,5
kgethago,5
kolotwago,5
mopolokong,5
gatišitšego,5
phatlaladitšego,5
diragaditšego,5
ileditšwego,5
kgwebong,5
fotlela,5
bofe,5
polelonošing,5
khupeditše,5
paki,5
modipa,5
letsoalo,5
bolokilwe,5
kgakganetša,5
llelago,5
selina,5
iwa,5
košeng,5
oswanetše,5
sengwalwa,5
kokota,5
leoto,5
segola,5
steše,5
tendera,5
maketše,5
matonya,5
emelele,5
mošetši,5
ngala,5
kgopelwago,5
beiwago,5
tlaletša,5
maithutelo,5
amogilwego,5
mahlokong,5
operation,5
lenyalong,5
kwešišane,5
lebeletšego,5
swaswa,5
tokumente,5
lemorwedi,5
gobeleleng,5
goragora,5
fetetša,5
kgodišwa,5
metsana,5
baswari,5
ohle,5
borameriri,5
one,5
disability,5
leepile,5
bokagodimo,5
mohlolo,4
mosima,4
pese,4
itiriša,4
gateletše,4
mooi,4
loop,4
kalewa,4
tetelo,4
kgadile,4
sola,4
dar,4
es,4
salaam,4
šilwa,4
tesetamente,4
phokotšo,4
dikgaolo,4
khutša,4
naganele,4
tlwaelo,4
seolo,4
loyana,4
mataese,4
tefo,4
hlokomelo,4
phatlaletše,4
setsha,4
ingwadiša,4
diragale,4
setseketseke,4
kgethile,4
ngwadišwago,4
malepola,4
hlahlago,4
meletse,4
phethagaditšwe,4
fetišetšago,4
dirišetše,4
dinepong,4
kgopetše,4
moko,4
itebalebela,4
fofiša,4
lefišago,4
šupilego,4
katoga,4
tswadiša,4
alfa,4
omega,4
lebalege,4
theletša,4
mpša,4
khomišeneng,4
akhaonto,4
aroganywa,4
fofile,4
moropa,4
seifi,4
kgonyeletša,4
tsefele,4
dinepe,4
maeto,4
merwalo,4
lobe,4
diforomong,4
tlemelelago,4
ngwetšwe,4
bodile,4
kgeregela,4
tshepano,4
šogo,4
thabelago,4
phonkgela,4
pafong,4
begelago,4
lekgotlataolo,4
kokoto,4
tlhamo,4
makga,4
bušetšwe,4
tsebale,4
thuntšha,4
lerole,4
leihlo,4
mogolwane,4
ganyenyane,4
matsenokakaretšo,4
kgotsofala,4
ditlamo,4
hlalošo,4
nyatšwa,4
eteletše,4
balekane,4
ipiletša,4
befeditšwe,4
fetolwe,4
tsebišo,4
dutlago,4
dulang,4
raese,4
sootho,4
fiwe,4
telela,4
phatša,4
lefoka,4
letlalong,4
thupišo,4
mašeleng,4
bela,4
makgonthe,4
kolobe,4
nyakego,4
hlotla,4
diema,4
kadiaka,4
swanelago,4
pro,4
tlhaloso,4
tlodile,4
maraga,4
moana,4
butšwago,4
letlapakgerere,4
khoše,4
maphoroma,4
mešupologo,4
kholo,4
tutuetša,4
nganga,4
mabenkeleng,4
tobeditše,4
konope,4
tshwenywa,4
lesitše,4
ithaopang,4
moreki,4
mosegale,4
dimanyuale,4
dupa,4
petroliamo,4
kgonegiša,4
kgaotša,4
kgontšwe,4
kutollo,4
hlametšwe,4
lebeletšana,4
mokgoši,4
putswago,4
sephuthelwana,4
lehlwele,4
geosakgotsofatšwekekarabo,4
okangwalelakhomišeneyadimmagaseterata,4
kadietšwa,4
dipokate,4
dikhipa,4
boditsi,4
semetsing,4
boikemelo,4
hlamela,4
railo,4
mongweyo,4
abego,4
sepelaka,4
sefatanagao,4
dipheitente,4
meakanyetšo,4
dirišitše,4
mothofatšo,4
tshwantšhanyo,4
boitšhupo,4
rapelwa,4
inaganele,4
botšona,4
tab,4
kgokaganyo,4
bafani,4
tšwelapele,4
maswao,4
memilego,4
tsomeng,4
film,4
hlokofaditšwego,4
bomateo,4
dipointe,4
senyane,4
masometharo,4
bj,4
rotoša,4
ilektroniki,4
bathwadi,4
mpolediša,4
apola,4
hwibila,4
ruthela,4
thulanontle,4
mogologadi,4
fokotšwe,4
bautswetšagodikoloi,4
lefapha,4
dumiša,4
kopanywa,4
mmarakeng,4
hlomiwa,4
dipolatefomo,4
bahlahli,4
kwešišeleleme,4
segišago,4
kgapha,4
šebešebe,4
banwi,4
hlatswana,4
katelwa,4
tlogelo,4
mmotšiše,4
sengwenyana,4
seemo,4
khutilego,4
nteboge,4
monyewete,4
bengmoeno,4
babinakolobe,4
disinema,4
otlelwa,4
bonna,4
felelwa,4
peterolo,4
beiwa,4
moahloledi,4
dingaka,4
lotago,4
sekopišwa,4
eleketeroniki,4
sediri,4
lediri,4
sedirwa,4
upša,4
falale,4
gorulla,4
boteng,4
bjago,4
hloke,4
panana,4
redimoga,4
malalatle,4
leago,4
kompo,4
legae,4
ngwadišitšwe,4
ditshwaetšo,4
nyamiše,4
paledišago,4
setshaba,4
mokaaka,4
nthabetše,4
fact,4
hlabana,4
dikobong,4
mešo,4
tšhikanoši,4
balekani,4
legotlo,4
tagafatša,4
badišiše,4
reketšwego,4
tswaletšwe,4
tsomana,4
bobasi,4
dimeila,4
thušanang,4
magolwane,4
seratswaneng,4
ruthana,4
wate,4
laetšeseswantšho,4
kgaogantšhago,4
nyakišišwe,4
baneng,4
mosotho,4
otlwa,4
difonte,4
ašii,4
beše,4
masomenne,4
itshola,4
loile,4
hlagela,4
lome,4
ntlhalefetša,4
hlalope,4
botlao,4
bipilwego,4
tšhakaneng,4
batšwelapele,4
terapi,4
ipofa,4
mapantana,4
lebotla,4
kgare,4
lau,4
pene,4
kgopolokgolo,4
ngwna,4
ganetšwego,4
thakgale,4
mahlwaadibona,4
dikgaoletšo,4
mosepelakadinao,4
dinamune,4
gafiša,4
makgethwa,4
tagilego,4
disikara,4
metsoko,4
itire,4
dinaga,4
p,4
sinah,4
ahlolwa,4
lerumo,4
hlomphegago,4
thomilwe,4
thalwa,4
tšhielano,4
boditšhabatšhaba,4
tswišana,4
moroto,4
morothwana,4
hlakoleng,4
sepelwa,4
phapošo,4
dinoka,4
putla,4
bušetšwa,4
moselana,4
ngwalelago,4
emia,4
maseterata,4
naa,4
tlou,4
mafasetere,4
temong,4
dikgonyeng,4
lebantšha,4
tuka,4
dinaka,4
gafa,4
kgeseletša,4
lekalekanela,4
šele,4
manakaila,4
mothopasefoka,4
kgaka,4
fihlelelwego,4
fokotšwa,4
masošalewekha,4
mošašana,4
nthogaka,4
ebago,4
kopiša,4
bonagalago,4
ausi,4
sehlopa,4
botlaela,4
maroko,4
fahloša,4
mašaleding,4
gems,4
tlhamego,4
natha,4
thakgafala,4
megodu,4
hlokomologa,4
phepo,4
phethile,4
lwala,4
leswika,4
lamphaphathi,4
fohla,4
popelong,4
nepagalago,4
seeemo,4
lebeletpego,4
ngwathelane,4
rarana,4
khupeditšwego,4
bitšana,4
peu,4
dinamelwa,4
tsinkelo,4
femeng,4
llofo,4
sewelo,4
ikgapa,4
ikgoroša,4
kgontšhitšego,4
kgantšhetša,4
šila,4
bjoo,4
banneng,4
temaneng,4
hlalositšwego,4
maikelo,4
mantšhi,4
tlwaelegile,4
kgatišobaka,4
mošomedi,4
latelanago,4
iteka,4
moloko,4
dikadika,4
kgahlwe,4
širetše,4
botšišwa,4
boitekanelo,4
naganago,4
kgonne,4
boitlamo,4
ditemana,4
lenao,4
colleges,4
magolego,4
peakanyeto,4
phatlalata,4
swina,4
ngwanana,4
kgonamišeditšwe,4
kgotsofalelo,4
kgonagalego,4
kasete,4
porofense,4
pasa,4
tatagobona,4
bokamoropa,4
amege,4
foramo,4
tonya,4
aparela,4
hlweng,4
tlatšago,4
fetana,4
gwerana,4
swametša,4
lemenong,4
tuku,4
methalohlahli,4
moragogagore,4
thedimoge,4
kgopelwa,4
lefelela,4
alafega,4
thulane,4
sokollwa,4
hlahliwa,4
bafatišiši,4
modulasetulo,4
romelago,4
batšhabi,4
lekanele,4
hlolego,4
morwediagwe,4
kurile,4
molongwana,4
mokhansele,4
fanwago,4
golagola,4
mafufulelo,4
tekatekano,4
fetošwe,4
mohlaia,4
hwetšaselo,4
phethagatšeng,4
akareditše,4
swarwe,4
theeletšago,4
phatloga,4
gate,4
mariki,4
mmagolena,4
swantšhe,4
lelengwe,4
fapiwa,4
bereke,4
tsenye,4
bomantsho,4
dibooi,4
dimeiti,4
kalatša,4
tshe,4
pedišo,4
tswalanego,4
komititaolo,4
karolwanafeloolefe,4
phešele,4
boikhutšo,4
naba,4
bopago,4
tiišetšo,4
baruta,4
godišwa,4
bahlologadi,4
bahlolo,4
badudiga,4
kgotsofalela,4
kgethologanyo,4
thelelo,4
bahlokofatši,4
latofatšwa,4
beakantwe,4
malokwane,4
palediša,4
godišitšego,4
kgethwago,4
boolwa,4
boreletšana,4
kalenaneo,4
dihlong,4
kgonnego,4
emišitšwe,4
letetšwe,4
motsenyasetseka,4
wwammala,4
rams,4
bodule,4
kgahliša,4
ikane,4
bare,4
moletla,4
baso,4
setena,4
moagong,4
šomelago,4
setlogolwana,4
akareditšwego,4
lethopo,4
sese,4
bathobaso,4
ditebelelo,4
moeding,4
lenaneong,4
rwalwa,4
mothaladi,4
feleng,4
wayara,4
botseno,4
nyakong,4
mogogolwa,4
mašaledi,4
dipankeng,4
pitša,4
fokodišago,4
nyenyefatšo,4
khudugo,4
ditšhilafatšo,4
hlakanego,4
moono,4
abolela,4
bonaa,4
befile,4
selegae,4
ahlolwe,4
fentšwe,4
open,4
source,4
ngwalolla,4
mongmošomo,4
diogo,4
tsošetša,4
takametša,4
thabiša,4
segiša,4
mengwageng,4
leuba,4
ekga,4
sefatanageng,4
setlapele,4
mahlapa,4
kgathatema,4
boifišwa,4
sehlefetše,4
kgowa,4
magalefela,4
tsenetše,4
polelotherišano,4
gageno,4
kgogego,4
ikgafela,4
latelela,4
dihlalošo,4
mpšhafatšwa,4
hwele,4
patolotši,4
nyanya,4
godišago,4
nkgafela,4
kalentara,4
mašakaneng,4
meenong,4
tswalo,4
dikadimišo,4
dikoloto,4
tlhokatekano,4
tsentšwe,4
molekgotla,4
phethiši,4
language,4
imele,4
kgahlilego,4
mmakgowa,4
presidente,4
latofaditšwe,4
bosista,4
diša,4
beša,4
phethagala,4
diboutšhara,4
dikgolwa,4
kakanyokgopolo,4
motsana,4
bakantirang,4
tšweleditšwe,4
tlišitše,4
ngadišitšwe,4
lekokoro,4
pmb,4
ingala,4
mohlokaboyo,4
swanele,4
fihlelelago,4
goroša,4
kwalakwaditšwego,4
timilwe,4
tšhwego,4
boloko,4
baanegwa,4
phasela,4
tšhireletšo,4
pelindaba,4
potlana,4
badilwego,4
tlontlolla,4
batšofadi,4
laele,4
lebati,4
kgalwe,4
mmepe,4
aripo,4
oapi,4
dimenerale,4
lesego,4
bobola,4
šitišago,4
bontšhitše,4
hlamola,4
tsikinya,4
badišiši,4
kopantšhwago,4
sephethephethe,4
hlolega,4
agantlo,4
boeletšwago,4
madira,4
diragatše,4
modirišong,4
bapalega,4
tlalelong,4
fatišiša,4
mosaeno,4
mannete,4
telele,4
mokhura,4
thulana,4
masese,4
tutuetšo,4
bowelakalana,4
terama,4
senye,4
mmadibekwane,4
lekaonekaone,4
šomišwago,4
conference,4
maganogano,4
emego,4
kganyogana,4
dienywa,4
legong,4
dietšana,4
kedišo,4
naso,4
ingwaya,4
dinaledi,4
sesadi,4
motlatšaspikara,4
poelano,4
dipetale,4
diputseletšo,4
ditokologo,4
katakate,4
marothong,4
timamello,4
serutegi,4
legano,4
magang,4
tsoko,4
phethoga,4
dihlongwa,4
gagabela,4
legoro,4
dikeledi,4
mošola,4
bonwego,4
fetišitšwego,4
tswetšwe,4
thibela,4
phatlaphatla,4
mašaša,4
meetlwa,4
marato,4
mogongwe,4
bopša,4
dialoga,4
hleng,4
labobedi,4
lehlakoreng,4
rothela,4
swantšhetše,4
ntšwele,4
morabana,4
bodimo,4
mmolaya,4
baagi,4
academy,4
mephaene,4
supreme,4
aprele,4
lešokeng,4
melapong,4
papadi,4
ngwane,4
utologa,4
ntshware,4
main,4
stars,4
sedikwa,4
fegilwe,4
protocol,4
suite,4
š,4
nt,4
nkgopelele,4
hostele,4
phetošo,4
golela,4
swanetse,4
lang,4
kgwedi,4
dikotsi,4
lehloyo,4
diphatlalatši,4
etelwa,4
metša,4
disetamene,4
fetišitšwe,4
maruthorutho,4
otlilego,4
gross,4
product,4
tennwe,4
samahlwana,4
gafela,4
moeng,4
congo,4
motšwantle,4
lefokogolo,4
ntlhakgolo,4
makgethe,4
mmea,4
mathethwane,4
sesane,4
atišago,4
kgonthiša,4
matlafatša,4
tabakgolo,4
ditharollo,4
mphetišetša,4
sammaruri,4
maswaong,4
kwešiše,4
ntumelele,4
war,4
dinkatana,4
bilharzia,4
matona,4
kholomong,4
ikarabelago,4
tšeong,4
mararankodi,4
kopanego,4
setšha,4
kgontša,4
ilwe,4
fološe,4
mpabiša,4
saense,4
kalana,4
bagatša,4
setšhene,4
seroboka,4
coast,4
bodumedi,4
bahlomphegi,4
šimama,4
šako,4
fenywa,4
magapi,4
khoune,4
singers,4
dimpa,4
marega,4
itulela,4
kgwabong,4
molekgotlaphethiši,4
sedimošitšwego,4
akathabela,4
begwe,4
magage,4
kgobokgobo,4
mmakat,4
bantšinyana,4
itokišeditšego,4
balaodibagolwane,4
ngame,4
gapeletšwe,4
thopadimolaleng,4
kgonagale,4
kamanong,4
folete,4
fokotšago,4
dibaka,4
tanya,4
šiilwe,4
bommatšo,4
befegela,4
nnonoge,4
itata,4
toulo,4
phuthile,4
lele,4
tikologwana,4
hlapiša,4
dihlapi,4
thušano,4
dipompi,4
letamong,4
didupanamarago,4
tšwane,4
swareletšego,4
bopile,4
saenilego,4
bapela,4
lehlaa,4
meelemmele,4
tšebo,4
bobodu,4
šireletše,4
botha,4
digempe,4
molaotlhakwa,4
modudi,4
fetotše,4
melaotheo,4
hlakahlakanego,4
gopole,4
lemela,4
polelonoši,4
dithama,4
selokwaneng,4
agelane,4
polane,4
lebato,4
phapuši,4
molemo,4
kgaolwa,4
rabadia,4
barwa,4
kwešitšwe,4
kwego,4
dumelelane,4
kgotlelelo,4
kwešišege,4
swanetšwe,4
kgaoleditše,4
poledišanong,4
tsenelelano,4
fepe,4
lekodipa,4
mabaleng,4
pontšho,4
bodilego,4
tšofetše,4
mesela,4
letena,4
lešoboro,4
rarollege,4
thubela,4
mohlareng,4
hlokagalego,4
kgatako,4
tsebišitše,4
itlhaloša,4
house,4
sehlopha,4
lebišwe,4
inagana,4
rogwe,4
rarolle,4
lwela,4
boithobollo,4
ikotlolla,4
land,4
akanyago,4
iketlile,4
orela,4
thibele,4
rekilwego,4
sobela,4
bolaodiphethiši,4
retilwe,4
boile,4
itshepetša,4
fedile,4
matlebjane,4
maatlakgogedi,4
lefilwego,4
letlotlo,4
bafetoledi,4
bahlatholli,4
lesomesenyane,4
tlamege,4
bagaletsoalo,4
bagamamabolo,4
ditelega,4
maitekelo,4
hwetšegala,4
boipušo,4
marumo,4
abelwa,4
topelelago,4
ntatola,4
mmunaka,4
netefaditšwego,4
mmopa,4
hlabelago,4
nyalanego,4
ditlaboima,4
thopilwe,4
sekapolelo,4
amogelega,4
lelemetlaleletšo,4
belegiša,4
basepetša,4
kgetsi,4
gatile,4
pelotelele,4
felagabjale,4
ititiago,4
sefega,4
moswananoši,4
phošagala,4
dikganyogo,4
ditumo,4
setagwa,4
kgonagalong,4
ntikodiko,4
gogelago,4
bokgolwa,4
nyakwa,4
difapano,4
holofetšago,4
dikologela,4
tlhalopo,4
gobolaya,4
swanelwago,4
golo,4
melekwana,4
kakanyo,4
letetšwego,4
sci,4
fi,4
channel,4
imišwa,4
phetšego,4
kotamišwagomme,4
asian,4
hm,4
ntlo,4
laesense,4
peteri,4
arogantšwe,4
tshwana,4
kanege,4
lefetilego,4
bofilwe,4
lo,4
films,4
laletša,4
pšhatlaganya,4
mohlagare,4
tshelago,4
molaotshepedišo,4
dumelele,4
solago,4
hlatswadiatla,4
khunamela,4
nkweša,4
hlokeng,4
malawi,4
bogošing,4
bašemane,4
itiele,4
salute,4
diragatšwago,4
kgapeletšego,4
lebelelane,4
lenyatšo,4
thatafaditše,4
šoga,4
dirišane,4
tshwaragano,4
thekišo,4
lehumong,4
mašemo,4
hlwelego,4
amušwago,4
palamenteng,4
kabelano,4
temokerasi,4
abiwe,4
lemogwago,4
dikgobalo,4
tselatshepetšo,4
kgorulana,4
setagi,4
oli,4
ragalokakaretšo,4
ditiragalokakaretšo,4
maemotshepetšo,4
sepolotiki,4
mamaneo,4
tšhele,4
tamati,4
makhutšo,4
makae,4
theogetše,4
dintlo,4
meletlo,4
boiphedišo,4
modirišani,4
dipetse,4
belaetša,4
lehodu,4
kgašo,4
tagwa,4
coptic,4
tlwaelega,4
ipelaetša,4
foramong,4
hlabolla,4
mabokgoni,4
itaile,4
dikologile,4
gatakego,4
mabati,4
mašemong,4
ithoma,4
kgwebo,4
gauteng,4
early,4
moganetši,4
therong,4
lekga,4
šomele,4
marena,4
ahlolela,4
lekanago,4
sedimošitšwe,4
mmolaile,4
bopega,4
kgontšhitšwe,4
bopiwa,4
rekišetšwago,4
mašaba,4
biloganago,4
enkele,4
gale,4
senyega,4
fetogile,4
lwale,4
lešeka,4
ngwaneng,4
thomelontle,4
asthma,4
loketše,4
mpshafatšwago,4
feleletša,4
galaseng,4
gagabo,4
diphasepote,4
batlokwa,4
setše,4
marokgwana,4
mafafatsana,4
mafehlo,4
maho,4
pato,4
hlolase,4
ditlhaka,4
diatleng,4
dikadimo,4
fadijo,4
tulamešidi,4
rothothago,4
tšeelana,4
mello,4
mmolaiša,4
hlokofatšwa,4
hlame,4
labakeng,4
lekanya,4
dikabo,4
masometharopedi,4
mmegedi,4
bomoletakgoro,4
inyakela,4
botšhabelo,4
magošing,4
bjalemang,4
naganne,4
šomišabjalo,4
kalefelo,4
megwanto,4
hlobela,4
mofetakatsela,4
otsela,4
ngwalollwago,4
mongwalelwa,4
malwa,4
jan,4
šomao,4
ikgokaganya,4
lephodisa,4
itshepa,4
hlohleletšwa,4
tlhama,4
dikhansele,4
sekontiri,4
mahlahla,4
leamogetše,4
ditabake,4
dikwele,4
kea,4
boikgethelo,4
tšwafa,4
kura,4
melomo,4
agetšwe,4
itheeletša,4
kenyaka,4
senyetša,4
dinthla,4
letekafao,4
metšwa,4
raka,4
lebenkeleng,4
ramolao,4
goroge,4
yaka,4
mantšhaotlogele,4
maatlataolo,4
hlapeditšwego,4
diphemiti,4
kope,4
malemane,4
baswariwa,4
bofelele,4
sehlareng,4
gotetša,4
hila,4
poraše,4
khapone,4
maratwana,4
bofora,4
bakristeng,4
naye,4
sekegelwa,4
phenyo,4
kotse,4
dikarolwana,4
tuadi,4
fetofetogale,4
tshwarelelo,4
dipitša,4
lephephe,4
baroka,4
laodiša,4
thibelo,4
motšwa,4
mafapeng,4
pamphlets,4
etetšego,4
lucky,4
shopo,4
response,4
sekuta,4
awareness,4
campaign,4
feleletše,4
taela,4
democracy,4
thakgatšwe,4
mmapelo,4
rweša,4
difolete,4
lehulo,4
saennego,4
dikgonagalo,4
hiriwago,4
gaoba,4
banenyana,4
dinakong,4
pedifatšo,4
ditela,4
matalatala,4
ntaetša,4
tumelelanong,4
nyakišišwago,4
phuphutha,4
bethile,4
thibelwago,4
emeletšane,4
ntšhitšwe,4
kepi,4
tlhatšwa,4
apeya,4
mantsatsarapana,4
modupi,4
ithobalela,4
mmitše,4
lemošitšwego,4
dikanegelo,4
direto,4
lemogilego,4
lotwago,4
tšwetšwa,4
leselagapane,4
matšaši,4
dillo,4
tshekelontle,4
utollago,4
thetsetša,4
mebotse,4
thathankgana,4
moindia,4
nnameditšego,4
radia,4
entše,4
fetolele,4
agelana,4
nayo,4
kgopetšwe,4
gatiša,4
ponyo,4
ref,4
hlakanela,4
bitšego,4
kaalo,4
badiriši,4
tseni,4
tumilego,4
mašakana,4
khutlonne,4
hlokagala,4
dipula,4
hlokišwa,4
dikgoba,4
hlolago,4
tšhomišompe,4
thaontšhipi,4
nyantšha,4
postal,4
fega,4
tšame,4
fahlolla,4
union,4
bogwera,4
pap,4
saetholotši,4
apara,4
tšhomelo,4
tima,4
account,4
copy,4
phapoše,4
mootledi,4
bjabo,4
lebogago,4
moswaramatlotlo,4
roba,4
ditshepišo,4
ntheelet,4
ikadile,4
com,4
sešeba,4
diphororo,4
laiša,4
ma,4
dikenywa,4
noši,3
ganetšwa,3
selekwa,3
tsenatsena,3
gabaletše,3
basi,3
bannanna,3
maswiswana,3
diforomane,3
thekeng,3
tshepago,3
gotše,3
tšheletenyana,3
tenegile,3
mmolelo,3
thapo,3
bušwa,3
phula,3
mooka,3
kabelo,3
galesoso,3
lesoso,3
llifing,3
agagwe,3
nyadiša,3
maledung,3
fine,3
dutse,3
tšewe,3
morwalole,3
moroga,3
tebilego,3
thuntšhitše,3
ikgafa,3
makitla,3
sebopiwa,3
dumelwetšwego,3
mmolayeng,3
gapa,3
dipudi,3
hlahlwa,3
pontšhong,3
molli,3
dinokwane,3
moswarasetulo,3
šomanago,3
boitshepo,3
itokišetša,3
bengmešomo,3
ikoka,3
ikgopola,3
aparelago,3
nametšana,3
lwele,3
seleka,3
setu,3
rulagantšwego,3
kganetšo,3
kekišo,3
diiri,3
metlapelo,3
swanetšwego,3
mokitlana,3
mahlakorepedi,3
dinagabadirišani,3
tefišo,3
ntlholela,3
manga,3
epega,3
akaretšwe,3
seretong,3
badirelwa,3
reilwe,3
ebela,3
malekeleke,3
mogalantšu,3
diphetho,3
kgabaganyang,3
melelwane,3
diripana,3
seeleketeroniki,3
therei,3
kanegelokopana,3
kwelano,3
mohlokofatšwa,3
monatsebe,3
sepelelanagole,3
iletšwa,3
gatelele,3
dimmapa,3
mmušoselegae,3
nkgahlago,3
tlotlontšu,3
roga,3
monolofatši,3
boto,3
thogako,3
tswale,3
ate,3
hlorišago,3
panele,3
lapišitšwe,3
nepiša,3
gatelelwe,3
dumeletšwe,3
diphošwana,3
role,3
thobalano,3
fetwego,3
mokgopeng,3
ipoeletša,3
gantšintši,3
tlwaetšwego,3
binabina,3
ponya,3
ruteng,3
khuduela,3
kwišiša,3
leopeng,3
boikano,3
tirišo,3
kwalakwatšwa,3
thwala,3
fahlele,3
balela,3
tšholla,3
thabeng,3
motšhabi,3
mpoditše,3
nkgobošitše,3
thlabollo,3
dinagaselegae,3
lokologile,3
diragala,3
swabiša,3
metsotswana,3
hlokangmo,3
lapana,3
bathabile,3
atšweletše,3
falala,3
setlamorago,3
moeletši,3
mothomoso,3
llifi,3
hlompšha,3
latelelwe,3
moleteng,3
tletšego,3
yeno,3
letsheng,3
mogadisho,3
takone,3
šomeng,3
continent,3
minimamo,3
putseletšo,3
leboela,3
hlalefa,3
hlamatsega,3
mabe,3
tikologong,3
sekwala,3
direstoranteng,3
dihoteleng,3
sengangele,3
nyamišwa,3
gorebao,3
mokadiatholaba,3
boutela,3
public,3
nyenyefatša,3
segagešo,3
sepedišane,3
hlagišwago,3
kgotlatheramolao,3
methaladi,3
šiiša,3
setofong,3
solanka,3
ntlaba,3
krante,3
secretary,3
senwi,3
kreiting,3
welego,3
letlwe,3
komiking,3
kgauswinyana,3
hlalana,3
boradiatletiki,3
šweufaditšwe,3
elektroniki,3
novel,3
folotša,3
eie,3
dimmagaseterata,3
lemala,3
abagana,3
makopo,3
hlakanana,3
galetsoalo,3
poto,3
bahlokomedi,3
bosadi,3
ditlhokwa,3
hlokego,3
temokrasing,3
komitiphethiši,3
beelwa,3
bonyane,3
opele,3
moketeng,3
stock,3
kantorong,3
eia,3
tšeatšea,3
hlalosago,3
hlaka,3
kgethollo,3
hlalošišwa,3
mafelong,3
hlonama,3
bjalempotše,3
nošetša,3
oktoboro,3
selaganyago,3
serapaneng,3
mathudi,3
tšwelago,3
tlema,3
dithai,3
kgome,3
letsogwana,3
dumelletšwe,3
tshepege,3
musibudi,3
bomakgetle,3
ong,3
adilwe,3
kwešišwego,3
baahlodi,3
tšhabetšego,3
banyadiwa,3
lekgokgo,3
mokakege,3
sefofu,3
balefa,3
sepelego,3
ngwale,3
hlasetšwe,3
lesakana,3
dukologa,3
ditšweletšwa,3
mosepediši,3
mašengwana,3
bogolwane,3
hlatswiwa,3
thekgano,3
lea,3
hlakilego,3
tholomodiro,3
ditatamente,3
bohlapelo,3
amogelwe,3
tsenyago,3
phethagatšwe,3
kontinente,3
hlatloša,3
seipone,3
thatafatšwa,3
direkarekane,3
balabadišwa,3
melaong,3
tebano,3
dirangka,3
makhado,3
phalwa,3
rega,3
gakala,3
phaphelo,3
makgetho,3
momaganyeng,3
ditšhošwane,3
nameladi,3
hlatha,3
tšhabišitšego,3
holofele,3
potšološo,3
bjalweng,3
menyanyeng,3
dikomeng,3
megobong,3
mephasong,3
mokgatlong,3
romane,3
ikhomolela,3
kempho,3
makgoni,3
monare,3
dirapaneng,3
rua,3
fepiwa,3
khirotlasana,3
tšeego,3
rogaka,3
fetolamotho,3
mogaleng,3
gampe,3
bodila,3
diswiri,3
phaenapole,3
swanet,3
omi,3
šišintšwe,3
bolokile,3
dikologa,3
manyora,3
lahlantšwe,3
tšabophelo,3
oketšegago,3
bomme,3
befedišwa,3
phapanong,3
thoka,3
mmase,3
yokate,3
lepheko,3
tšhomišong,3
metšhene,3
mobana,3
dimfo,3
bulelana,3
fetofetoga,3
ebe,3
esa,3
banyenyanebasa,3
badirišani,3
laolego,3
hlalošitšwego,3
shark,3
setifikarata,3
mpeile,3
selaelo,3
tlaišegago,3
lokišetšago,3
bileditšwego,3
kadimo,3
abelanwago,3
emelwa,3
boramolao,3
kweša,3
kwešwa,3
boditšegoyona,3
oksitšene,3
ikarabela,3
semeetseng,3
hlakahlakane,3
mmadineo,3
phefa,3
gorebatho,3
tshenyegelo,3
sethala,3
swarego,3
bašomammogo,3
maanong,3
tshenko,3
agošiiša,3
maabaneaa,3
maabanebane,3
fetetšwa,3
lefelong,3
lebantšhe,3
rileng,3
thomo,3
swanego,3
tsentšego,3
tšhomong,3
hwetšagalago,3
neele,3
sepetšwa,3
laolwago,3
dikhanakhana,3
lebotlelo,3
safe,3
patelelahempe,3
lokologe,3
fora,3
mahala,3
kgomaganya,3
kgati,3
bapalwa,3
mabophethi,3
tlaralatšago,3
kgošigadi,3
šwahlela,3
poleloseboledi,3
polelopego,3
leuto,3
mahlankgana,3
melaotshepetšo,3
rone,3
megamolo,3
llego,3
hwela,3
rakariki,3
tlhaelelo,3
morulaganyi,3
ikgalale,3
ketlela,3
kafase,3
sekasekilwe,3
rataneng,3
kofing,3
tšhese,3
mašotša,3
ketekwe,3
laotšwe,3
kwatša,3
robalele,3
melodi,3
boso,3
seafrikanse,3
swarwago,3
fodilego,3
kakaretšwana,3
ditheeletšo,3
iphošetša,3
tenteng,3
akaretšago,3
bjana,3
rekilw,3
farelwe,3
maite,3
ikwe,3
lenaneopeakanyo,3
alela,3
gotetšwa,3
phošwana,3
kgotlelele,3
leasana,3
tlaišwago,3
bethwa,3
jane,3
itshekamela,3
hlomphile,3
meneer,3
thekesela,3
bolokago,3
adimelwa,3
rekhota,3
ikhomotšago,3
kgaga,3
hlagišitšwego,3
tlaišo,3
mothwana,3
gamodiše,3
thobo,3
khathone,3
ilelwa,3
tsebagatšwago,3
magatong,3
hirišiwang,3
fihlelelwa,3
iteilwe,3
tswetše,3
bokgonthe,3
lebiša,3
lebišitšwe,3
hlabollwe,3
galampele,3
kwešišego,3
lekalekanya,3
metheokokwana,3
mapogo,3
obamele,3
šušumetšago,3
okametšwe,3
mopremia,3
sedimošwa,3
dikutullo,3
mmitara,3
gasefolo,3
hlomesetšwa,3
legoreng,3
bommammati,3
tlogetšego,3
masomennetee,3
boithaopo,3
tsebagala,3
mpotšago,3
rumolega,3
imolla,3
ruile,3
dipere,3
gommea,3
bolufuno,3
putu,3
sentše,3
mekutwana,3
hlomagane,3
direlwa,3
patrone,3
mekgotheng,3
keragore,3
morale,3
ikepetšego,3
phegelela,3
mabetlela,3
nyaditše,3
dikeletšo,3
kokotwa,3
moraka,3
swanelwe,3
hlohlomipa,3
pusetšo,3
tharollong,3
poo,3
gogagogago,3
kgeigo,3
kgomarela,3
lepharo,3
borotho,3
kgotšofatše,3
mekgweng,3
fefole,3
hlabolotše,3
tirišanommogo,3
kopantšha,3
tšwala,3
kgaoletšwe,3
kgokaganywa,3
bokaakang,3
mohlopi,3
baktheria,3
dumelelago,3
mosaeni,3
tsenyang,3
badiri,3
hlobola,3
boripana,3
diphuti,3
dikome,3
piri,3
thulantšha,3
ditshitswana,3
dipulo,3
matšatšo,3
nele,3
apee,3
aparetšwe,3
ngwadišitše,3
mabjaneng,3
rarelararela,3
tšhabagophula,3
kwalakwatša,3
mapokisi,3
lifelong,3
tšheletše,3
hlaelela,3
ntlhalošetša,3
hlokofetše,3
fotseke,3
kolotago,3
latselatshepetšo,3
makgotlataolo,3
tlabatlabiša,3
dikwero,3
bolokela,3
kelelathalo,3
otišwa,3
dumella,3
swiri,3
bagale,3
matšhošetši,3
diphokotšo,3
kwešišago,3
legapi,3
gabjale,3
boeleditšwe,3
methalothetong,3
mothong,3
takatso,3
mongwaledi,3
lekgotlakemedi,3
phumegile,3
sekaseka,3
infrastratšha,3
ping,3
matlafatšo,3
segwere,3
lefelago,3
boyona,3
bediše,3
fodiše,3
nkarabe,3
fiwego,3
ngwadiša,3
saeniša,3
setlaela,3
oketšwa,3
foreše,3
meso,3
gopolago,3
dutile,3
fapoge,3
tlelereke,3
lehlatšo,3
batshwari,3
letheka,3
kgopo,3
ithekela,3
ima,3
dikhupamarama,3
betodiše,3
kgeranata,3
sefu,3
lahwelela,3
president,3
fetogela,3
laeditšwe,3
kamogelong,3
tiišetšong,3
maokelo,3
šarakane,3
sehwana,3
ilalo,3
dirilwe,3
feletše,3
itshwarela,3
etišitše,3
kgantšhago,3
gatišwa,3
mofetoledi,3
mabotlelo,3
mašatana,3
thaula,3
basepetši,3
gohlola,3
maime,3
bontšhwago,3
botšiše,3
leleswiswi,3
mantšuatatagwe,3
gautana,3
tsongwago,3
ngenne,3
senwelo,3
ipeela,3
kgatlana,3
hemago,3
thwemakgowa,3
loiweke,3
ntsebiša,3
diphihlelelo,3
utame,3
sesole,3
kgofatšago,3
mohutamang,3
ditlhahlo,3
ntšhiwago,3
mmabago,3
praemari,3
sione,3
kgopetšwego,3
mphatong,3
thibile,3
difate,3
arogogantšwe,3
senyago,3
bakgonagatši,3
gakollwa,3
diswantšho,3
laetpago,3
dikreiti,3
hlakeng,3
hlaloswago,3
kekeretša,3
rere,3
kgokaganywago,3
lefelele,3
fetleka,3
moetapele,3
difihlolo,3
mošiabatho,3
ikhoretše,3
bosberad,3
mlahlekisi,3
sephodisa,3
kwela,3
sons,3
batlamoletlong,3
difofu,3
šadišetša,3
makgaritlanyana,3
phepompe,3
kgoga,3
lerabele,3
medi,3
bothakga,3
mmolelwana,3
hlalošitšegore,3
šielanago,3
kgontšhang,3
akaretšang,3
mabili,3
kere,3
kgethe,3
inšorense,3
fišwa,3
bulelwa,3
mabone,3
fetšwa,3
nneteng,3
fihlelwa,3
garama,3
dithaere,3
kwale,3
khathune,3
mangwalwana,3
bapatša,3
dithušo,3
nogo,3
laetwa,3
tsebio,3
dimmitara,3
huparela,3
tsenega,3
kobega,3
mabjang,3
nabile,3
batšwasehlabelo,3
itlhama,3
semotwana,3
fehlwa,3
sesego,3
šaletše,3
propaganda,3
ngwatomosadi,3
rekišitšwe,3
digateledi,3
lephegelelo,3
lešaedi,3
mokgatlomogolo,3
ditšhabatšhaba,3
khuetšokhuetšo,3
kgodiša,3
baabi,3
apešitšwego,3
tšwilego,3
itlhokomele,3
mathuhu,3
kgolekgole,3
dithabeng,3
kgakgatha,3
šitile,3
peakanyo,3
mmušogae,3
thomang,3
segoleng,3
phaahla,3
kwelego,3
fulago,3
laolwe,3
track,3
tlhaologanyo,3
mohlakišikakaretšo,3
lekelelago,3
kagišo,3
itlišitše,3
digetšwe,3
phemago,3
ipotšiša,3
babo,3
hlakiša,3
belaetše,3
baloiloi,3
mminaphiri,3
bane,3
kgotlelelago,3
fetišwe,3
ntirela,3
moagi,3
nobel,3
kgehlemanya,3
itlholela,3
borapedi,3
ntirago,3
mophethagatši,3
tšeetše,3
bakgathalehwiti,3
kholomo,3
tlaleditšwe,3
lešata,3
isaacs,3
mopostola,3
hlalwa,3
dipute,3
maburu,3
tletše,3
diputswa,3
dipapading,3
nnake,3
utolotšwego,3
ntseba,3
morapedi,3
high,3
lebogega,3
kgwara,3
senyelet,3
moraloki,3
bontšhe,3
bušago,3
bonelwa,3
lekgeswa,3
nngele,3
maotwana,3
mogodu,3
tlhapi,3
bolekana,3
thulanago,3
rialo,3
mookamedi,3
rometšwe,3
ditlhahlong,3
hlopha,3
mafapa,3
ikhuditšego,3
kgotlelelang,3
gopele,3
airlines,3
flight,3
lokollwago,3
thabo,3
bodibeng,3
sekhutlong,3
clinical,3
short,3
story,3
norse,3
owe,3
swailwe,3
kgodi,3
kgokgo,3
priest,3
kholera,3
ngangabala,3
phopholetše,3
mašela,3
batalala,3
kapa,3
košana,3
opelwa,3
botšišago,3
ntšhitšwego,3
imile,3
lwatšwa,3
tšhabišetša,3
beakantšwe,3
minerale,3
tologetšego,3
cup,3
bodiša,3
nthasetša,3
phumotšwe,3
bjaka,3
baruti,3
mmešelet,3
dinotlelo,3
dipara,3
bogobe,3
royal,3
tšhipa,3
yunibesithi,3
methodist,3
bot,3
serunya,3
hlagolela,3
lekgabana,3
bootledi,3
ithutile,3
ikgethele,3
kgabile,3
magogwa,3
dikilogramo,3
timet,3
bogaleng,3
mohlare,3
šupago,3
capitol,3
tšhologana,3
mašot,3
german,3
agency,3
college,3
belegetšwe,3
nagalegae,3
dipolaseng,3
mahlatsemang,3
phihlelelo,3
bošaedi,3
forwa,3
thabeamanyi,3
lewatleng,3
jewago,3
mabedika,3
badulasetulo,3
putsago,3
bušeletšwa,3
lahlile,3
mmanenka,3
phitlhelelo,3
thatafalelwago,3
lekalekanego,3
theeletšwa,3
thelebišeneng,3
boledišanago,3
molwantšhwa,3
theo,3
tšewego,3
tokologong,3
masomehlano,3
papatšong,3
entšene,3
dikhophi,3
lemorago,3
begwago,3
nyakišišwa,3
kgokgono,3
diaparo,3
bokgathatema,3
tekanyetšong,3
kgethollwa,3
goo,3
amanego,3
tšhomišanommogo,3
gohlakahlakane,3
nkabego,3
iphediša,3
itshepilego,3
rakelele,3
diregile,3
mabarebare,3
mmakišago,3
akanyetšwago,3
nef,3
dinama,3
saga,3
navy,3
ahlowe,3
bophethegi,3
botsoro,3
kanogelo,3
mmoto,3
dipampiritšhelete,3
ithwalago,3
masometharotee,3
ditetelo,3
kgororwane,3
gatelelwa,3
senoko,3
datapeise,3
tlela,3
thutafase,3
lebanya,3
mahlareng,3
fetetše,3
ditšheleteng,3
balwi,3
mosakong,3
ntšinyana,3
leleme,3
lesomehlano,3
mothwalwa,3
boditšego,3
otile,3
pholisi,3
retšene,3
letelago,3
ngwalolle,3
ahlaahla,3
thibathibelago,3
gagola,3
hlohloletša,3
phedišano,3
tsenwe,3
lamorena,3
hlabologilego,3
tsebegago,3
dihlotlo,3
patagantšwego,3
tlhabane,3
itharolotše,3
matareane,3
magerike,3
mapotokisi,3
ešita,3
bapetšago,3
ganetšwago,3
ngadile,3
ditheko,3
diemo,3
nyadišitše,3
kare,3
fopha,3
dintahle,3
dinyane,3
bolelwagokatšona,3
hlaelelwa,3
ntšheditšwego,3
hlotliwa,3
kgomaneng,3
themes,3
khathola,3
akalala,3
tshwamoge,3
segwera,3
gangwe,3
hlalefe,3
ditshwayotshwayo,3
morumokwano,3
swantšho,3
tshegišo,3
bofelo,3
thušakagore,3
iketš,3
moretšistara,3
rarela,3
manotlo,3
dingatha,3
hlathago,3
madiri,3
nepagalo,3
seswantšho,3
phegelelo,3
retologa,3
gonafao,3
hlanoladirethe,3
kotsing,3
phekola,3
lebollo,3
pomipa,3
dikarolo,3
mothogo,3
moanegwathwadi,3
katanago,3
diboledi,3
seswantšhong,3
hlokomelago,3
tswaka,3
diphahlo,3
lebjaletšweledi,3
hlothola,3
web,3
hlakahlakana,3
hubaka,3
dikahlaahlo,3
latelelega,3
lebila,3
basebini,3
ntšhetše,3
tho,3
legogwa,3
sepetšwago,3
tlhakamolao,3
wili,3
babadi,3
tlhorišo,3
mokhuša,3
diagammele,3
batlolamolao,3
mapono,3
potologago,3
lebantše,3
moreba,3
dihlwa,3
kgaolakgaola,3
gabommatlala,3
senyakwa,3
agaleswa,3
ditlabelotirišwa,3
beakanye,3
belegetše,3
kgothatšo,3
dipena,3
diposetara,3
fepša,3
ikhwetše,3
mehlareng,3
menoto,3
thope,3
mothušamodulasetulo,3
setero,3
swantšhwa,3
moretwa,3
maboomo,3
foleteng,3
pholophotha,3
thwalo,3
tumile,3
diaparong,3
moraranyana,3
ratwa,3
šireletšwa,3
fetisa,3
mošemanyana,3
telefatša,3
kgoge,3
kgethollwe,3
rarabololwa,3
makgotlakhuduthamaga,3
telefatswa,3
kgonagatše,3
peakanyong,3
kgotsofatšwa,3
phaphasela,3
bontšhwa,3
lapišitše,3
hlagetšwe,3
keganne,3
ratanago,3
tlabilwe,3
gašaganego,3
koloing,3
sekema,3
tisa,3
lebating,3
aloge,3
galefiša,3
mmelegego,3
lesiba,3
malakane,3
mabusebuse,3
phetelelo,3
kgabišitše,3
maphephe,3
apešago,3
utolla,3
dikilometaratšemasometharo,3
didirišwahlangwa,3
maithobollo,3
kgwebišano,3
intaseteri,3
nyenyane,3
bonyelele,3
katšona,3
kgotsofaditšwe,3
matelele,3
baase,3
bathekgi,3
digagabi,3
thutadipalo,3
begela,3
gagotšwe,3
mpitša,3
methalotheto,3
mpee,3
felelwe,3
park,3
tsošološatsebo,3
bonayago,3
thunya,3
mmaserwadi,3
ebewago,3
anegele,3
republic,3
polasa,3
raloke,3
dikarata,3
khomphutareng,3
šiela,3
ditafola,3
ikhutše,3
loya,3
mabusha,3
tiišo,3
botseta,3
katela,3
morabeng,3
hlanogetše,3
gatoga,3
monyanyeng,3
pukutšatši,3
laodišago,3
katse,3
magotlo,3
hlaelelago,3
lekwe,3
makgaolakgang,3
kotlo,3
tshesane,3
kgopelela,3
moratho,3
mogwe,3
mohlapologo,3
bonneng,3
kgonya,3
engelane,3
ngwalele,3
poskarata,3
efela,3
tshwenyega,3
lešathana,3
mageu,3
merumo,3
maswaro,3
lebanwe,3
inokanoketša,3
arogana,3
leselageng,3
parole,3
tšhoganyetšo,3
mamohlohlwane,3
dikgakgaripane,3
tsoma,3
fihleletšwe,3
mmitareng,3
mohlagae,3
morutipi,3
malaomabe,3
phayaphaiša,3
mafokodi,3
tshelwe,3
mmipela,3
papetla,3
tshenkonyakišišo,3
rereše,3
mmoifa,3
utile,3
hlotlilwego,3
mešupatsela,3
bagwebakammele,3
phaphano,3
ntšhana,3
inong,3
ratšhidi,3
hlaelelo,3
dibenyane,3
sešupanako,3
mebušo,3
gohlegohle,3
seresanta,3
budule,3
lenaneotshepetšo,3
meratišo,3
tsoši,3
ikgohle,3
magetla,3
mmaphakwe,3
tsošitšwe,3
mokokoto,3
šiago,3
tso,3
olo,3
bapaki,3
bedi,3
tlaleletše,3
katanela,3
itlhotleletša,3
layer,3
kgwahla,3
hlokofatša,3
mosehla,3
census,3
dipersente,3
tsebalege,3
mmalegotlo,3
ralegotlo,3
kgobogo,3
thubamotse,3
befedišago,3
kose,3
id,3
mahumo,3
ngongorego,3
borutelo,3
emiše,3
sekaseke,3
van,3
dithušothuto,3
temeng,3
tenega,3
megokarano,3
timola,3
kwanetšwego,3
kanegelokopaneng,3
christian,3
matlafaditšwe,3
tantsha,3
kagona,3
obe,3
itemogetšego,3
dikgatako,3
mahlokotsebe,3
bangwadi,3
baakanyetši,3
baswantšhi,3
sepedišago,3
ebolwa,3
mogaunyana,3
tsenelwe,3
tšiditšana,3
hlolwe,3
setempe,3
thibelwa,3
buisana,3
tenwa,3
rulaganyetša,3
katolo,3
me,3
yonaka,3
karatšheng,3
abiwa,3
mebotoro,3
kamo,3
kwalago,3
nameditšwe,3
mokgalabjana,3
swaswe,3
kgaoletša,3
gegea,3
setšwe,3
dihlangwa,3
thethiša,3
phele,3
gakgamatša,3
lefelwago,3
morethetho,3
ngwakongdisego,3
kukamonna,3
bodutung,3
ikgonere,3
gatišwago,3
boitšhomelo,3
mafapheng,3
omišwa,3
diphisi,3
dilenthele,3
sebjaneng,3
fomula,3
bokgonikakanyo,3
hlohloletšego,3
bolae,3
sebetšego,3
penta,3
furalela,3
kwenayo,3
adutšego,3
folaka,3
etho,3
obametšwe,3
hlakagalego,3
kwametšege,3
lefšwa,3
dikgaokgao,3
dinetefatšo,3
ruwilego,3
hlagolelwa,3
tlogang,3
tšhaile,3
fihlelelwe,3
gabariele,3
bene,3
gamogashoa,3
senkgišabose,3
naval,3
dikgwebopotlana,3
hlokomologwe,3
foromong,3
tshekga,3
fehlwago,3
ikopanwago,3
sebeka,3
retelelwa,3
mahlakore,3
kwišišege,3
gonyane,3
sejato,3
ntoutela,3
botsenelwa,3
mohlologadi,3
diporofense,3
diprofensetle,3
seila,3
šulafatša,3
diselefoune,3
fihleleleng,3
kwalakwatšago,3
abja,3
iponatšago,3
fihlelele,3
swiela,3
koropa,3
nyakišišitšwe,3
name,3
balwago,3
tšibatšiba,3
moano,3
mbotwana,3
kgopetšego,3
tlogego,3
lerumu,3
sepedišana,3
maila,3
bosotho,3
senyegilego,3
kgakgarega,3
fahlogela,3
leng,3
hlomphiwago,3
bahlanka,3
solo,3
dieta,3
disolo,3
ngwalela,3
sešego,3
bašomedi,3
mashilo,3
kokoago,3
nyamoga,3
lebogela,3
bophuthatswana,3
maatlataolotoka,3
logaganya,3
boppa,3
lomago,3
tatso,3
palomoka,3
memorantamo,3
reketše,3
kuku,3
sešebo,3
sebose,3
sekasekilwego,3
phetolelo,3
thalathadilwe,3
boyo,3
hlaološwago,3
ditiragalong,3
mat,3
diintasteri,3
kgahlegong,3
mokgwawo,3
oaparagokagona,3
makgoweng,3
šika,3
hlatlega,3
pitšana,3
kganyetša,3
hlaganela,3
amoga,3
mohlalefi,3
kgonwa,3
molemogi,3
kgononelo,3
maitshwaromabe,3
bakilwego,3
kitimiša,3
arošitšwego,3
kahlolelo,3
rulaganya,3
seleteng,3
tshwanela,3
dikelelwa,3
kgatelopele,3
hlabolotšwego,3
mafotle,3
wela,3
kahlololeswa,3
theeleditšwe,3
babegedi,3
ikgethago,3
lefapheng,3
thokongya,3
ntona,3
semmušo,3
polio,3
tsenetšego,3
pressure,3
email,3
professor,3
salad,3
lane,3
nine,3
tsebagaditše,3
grant,3
ponto,3
pillar,3
matlapa,3
blocka,3
mokhanselara,3
polo,3
outcome,3
swimming,3
beilego,3
homolele,3
polelotirišwa,3
malemepedi,3
gorediphoofolo,3
tšedingwe,3
sekafoko,3
inweše,3
sengwegommega,3
arate,3
goma,3
marulao,3
bodulo,3
boeletša,3
kgontšha,3
tshepane,3
bophodiseng,3
hlagišwe,3
hlagago,3
hlokišitšwego,3
amogilwe,3
rarollwego,3
šoo,3
ntšheditše,3
dirotswana,3
tsebege,3
saenilwego,3
maloka,3
tsuba,3
itšhidulla,3
popo,3
balelwa,3
potšišo,3
gasefaka,3
rampai,3
batsogile,3
baboloka,3
dihlola,3
tšhabile,3
megarogo,3
sefahlegong,3
gadikilwego,3
dihampeka,3
mekgobo,3
fihletše,3
ipotšišeng,3
lefapeng,3
phumulwe,3
buletšwego,3
letsweleng,3
šongwe,3
tshepho,3
tsetlelwa,3
ikgareetše,3
ditiragatšo,3
lolamang,3
tumo,3
mokhwipebetse,3
ithomela,3
hlaswiwa,3
šišingwa,3
mabjalo,3
phethagata,3
rutwa,3
boikemo,3
boetapele,3
ditheo,3
moruleng,3
moipone,3
ramogolwagwe,3
kgonagalekudu,3
ratwe,3
mmotšišitše,3
tsinkela,3
fokotšwago,3
motšhelong,3
fetšago,3
bebase,3
patage,3
nontšhetša,3
thalathala,3
thutomohlala,3
tlhahlopoledišano,3
maatlafatšo,3
tuu,3
sekišwa,3
modiriši,3
mokalabi,3
hula,3
fihlelelega,3
mebala,3
merongwana,3
mootlwa,3
ineela,3
kotofatša,3
nonne,3
rotše,3
matšhe,3
botswana,3
lesotho,3
swatseng,3
foreistata,3
matena,3
kgethologanya,3
kgoparara,3
rekotega,3
sepedišanago,3
tlhabologo,3
kgonegišo,3
nadine,3
amego,3
saenetšego,3
thokong,3
maikemišitšo,3
akere,3
mašwišwi,3
šenago,3
metšwe,3
mashudu,3
mephato,3
mongwadi,3
falalelago,3
phuthegong,3
bogelwa,3
tshwantšhokgopolo,3
lekanetšego,3
phumola,3
batsebiši,3
solomon,3
fihliša,3
ganego,3
distopo,3
setšong,3
sebotšwa,3
tanyega,3
leratong,3
mmabona,3
moelamogolo,3
mokgekolo,3
morwagwe,3
kgobalo,3
motšwasehlabelo,3
monyako,3
sepetše,3
dišegong,3
bušitše,3
thumo,3
bapadiša,3
bošupa,3
goa,3
romilego,3
holega,3
hlagišetša,3
festivaleng,3
camera,3
traffic,3
repossesa,3
two,3
okay,3
grants,3
mmintšha,3
stone,3
khutlotharo,3
emetše,3
okametšego,3
mail,3
female,3
metlae,3
mašata,3
dihlogo,3
nyakišišitšwego,3
ditlolomolao,3
infrastraktšha,3
recent,3
ancestor,3
kibiwa,3
lebikiri,3
nyefola,3
alafago,3
makaone,3
abelane,3
baithutikabona,3
fetelwa,3
belegwe,3
kgaphola,3
leseasea,3
rekwa,3
dijong,3
bro,3
boss,3
pelokgolo,3
kitimele,3
fihleng,3
hei,3
mathokong,3
my,3
comments,3
pakaneng,3
omo,3
auto,3
tena,3
kukumara,3
mekgona,3
kaonafatšeng,3
tšwetšeng,3
mašego,3
nnono,3
bajalefa,2
kgoodi,2
pasetopo,2
itlhomela,2
mašokana,2
šorofala,2
dilaesense,2
dutšwe,2
bethana,2
mesamelo,2
motsemogolo,2
sersanta,2
dirišwago,2
phošwa,2
letadi,2
hwego,2
kgatong,2
sep,2
tsogile,2
diemapele,2
motsenyetša,2
tseneletšego,2
bolena,2
mothosemolao,2
etwe,2
molefi,2
akantše,2
phadišano,2
setulong,2
bongwetši,2
letšatšikgwedi,2
mponego,2
sebotšološi,2
boetše,2
bobididi,2
english,2
thušabana,2
kaotee,2
swaswage,2
hoteleng,2
ralokilego,2
dikherotse,2
sepinatšhe,2
ditamati,2
difofane,2
dirišago,2
ikgokanya,2
mefago,2
madihlabe,2
ikhutša,2
šuthelelwa,2
ntshwanetše,2
aloga,2
kgweding,2
diilago,2
huetša,2
mpipela,2
diphirikgolo,2
nyepollo,2
kgotlelelege,2
amuše,2
lebadiše,2
radihlapi,2
mollwane,2
nyoretšwego,2
leselo,2
khurumelwa,2
thekenolotšo,2
kagosetšhaba,2
tekemego,2
moofisirimogolo,2
mafela,2
mabelethoro,2
ikela,2
badimong,2
robaletše,2
dikgwa,2
netefaditše,2
marere,2
kgwebotheo,2
plastiki,2
siriele,2
tliswa,2
ponelopele,2
keiting,2
keiti,2
ganago,2
khomišinara,2
tiroatla,2
dikopafatšo,2
itshwara,2
gatikela,2
mohlami,2
strouku,2
sebjana,2
lesenke,2
hlatlama,2
seswantšhothalwa,2
itlhokelago,2
dišo,2
tšhalanonthago,2
lenyatšoba,2
hlapetša,2
ilo,2
hlakodišwe,2
ikgethetšego,2
dutlela,2
nkong,2
hlwekiša,2
boipshino,2
setšene,2
omanya,2
sopo,2
diophareišene,2
idibatša,2
bolaile,2
tshetlo,2
kganya,2
bobotse,2
kgobokanetšwe,2
peo,2
meetše,2
nokengkgolo,2
nkgone,2
senepe,2
boraditaba,2
babinatau,2
tsitsinkele,2
tšeelwa,2
opša,2
tlabja,2
diragalela,2
tsomare,2
thibelego,2
thabeina,2
lebakatšweledi,2
lebjale,2
raro,2
ipeye,2
lešitše,2
tahlane,2
alafša,2
tlhaloganngwa,2
gagešo,2
api,2
letswaifela,2
godipwa,2
nyaki,2
rotara,2
dilipi,2
mokgobo,2
dikakanyo,2
royals,2
aikemišeditše,2
fepega,2
waar,2
pušetšo,2
hlahlile,2
mongangapane,2
thakgaditšwe,2
potšišišo,2
phethagatšwego,2
agetše,2
šometše,2
akareditšwe,2
nngweethongwe,2
faeleng,2
organization,2
amogelwago,2
gopolele,2
šupetša,2
sehlophana,2
digatamarokgwana,2
ditatofatšo,2
mesebe,2
hlomolana,2
lephelo,2
lekaone,2
nkadingala,2
hlanolela,2
phatlalale,2
nkgela,2
keg,2
abašupetša,2
upše,2
tšeang,2
melaomegolo,2
ditaelotaelo,2
aroletšwe,2
ketapele,2
bangwading,2
elaetšwago,2
tshepidišo,2
diswari,2
lebeletšwe,2
dikenywatša,2
serolane,2
phumulwa,2
kgahle,2
lebantšhitše,2
palege,2
hlotletša,2
tshwedi,2
kgahliše,2
tšhidullo,2
mešifa,2
mabose,2
komelelo,2
iphile,2
šiwa,2
nare,2
hlotša,2
nku,2
phološa,2
dinaleng,2
boitlhamelo,2
kgegeo,2
dithumo,2
farologanego,2
tlengwa,2
dikhamphani,2
masetara,2
kgorotshekokgolo,2
hwetšamoraba,2
dibjana,2
mengapo,2
dibjaneng,2
bitše,2
tswalelo,2
bjetšwe,2
matšoba,2
lekanetše,2
marinini,2
tšhupa,2
bakilego,2
thwalwe,2
treaty,2
ngatela,2
setlogo,2
amegang,2
akarediwa,2
setaela,2
šeditšwego,2
botee,2
rarologe,2
mogalakwenae,2
aerobiki,2
ikgakantšha,2
itebatša,2
lentshwa,2
lebišagape,2
boditšwe,2
ditokofela,2
hlapiše,2
kgotsofetše,2
ntšhaba,2
mahlathi,2
mafokong,2
makopana,2
dikgao,2
sešhabeng,2
fekeetše,2
ferile,2
mogodumo,2
thato,2
phethegile,2
masolong,2
gwatanka,2
kotwego,2
kgethegile,2
ntlogele,2
lemogilwe,2
mogo,2
ithaopa,2
šomela,2
potsa,2
apeilwego,2
tshwanago,2
letangwana,2
boruthelo,2
rekišwe,2
thekontle,2
gateletšwe,2
hloilego,2
mapaing,2
klosari,2
ete,2
hlotšwego,2
kgaogano,2
metara,2
mothalothetong,2
rakwang,2
dileteng,2
tsebagatšwa,2
moragonyana,2
kgatišong,2
tšweletšeng,2
mašošo,2
mefolo,2
neela,2
holo,2
tharing,2
serwaolong,2
sephiring,2
tseneletpego,2
lwantshaneng,2
bomenetsa,2
metše,2
boelego,2
sekepe,2
tsefela,2
tumiša,2
phoofolo,2
mahlomahwibidu,2
ngenega,2
ngwakong,2
mokotlana,2
mapulana,2
ditšhitswana,2
pakwago,2
bunago,2
mokgwatlhamo,2
dikgabišo,2
kakanyopopo,2
tšhilo,2
moipiletši,2
tšatšikgwedi,2
sete,2
feletšego,2
dišwa,2
nokeng,2
noša,2
gwaba,2
gwanta,2
itekanele,2
hlakantše,2
kalo,2
moakanyetšo,2
lehlaya,2
kgotlele,2
ikgantšhago,2
kgaolelwa,2
lešika,2
lešatana,2
beketlammetha,2
šedi,2
langwe,2
katwa,2
khomodi,2
gakanegile,2
ngwadiše,2
modirelwa,2
krediti,2
phadišana,2
magologolo,2
lebaganego,2
maatlafatša,2
modiša,2
etile,2
maikhutšong,2
tabanyana,2
šupile,2
kgotsofatšwe,2
beo,2
tlafela,2
mmonaa,2
šuithišetšwa,2
masindikheithi,2
phethagatpa,2
mepongwana,2
hlakanetšwego,2
magokobu,2
tantshe,2
latelelwa,2
nngeleng,2
gapeletšegego,2
tšweleditšego,2
komišine,2
ditokumenteng,2
bogweng,2
motšhitšhi,2
adimana,2
fetogego,2
ikemišetšeng,2
ukangwe,2
gampenyana,2
saposidi,2
hloba,2
tsenagare,2
phathagatša,2
swarišitše,2
šomang,2
ditoropongkgolo,2
dikabelo,2
kudukudu,2
ratha,2
diraselo,2
tšhogago,2
dinkhu,2
hlahlobilego,2
seopahlogwana,2
bolayane,2
hlakela,2
kalafio,2
hlalosa,2
ditšhoganyetšo,2
yaudi,2
gonamo,2
ntoo,2
dithelebišeneng,2
dikuranteng,2
segobjalo,2
nyakišiše,2
mokwalakwatši,2
hlokoleng,2
etapele,2
mothuša,2
rabasotho,2
ngaya,2
matamo,2
motlalaohle,2
lebilego,2
tshepile,2
mohlako,2
itebala,2
abetšwe,2
ikutswa,2
mmakgoši,2
gampa,2
perekisi,2
matute,2
diterebe,2
akronimi,2
bopharagahla,2
sekwengmaikutlo,2
mmogetše,2
dipontšhong,2
rumilwe,2
bošweu,2
papelong,2
ngwaleng,2
protšeke,2
hlamelwa,2
nkambule,2
tsentšhitšwego,2
diporoukhara,2
orele,2
monwaneng,2
hlathollwa,2
kwešišwa,2
seemong,2
dumelelega,2
makgarebe,2
enwa,2
nametšego,2
maithutelong,2
kalahlwa,2
eno,2
ditoropokgolo,2
dimeyara,2
bašireletši,2
laodišege,2
bule,2
ipolaiše,2
madila,2
ikemego,2
modiši,2
ineetšego,2
torong,2
lebothatabjo,2
laodišegego,2
bogela,2
mankgohlo,2
manyelaphagong,2
rakeletšwe,2
tsitsinkelo,2
sekiming,2
mangwalong,2
kokobele,2
kgakgana,2
bronze,2
tshekamo,2
tšhupetšo,2
nyakang,2
nadinadi,2
hlakodi,2
pere,2
ganwa,2
nyadišwa,2
taelele,2
lelokollo,2
šadile,2
hwetšago,2
kgokgoetša,2
bowe,2
mokgopha,2
hlorišwago,2
digalase,2
tokafalago,2
legoleng,2
feroša,2
kaka,2
monareng,2
tsokame,2
fonte,2
sekišwe,2
thekgwe,2
bathong,2
gasekhukhune,2
itšhikinya,2
bosenyi,2
pušetšomorago,2
ninaga,2
fihelela,2
kliniki,2
hunadi,2
bokoloti,2
mphanama,2
hlatlamago,2
tamogile,2
ekile,2
hweditšwe,2
fihleletšego,2
lemošwa,2
mamapo,2
mead,2
johnson,2
difaene,2
bedišitšwe,2
bope,2
tšhuto,2
motšhotšhisi,2
boset,2
haba,2
security,2
assistance,2
ikgapele,2
balafaditšwe,2
letšobeng,2
botalamorogo,2
kgabjana,2
ikhumiša,2
tšeeng,2
programming,2
lekanwa,2
mohlwaela,2
mahlalopagotee,2
lwetšego,2
leanong,2
tswalele,2
hlaselwa,2
mokhohlwane,2
ditlhatlošo,2
padile,2
thapong,2
diphatišišo,2
molaetša,2
potla,2
digoba,2
kgwale,2
ner,2
maarogi,2
bag,2
ole,2
bagobatšwa,2
iphatela,2
metlhano,2
phankga,2
lahlang,2
gopodišiša,2
mokotla,2
wagagwe,2
diemadirile,2
lahlwe,2
benedict,2
batšwantle,2
tlholego,2
hlogomeetse,2
nkemele,2
boitemogelo,2
itshware,2
letelwa,2
iphemela,2
semoya,2
tlošwe,2
kaonefatša,2
goga,2
bošula,2
ipušeletše,2
afitafiti,2
beine,2
tlišwego,2
tshwane,2
metro,2
rakgadiago,2
rules,2
botswetši,2
dilebišwa,2
thabele,2
mauritius,2
tumello,2
lebellwe,2
rulagantšwe,2
diarea,2
moelelo,2
ririšanwago,2
romilwe,2
kahlolong,2
tumelong,2
lobjwa,2
imelwa,2
lasepiriti,2
kaganongkatšaa,2
dulego,2
šireleditšwego,2
patents,2
ditlhangwa,2
reteletše,2
kgomareditšwe,2
babeakanyi,2
pabalelo,2
mehuteng,2
jobana,2
serotwana,2
gongwe,2
ntšhwe,2
ponašeng,2
pegelomorago,2
bathwalwa,2
lebakakopana,2
phasha,2
ntweng,2
itebeletše,2
california,2
department,2
mpotšeng,2
faporiking,2
dihlatse,2
diyunibesithi,2
fetišetšwa,2
olela,2
amateur,2
operators,2
speed,2
skating,2
transport,2
diba,2
kgaogelo,2
nao,2
lera,2
mukase,2
hlano,2
kgwadibeng,2
ditelegile,2
hlathollo,2
otla,2
emang,2
beago,2
nyalwe,2
banyane,2
etša,2
mokato,2
itsentšha,2
tenane,2
dikelo,2
llago,2
freud,2
pentwa,2
dipalamonwana,2
mogolegwa,2
disepediši,2
mophediši,2
neša,2
tulong,2
laureates,2
lemina,2
abjago,2
court,2
dihlokabophelo,2
mosebjadi,2
sekukuru,2
nthatego,2
nthapelele,2
tselane,2
lekeletše,2
mpshirile,2
myemyela,2
šitwe,2
fetile,2
lote,2
nwela,2
molokong,2
rakgwebo,2
meriti,2
volumo,2
gangwa,2
boteenyana,2
bošemane,2
economy,2
alumni,2
dubega,2
monarchs,2
lahlegilego,2
utswitšwego,2
irata,2
ageletšwe,2
pegosemmušo,2
kaonafala,2
nkgolwe,2
tshepa,2
laya,2
iphumola,2
harry,2
tšhweu,2
auxiliary,2
kennedy,2
center,2
ipeetše,2
middle,2
ages,2
warra,2
boikgantšho,2
sekeng,2
karogantšho,2
belaele,2
bloc,2
mothuši,2
mokgekolommaphala,2
felegetša,2
tshekong,2
bolokegago,2
kgwaletšo,2
nthomile,2
ikhomoletše,2
tlhakolane,2
kgakganago,2
phurelwe,2
phethela,2
iphora,2
goletše,2
angwago,2
plate,2
petunia,2
dithaka,2
kgobokanang,2
tšokatšokišwe,2
dimilione,2
diket,2
episcopal,2
matamong,2
ratwago,2
kahle,2
bjoko,2
unity,2
oau,2
tletlolo,2
sekgotla,2
chiefs,2
hlenghleng,2
mminokua,2
jeremane,2
bele,2
swerekopano,2
setifikheiti,2
dikagare,2
kgolego,2
seyalemoya,2
ngwadišwa,2
mefsa,2
tlwaelago,2
tlotšwa,2
fluoride,2
kgontpha,2
monnyane,2
mmakatšang,2
setatara,2
šišitšego,2
bobadi,2
bongwadi,2
sekasediko,2
setalamorogo,2
eyang,2
palote,2
dikhonferense,2
dišele,2
laetšwago,2
mogafi,2
etshwa,2
boelwe,2
maindia,2
mongmabu,2
homotše,2
phadimong,2
kgokagano,2
thomilego,2
amogelana,2
phenkgišana,2
šemo,2
swarana,2
sekhemikhale,2
kwenakwena,2
aloe,2
tiago,2
magalagapeng,2
tshwenyege,2
reke,2
bupi,2
ditšhielano,2
tlhohleletšopolaong,2
lefša,2
tia,2
basomi,2
tsona,2
lekotšwe,2
lekotše,2
bokolela,2
apeela,2
iss,2
diphetogo,2
letšhologo,2
mošimane,2
lebelediša,2
khastate,2
difiwa,2
baithaupi,2
filwegoi,2
tlhaologanyao,2
rakgetse,2
atlapšhela,2
rurigomme,2
tlalayae,2
lerotse,2
mehweleretshipi,2
ponyologa,2
tsošitše,2
lešaetšana,2
tshekontle,2
pheletšo,2
hlatloga,2
jewe,2
thankobela,2
hlohleletša,2
somisana,2
nngadiša,2
mmolayago,2
total,2
motsenagare,2
bobona,2
gobošwa,2
mohlapo,2
logo,2
ntšwa,2
sesepe,2
poratšhe,2
roka,2
ketekwago,2
sekhwiti,2
gononwago,2
galagala,2
feleletšago,2
hloletše,2
moradu,2
malwetši,2
ithwešitše,2
jokoye,2
asešogo,2
alekana,2
setatšhe,2
kgobutla,2
pounama,2
latwa,2
lebišago,2
thušitše,2
bokgobapuku,2
akarešwe,2
mohumagadi,2
bhe,2
kokobane,2
smart,2
ane,2
maakana,2
kgothotšwego,2
okare,2
kampilwe,2
kgethong,2
hlahleng,2
gathema,2
peace,2
teo,2
boutelago,2
hlapetšamagora,2
dinagamabapi,2
thibelago,2
phohlela,2
notlelage,2
tiragalong,2
studio,2
boikanotshepetšo,2
nyabele,2
boledišanwa,2
šielana,2
khuet,2
rebola,2
sapina,2
akanywago,2
dudišemo,2
bomotlatšo,2
sefofane,2
tšeosephetho,2
kgelošo,2
ditamolo,2
hlongweng,2
dipeeletšo,2
nteile,2
tšekhwi,2
difaele,2
paul,2
mapaeng,2
misaele,2
agilwe,2
phahlane,2
maleu,2
botalalerata,2
banngwe,2
profešenale,2
bohlolwa,2
thekgeletšong,2
tšhutišo,2
latofaletšwa,2
bosernyi,2
nyatšega,2
botegelana,2
botšana,2
nkgorometša,2
man,2
itirile,2
kgošana,2
rethuše,2
ipshinnego,2
biditše,2
matsebetsebe,2
dirantaranta,2
balata,2
khiro,2
ditlwaelwa,2
ikamanya,2
efoga,2
senate,2
apeile,2
gopotša,2
diragatšwe,2
thubegile,2
madulong,2
motswadiši,2
sebjalo,2
peresente,2
mopududu,2
sefepi,2
lesometharo,2
etlo,2
dirišitšwe,2
rwalela,2
direkišwa,2
boithobollong,2
sethifailwego,2
selekiša,2
momagane,2
momaganywa,2
fihlelelego,2
tlišetša,2
tšhobolo,2
theetše,2
botlatla,2
dikopišwa,2
tshepišitše,2
baratho,2
brenda,2
phoka,2
phatleng,2
segatamorokwana,2
sejamere,2
kamphela,2
marung,2
tšwelelego,2
bonwelo,2
dihotele,2
ditlelapo,2
fetšwago,2
dikgorotshekong,2
dijotše,2
ture,2
tshomišo,2
motšoko,2
timela,2
melalekope,2
pelegišo,2
basepetšakgetsi,2
ditlapele,2
lenaneotherong,2
baromilwe,2
bathotsoko,2
ditshepedišo,2
nkgo,2
masetlapelo,2
kerafong,2
dipapetla,2
dipoledišanong,2
kuba,2
kwepipa,2
ditlhalopo,2
batlabatlile,2
ofišago,2
tšhiritšhiri,2
tlhako,2
kgonthišiše,2
tlhokego,2
tlhatlošo,2
tshela,2
thušega,2
sedirišwa,2
ragaka,2
gannyane,2
hlaotšwe,2
rumulwa,2
rekile,2
hlabollago,2
methopothušo,2
hlokomellwe,2
imeile,2
ntoro,2
tšhengwaneng,2
topological,2
southeast,2
moeti,2
logiše,2
memorial,2
cemetery,2
thibega,2
kuagodimo,2
diphusese,2
difepi,2
august,2
representative,2
phonyokga,2
kgobe,2
itsebiše,2
leboto,2
theory,2
mehutahutana,2
tiripo,2
coronary,2
artery,2
disease,2
amogelege,2
mmolediše,2
seburu,2
šikinya,2
thinya,2
mokaka,2
tebalelo,2
šišinyago,2
bonagalogo,2
maitekelong,2
phulega,2
angwa,2
butšweditše,2
magwera,2
rakeng,2
dikrayoni,2
dithining,2
meisie,2
testamente,2
historic,2
lekeišeneng,2
tleng,2
iphetošeditseketseke,2
letamo,2
toto,2
koto,2
dithekisi,2
bonnete,2
bopege,2
segwa,2
kokotlela,2
kokotletša,2
fafatla,2
tlotlwa,2
modikologeng,2
lepanka,2
tlemelele,2
khutiše,2
gaboima,2
khutšiši,2
patlame,2
lebatong,2
gabobebe,2
seswantšhokgopolo,2
mohlagareng,2
ipshinne,2
mphufutšo,2
phatla,2
nwešwa,2
lehlakana,2
magakala,2
monagedi,2
khathuni,2
itekanela,2
thibetšwe,2
dirišišwe,2
peseng,2
akanyetša,2
retšisetarwa,2
gaan,2
aan,2
lekalekanago,2
pr,2
maatlafatšwa,2
famabaka,2
boratladi,2
bohulwana,2
thlabadithamaga,2
tlamegile,2
phethagetšego,2
sengwalwana,2
botelele,2
tshwenyago,2
selee,2
hlatlogago,2
hlameng,2
tiragatšong,2
šadiša,2
ikhomotšang,2
didimo,2
itota,2
link,2
molotaleina,2
šilafatša,2
tlhweko,2
fenyago,2
beakanywe,2
hlohleletpa,2
lelemeng,2
akhronimi,2
moletlwana,2
boston,2
sox,2
furaletše,2
mogmabu,2
rente,2
patetšego,2
laletšwa,2
mogwebišani,2
lešetla,2
phetogelo,2
khwetšo,2
ihlokomela,2
phediša,2
seroba,2
mmelaelwa,2
mies,2
der,2
hweditšego,2
dikotsing,2
mmaneagwe,2
sefako,2
sapphire,2
mašwanedi,2
šeemo,2
abilego,2
d,2
mojalefa,2
kgethologanyweng,2
bafenyi,2
holofelwa,2
molahlakore,2
photofolio,2
tutuetšaneng,2
motangtang,2
letšwetše,2
napaa,2
laelana,2
fapakanya,2
borakgadiagwe,2
enišitšwego,2
berekago,2
mohlaki,2
nyentšha,2
tshetše,2
kheri,2
selula,2
tšenomikisi,2
kimologo,2
oo,2
kgaoletšago,2
thiša,2
polelotlaleletšo,2
aroge,2
tefelo,2
thwii,2
akhaonteng,2
binela,2
lapilego,2
tshwenyegilego,2
bokgabani,2
mohlabani,2
eletše,2
lebogiša,2
mokontraki,2
loketšwe,2
robetšwe,2
petrolong,2
tlišwa,2
mmone,2
šušukile,2
kgodišang,2
lebišitšwego,2
tokišetšo,2
moimana,2
belegelaago,2
thomeng,2
dungwa,2
petrolo,2
loto,2
bupeletpa,2
mathedithedi,2
dikologilwe,2
kebobotse,2
rarabololwe,2
mejetša,2
matswalo,2
tsintsinkelo,2
hlohleletše,2
mowa,2
ditlamelo,2
lefšago,2
garobowitsky,2
gabobona,2
diethiethi,2
thalela,2
mokgekolommagwe,2
homole,2
lufuno,2
tšhabeng,2
retha,2
lebota,2
mokgako,2
hloetše,2
boeletši,2
diramaanotshepetšo,2
sengwalweng,2
hlotšego,2
hlakahlakano,2
lelahlelwa,2
ijoo,2
nnyaka,2
ditšhupetšasefala,2
lewe,2
šuta,2
mehlaretsoko,2
digwere,2
matswamathi,2
manti,2
porofaele,2
emelago,2
šehlopha,2
šeo,2
nyakwagodi,2
bogege,2
nthate,2
sejokgolo,2
thule,2
ditšego,2
segagabi,2
merogo,2
lswao,2
hlomphollwa,2
ntshofaditšwego,2
tšhabiše,2
army,2
gwaa,2
anya,2
nepagala,2
piletšo,2
semmupo,2
bušetšwego,2
šireletšegilego,2
borakgwebopotlana,2
sebetša,2
moomela,2
nošetšwago,2
tsebagatšo,2
hlohleletšo,2
ngwalago,2
balege,2
tsebjego,2
mading,2
founu,2
ella,2
lwalago,2
booki,2
porofensi,2
sepetšwe,2
poelanyo,2
gapeletšege,2
mebolelwana,2
ntšhofaditšwego,2
ruthofala,2
swarwaga,2
bagononelwa,2
tšhobolwa,2
dirišana,2
bokgauswi,2
fofela,2
iketla,2
hunyetše,2
kgopana,2
mpimpi,2
setphaba,2
ntombikanani,2
linde,2
tshaeno,2
moikani,2
khuduego,2
hloriš,2
diinfentori,2
phimolwa,2
saenela,2
tumelelano,2
lenaneotlhahlo,2
empasi,2
khosuleiti,2
lebelpo,2
ditorong,2
ditoro,2
addis,2
gedi,2
neetšwego,2
mmapatši,2
aporele,2
boitemogelokakanywa,2
mengwagangwaga,2
tshekamelo,2
kitimišitše,2
warasetulo,2
mamatletša,2
taelong,2
tseparelo,2
konteraka,2
reela,2
molaba,2
segwai,2
hirišeditšwego,2
lahlwa,2
tswalana,2
ntaletša,2
moketšaneng,2
tshelo,2
motswalagwe,2
amogetše,2
mpea,2
thabaneng,2
difolaga,2
ditempe,2
dimentlele,2
tsebegego,2
thekio,2
setweletwa,2
mmatamela,2
mopeleto,2
šomišitšwe,2
mpolaye,2
leribiši,2
lepharong,2
leokodi,2
bošidi,2
mašilwane,2
anye,2
tsošološwa,2
ikhomolele,2
gep,2
dikgakgano,2
hlolegilego,2
mahu,2
ntahletše,2
penapenela,2
medile,2
kakatlela,2
bararo,2
mphetole,2
borakontraka,2
šomegago,2
pntšho,2
phutiane,2
podile,2
mohloding,2
tladitše,2
biloša,2
material,2
bursary,2
talente,2
semi-automatic,2
tsamaya,2
goja,2
ngwe,2
ntheka,2
šaena,2
plan,2
million,2
invita,2
applyelang,2
golang,2
dulela,2
commenta,2
personally,2
timing,2
nalego,2
information,2
follow,2
up,2
report,2
tšwile,2
pateng,2
record,2
angle,2
dipolitiki,2
kgoleswa,2
megabaru,2
tšwetše,2
baputseletšwa,2
teefatšo,2
instithušene,2
tlhokogeng,2
akaretše,2
pega,2
tšhafo,2
furu,2
iphsinne,2
matsaka,2
ditefio,2
kobegile,2
kobollwa,2
mmoditše,2
taere,2
batšwa,2
sehlabelo,2
mpherefere,2
moafrika,2
thušaka,2
sesengwe,2
kgokologe,2
bosele,2
hlabela,2
sekontari,2
dipolokelo,2
maitirelo,2
thutotšhomo,2
šuthišetša,2
šakeng,2
tswalelela,2
gagwege,2
are,2
baphatlalatši,2
publishers,2
tlošwa,2
ikgogomoša,2
topilego,2
ikwa,2
desert,2
storm,2
robagana,2
babotse,2
tšhepa,2
ditsebeng,2
queen,2
elizabeth,2
hlokometšwe,2
moagišani,2
kgobokanyopula,2
hlangwago,2
ntateletše,2
ngwalwetšwego,2
lahlegetšwe,2
iphetogela,2
tšhišinyo,2
khaete,2
bonoko,2
ntshwara,2
diwatšhene,2
nkiša,2
bank,2
direkoto,2
kgomaretšego,2
serurubele,2
throtlele,2
horišwe,2
teyana,2
fokotše,2
matshwenyego,2
bipelwa,2
gakale,2
legoratshepetšo,2
tliliniki,2
leamanyišala,2
hlaolwa,2
lešala,2
nketela,2
lapišwa,2
mmotšološoša,2
ntsebe,2
sonasebego,2
šomišwakudu,2
infleišene,2
hlatlogilego,2
kaegore,2
mohlomongweyamo,2
dihuku,2
nyakege,2
monamedi,2
maotwanahunyela,2
ditherišanong,2
hlohlomiša,2
maitshwarong,2
medirong,2
hwetšego,2
kobege,2
gabosele,2
mmaleruo,2
hlapetšwa,2
arolwago,2
ditikologwana,2
okeletša,2
kwišišo,2
ngwalwago,2
leonyane,2
ntshofaditše,2
lekakapa,2
fomo,2
kamogelano,2
kgotlelelano,2
tlhomphano,2
hlolegago,2
ngwagakgwedi,2
latelagotša,2
dinageng,2
ikgolaganya,2
kitimela,2
ahlolamahlo,2
modirišo,2
peelano,2
šišimišega,2
mainaina,2
sebakana,2
ozone,2
protection,2
olaotše,2
sephetephete,2
boledi,2
diepša,2
dokumente,2
itebanya,2
nameditše,2
sethutlong,2
wetšego,2
hirišwa,2
elego,2
khwalithi,2
ngwaletšwego,2
phuphu,2
dialla,2
fetišetša,2
khurumolla,2
thwapa,2
tšwelelago,2
tumammogo,2
puruputša,2
rakhemise,2
tšhwana,2
megalatšhika,2
numeric,2
character,2
references,2
fekse,2
emetšwego,2
mmušong,2
rwala,2
fapafapanago,2
nkapola,2
kobo,2
maoong,2
mmapitšana,2
hlagišitšwe,2
lešepa,2
bomakgolokhukhu,2
mamabolo,2
ragoga,2
reilwego,2
bolotša,2
fegwa,2
dikotlo,2
boipelaetšo,2
itlhokomologa,2
dibetša,2
tswalelwe,2
cite,2
author,2
babogedi,2
dikoteng,2
astronomical,2
ditšhitišo,2
dithoro,2
phuthusetša,2
taodišo,2
apeše,2
poeletšothomi,2
meholeng,2
boitapološo,2
bahumagadi,2
putuka,2
dikokoko,2
utolle,2
bonwago,2
gakantšha,2
mongwalo,2
sekamele,2
morui,2
itima,2
nakonyana,2
šupiwago,2
felelele,2
meganyaganyana,2
dikwano,2
turago,2
šita,2
lokelwe,2
tlaleletšwa,2
posong,2
kgotla,2
seeta,2
hlokagalago,2
elwe,2
greek,2
khutšišo,2
thobile,2
dumetše,2
moketšana,2
itebogiša,2
lekgotlatheramelao,2
dipanana,2
mmolaye,2
makgabo,2
latetšwe,2
molatodi,2
tshepelelano,2
tirišanompsha,2
emiša,2
tšhilafatšo,2
nkadime,2
buše,2
seprofešenale,2
hwetšae,2
swanetpe,2
lentši,2
ayotine,2
dirwego,2
gakaditše,2
kgwadi,2
legorwana,2
tekamahlatse,2
fasana,2
sepedš,2
bagaditšong,2
dirapeng,2
tsenyeletšwe,2
monamudi,2
yenngwe,2
boloke,2
rarabolola,2
dikgotlang,2
rotloetsa,2
manganga,2
fifa,2
fetoletšwe,2
ngwadišo,2
ditšhwene,2
kgothole,2
freedom,2
alafegego,2
amogetšego,2
mixed,2
martial,2
twenty,2
spinash,2
gas,2
tlileng,2
exhibita,2
mmasetrata,2
repo,2
parkeng,2
tic,2
tankana,2
address,2
crate,2
networkeng,2
bail,2
mukhabudi,2
šitiša,2
kelelo,2
interim,2
ngwega,2
dihlophana,2
ngangilwe,2
borokgo,2
maphodiseng,2
sindikheiti,2
priests,2
mebjalo,2
dikaratšhe,2
lefeletšwego,2
rejistara,2
western,2
tlhathollo,2
novels,2
kgabagareng,2
tabataba,2
tatofatšo,2
kgahlano,2
patše,2
boledišwanago,2
tlokwe,2
tsebiše,2
mosenyi,2
ithema,2
kgitlana,2
dijabana,2
setsopolwaneng,2
dipegelo,2
dipeipi,2
seneifi,2
mphiwafela,2
fantasy,2
dipego,2
ditlogolo,2
ditlogolokhukhu,2
ntšitšwe,2
wepesaete,2
thušitšego,2
nrata,2
rumile,2
phego,2
timetše,2
sentšwe,2
boithabi,2
fula,2
mereng,2
fenoga,2
dipoleiti,2
dikomiki,2
kwiše,2
afidabiti,2
kgomagantšwego,2
okobala,2
mal,2
papala,2
ditlou,2
gamakgoba,2
ntšhošetše,2
kgothatsa,2
itekanelago,2
hlomilwe,2
iponela,2
fokotšegilego,2
bophedišo,2
etla,2
sefaleng,2
rejistrara,2
boimao,2
letshitele,2
batsebalegi,2
native,2
bodikana,2
gomela,2
eka,2
hlokwa,2
phaphara,2
lešoba,2
italian,2
ntlhoboga,2
mmalehu,2
ledimadimana,2
dilwanalwana,2
bar,2
th,2
parties,2
oriental,2
maleteku,2
tswetšo,2
phuthegile,2
bekeng,2
amino,2
acid,2
canadian,2
pacific,2
railway,2
dibokwana,2
ipopela,2
manyokenyoke,2
nakeyena,2
iowa,2
akga,2
posts,2
ikaparetše,2
simple,2
impressa,2
style,2
doctor,2
nthekge,2
leseng,2
phorogohlo,2
phefšana,2
nosi,2
tlogediša,2
modu,2
dinta,2
ikemišeditšego,2
mathekeng,2
bakgethwa,2
engineering,2
task,2
phišegelo,2
atlegile,2
london,2
feksiwa,2
robalago,2
mopomo,2
phethagetpe,2
lentpu,2
ikepetpego,2
ditagi,2
akareditpe,2
sempe,2
tlemagantpwe,2
phošolle,2
sehlangwa,2
jela,2
baeletši,2
sethekniki,2
mankgagane,2
mabadi,2
keliod,2
ntebogiša,2
leitšibulo,2
ntšintši,2
khurumela,2
thekgwana,2
dinnete,2
gagwegore,2
direka,2
mofaning,2
hlalefetpa,2
lebelelwago,2
semetseng,2
metsotswaneng,2
šomane,2
šeripa,2
alawense,2
kgonthišiša,2
itekanetšego,2
ngongorega,2
robatšwa,2
leatla,2
nyumonia,2
mohlahli,2
baithutelabootledi,2
bjalokapampirigoba,2
mokgopa,2
kgethilwe,2
kantorokgolo,2
badirišanikawena,2
diphaka,2
ditshwanelo,2
raisibe,2
swaregile,2
hlaselwe,2
reta,2
diretokošana,2
holofetša,2
tshepagalo,2
bonagale,2
dikgokagano,2
humilego,2
bokgoša,2
mengwagantši,2
akanyegago,2
setatamentse,2
feme,2
kaonafatpwa,2
ega,2
sehloa,2
sekasehloa,2
pheteletšo,2
goreo,2
tsopolenomoro,2
hlatse,2
nyalelano,2
bušetša,2
ditlhahlobo,2
itšhidolla,2
hlakile,2
dikokwane,2
ampulanse,2
sekgonyollo,2
katlegong,2
thubilwe,2
mmasefolo,2
sele,2
tshwela,2
belegego,2
motsenela,2
ntlatlana,2
pelobohloko,2
bokopana,2
finilane,2
tšhile,2
korea,2
tlalelo,2
akame,2
tlamago,2
itumela,2
ofising,2
methepa,2
monamodi,2
kgokološa,2
khunama,2
ditshenyagelo,2
menontšha,2
itloditše,2
ntsena,2
gogela,2
tlhobaelo,2
bapalago,2
mailagošupša,2
nong,2
haleluya,2
lefelwego,2
gamamabolo,2
arabja,1
balekwa,1
šiši,1
mpheane,1
towe,1
mphumetše,1
fihlelelwago,1
kokobetša,1
otleleng,1
russian,1
khoutu,1
kwakwaletše,1
ntatelelago,1
diponto,1
didollar,1
nolega,1
mmoledi,1
motheeletši,1
mantefo,1
belegwego,1
madilo,1
kgotho,1
kgakgaregišwe,1
moranang,1
hlokomologwa,1
tšweletšego,1
fokotšegile,1
mojasagagwe,1
mošoro,1
dumago,1
legala,1
mohwelere,1
tlwaelege,1
thaetlele,1
ikgwahliša,1
ditšhipi,1
bolwetse,1
kleimelwago,1
thabantsho,1
hlolele,1
pipelo,1
bitietšwego,1
rutantšhwe,1
ntitela,1
tšhepile,1
sutu,1
ditalente,1
hwelela,1
mmotšišwa,1
kgopelwe,1
katološa,1
dinotagi,1
iphihle,1
tebile,1
badira,1
fetofetoge,1
tšhaena,1
šweu,1
tshwarompe,1
kopanago,1
ditulong,1
ditafoleng,1
balokiši,1
restorers,1
bahlokomela,1
hohwa,1
paekhaponeiti,1
kopantšwego,1
hlatlošwa,1
fetišwa,1
inventors,1
gannwe,1
apa,1
fitlha,1
imakatša,1
lokheišene,1
tshikota,1
senkweng,1
ngangišano,1
šuthe,1
krabiti,1
ngwaletšwe,1
boinaganelo,1
tlhagišo,1
kelotlhoko,1
sediko,1
kgokagana,1
tšhošitšwe,1
agilwego,1
moholegi,1
kgethegileng,1
ditšhabeng,1
maritime,1
tlola,1
mabakapheko,1
šitišwe,1
etele,1
dikantoro,1
hlokofatše,1
tswalanya,1
bokobo,1
tsebagatšago,1
netefatšwe,1
retšisetara,1
leroto,1
theepe,1
monyaku,1
tshepelo,1
tšharakano,1
tšeelelwa,1
nato,1
matereiale,1
leabela,1
magare,1
okeditšwe,1
seyalemoyeng,1
lananeong,1
onamagoši,1
hlaselanele,1
lokišwa,1
rekhoto,1
itshwantšha,1
batšofe,1
swantšwe,1
hlorišwa,1
itshepe,1
tlilo,1
tšeatšhelete,1
mpšane,1
hlokofale,1
salt,1
lake,1
ariel,1
sehloeng,1
mekamekana,1
tšhalelomorago,1
tlhahlamano,1
maikarabelong,1
phethilwego,1
porotšeke,1
gaborena,1
phokotšong,1
hweditšwego,1
motsemokhulu,1
tlogetšwego,1
senepeng,1
gob,1
moababohwa,1
lee,1
khosmiki,1
hlokomelwe,1
nkaremahlareng,1
hlalošwae,1
monnanna,1
sehlogong,1
tšweletšoleswa,1
sepiriti,1
kholetšheng,1
kodutla,1
monyakišiši,1
lenaneotirelo,1
nepad,1
bengdikabelo,1
ntlhahle,1
neelano,1
gapeleditše,1
mebaraka,1
lekodišiša,1
hupago,1
tšhiraka,1
nyanyeka,1
therakeng,1
atlegego,1
inela,1
hlakodiše,1
seswana,1
ganana,1
ditlhakakgolo,1
bakgotse,1
kgalela,1
bojagobe,1
tsentše,1
tsomago,1
hlološetše,1
opelago,1
ditsotsi,1
matho,1
tsepetšo,1
hunela,1
marokgo,1
fantisi,1
phethilwe,1
boswa,1
tshele,1
phegeletše,1
rakile,1
seokolela,1
futšwego,1
kgwebišanono,1
diintaseteri,1
kiletšo,1
osama,1
bin,1
laden,1
seboledi,1
ngwalwa,1
bomenemene,1
seatlakobong,1
tlhaolelabageno,1
taolompe,1
morafe,1
bolokegile,1
kuka,1
hlolela,1
mphumotše,1
šelana,1
hlokafetše,1
dingwetši,1
tafolaneng,1
palantshe,1
kgorametšwa,1
neelanwa,1
leraga,1
direrwa,1
faepa,1
šitišwa,1
beeletša,1
sebola,1
šomega,1
phadišane,1
bonagala,1
bolokege,1
mahlatši,1
arotšwego,1
phuthegwana,1
tagilwe,1
letele,1
bodiba,1
fedišitšwe,1
tefopušetšo,1
basading,1
gantpi,1
dikhathune,1
hlwaahlwa,1
binago,1
seša,1
feka,1
kgobokeditšego,1
ditswalle,1
neelana,1
bonalago,1
thikiša,1
tšhošetšo,1
letšhogo,1
bohwirihwitši,1
pipamolomo,1
biditšwe,1
boramabenkele,1
dikgontšhi,1
abelanwa,1
hlakane,1
kopanelo,1
khutsofatša,1
bonase,1
tšhušumetšo,1
ipuša,1
bofokodi,1
ditshwanelego,1
kopolo,1
kgotsa,1
hlamilego,1
wepsaete,1
dulasoweto,1
thwa,1
mokaone,1
dithipa,1
diforoko,1
theogele,1
meeno,1
isphine,1
dijotša,1
humanega,1
tpweletpa,1
mokgwatshepetšo,1
gapeletše,1
tlamego,1
nolofaditšwe,1
processing,1
unit,1
oxford,1
dictionary,1
mphaka,1
lekanyetpa,1
manigeria,1
bomolomo,1
bohloki,1
matsapeng,1
ikamologanya,1
tshwenye,1
letlalwana,1
mamila,1
tatalona,1
ditshasa,1
jana,1
molokomongwe,1
tšhitelego,1
fenyekolla,1
diraka,1
diwaeteropo,1
tlemilwego,1
phološitšwe,1
dumellega,1
moletšana,1
nang,1
šekašekwago,1
lebake,1
bakela,1
bolotšwa,1
krafo,1
diploko,1
mmetse,1
dimakatšo,1
thomegeng,1
tao,1
te,1
ching,1
bolelelwa,1
porofenseng,1
letšetša,1
boemedi,1
directors,1
tšhila,1
bolaye,1
seeleketeronikhali,1
rakhemisi,1
franklin,1
swarege,1
tswalelabanning,1
farelwa,1
khomphuthara,1
hlw,1
kgankga,1
feleleditše,1
hlatswe,1
based,1
heritage,1
sites,1
baseball,1
family,1
tšhouka,1
omelela,1
hwiti,1
tissa,1
dirupu,1
kgathwago,1
tšwaletšwego,1
abetšwego,1
bopšago,1
diphepo,1
ntlatalna,1
phoraebete,1
rarolotšwe,1
mananeong,1
borakgwebo,1
itshwarelela,1
setswetši,1
dithaele,1
gatakwa,1
hlagipwa,1
mmotoro,1
phumotšwego,1
utswitše,1
aketša,1
rutile,1
tpwelele,1
ntšhane,1
išane,1
resturenteng,1
economic,1
phrobenseng,1
leruri,1
bogareng,1
tekanyong,1
setereke,1
rurugaruruga,1
phumulo,1
phethagetše,1
hlagiša,1
basenyi,1
gagolanye,1
rathaganye,1
diripanaripana,1
mabonwa,1
huma,1
balwe,1
beakantšha,1
sepediše,1
beryl,1
swaneteše,1
bonalego,1
fetišetše,1
dirantana,1
sellathekeng,1
maleng,1
kganyoga,1
seko,1
electron,1
chain,1
pitšakgolo,1
dioli,1
polawa,1
welawela,1
ferekana,1
diphepheng,1
hwetšega,1
bomaknete,1
mašobanatlakala,1
didirwabaloi,1
tshelelago,1
rekelwa,1
hlobaela,1
bommagorena,1
bosesenyane,1
kgoke,1
ikgaoganya,1
kibeng,1
tšhošwa,1
tumiši,1
nawo,1
bokubu,1
bokwena,1
mokete,1
tsodii,1
batsebing,1
ngaletša,1
josip,1
broz,1
tito,1
homotšwe,1
pale,1
mojagobedi,1
tshephe,1
weletšo,1
ngwanamogolwago,1
jeff,1
nkukile,1
sohle,1
melaokakanywa,1
barutabana,1
dibakana,1
domeine,1
diphetošo,1
bopepetla,1
sekgalela,1
students,1
centre,1
market,1
district,1
fapogela,1
tlhanngwe,1
lebanese,1
miss,1
king,1
george,1
civil,1
diminerale,1
thwetšwego,1
bolefagwana,1
ditumelo,1
hlotlwa,1
cricket,1
joko,1
tatagonakeyena,1
pherefere,1
moropetse,1
tlalelwe,1
mpoledi,1
itlamile,1
hasan,1
ali,1
shah,1
thabišwe,1
dodgers,1
sekametše,1
lerotseng,1
original,1
male,1
bommaditsela,1
huane,1
khosetšhumo,1
rutha,1
bošilo,1
blessed,1
virgin,1
swiss,1
dialects,1
september,1
boiketlo,1
ipešotše,1
iphetile,1
tsube,1
hlokomedipitpe,1
mmutla,1
itebetše,1
diphoofologore,1
tsebalafwa,1
imperial,1
japanese,1
gadikwa,1
sausage,1
theknolotši,1
tšhutišego,1
phahameng,1
fofago,1
etetše,1
holegabjang,1
ipshinwa,1
atlege,1
diphedipano,1
tšhoko,1
pente,1
gašwa,1
selae,1
dinong,1
diphaephe,1
jewa,1
gora,1
tšerwe,1
tebu,1
itlhaganetšeng,1
tpwelopele,1
polelotlhohleletšo,1
mongwalelo,1
fahlilwego,1
nkalela,1
itesetše,1
poleiting,1
distributor,1
motato,1
borragwe,1
hlaselane,1
thopelana,1
katologano,1
phase,1
tlopa,1
gobale,1
ame,1
dipholisi,1
dikhontomo,1
tšhusumetšo,1
lefago,1
khaontareng,1
lenti,1
bomogwane,1
ikgothatša,1
rangwane,1
bahumi,1
ngangabetše,1
kodimele,1
sekgotse,1
feus,1
tobeletša,1
konotswana,1
lebotong,1
seedi,1
tlhalo,1
armenian,1
apostolic,1
sindikheithi,1
hlopmphe,1
babuši,1
dihlophi,1
dipipi,1
magaba,1
feng,1
agente,1
hlohleletšana,1
paris,1
retšweledi,1
bopharagahlaba,1
juale,1
direiti,1
saete,1
tshedimošetšo,1
dumelwa,1
rumiwa,1
bopilwego,1
leinantšu,1
mama,1
hwelahweleditšego,1
hlohloletšagore,1
kgomagano,1
nelspruit,1
selelo,1
baagišani,1
mehutangwalwa,1
bolayago,1
direkwa,1
kgathatšege,1
rejistarwa,1
tšatšikgweding,1
kwelobohloko,1
dipheto,1
tshwenyegago,1
bewe,1
dilokharing,1
fereya,1
hlaswa,1
mekgwana,1
ditšhila,1
taelelo,1
established,1
diplomatic,1
tlse,1
khopi,1
wide,1
kopakopana,1
semerafe,1
gorena,1
bannna,1
boifiša,1
kgethelwego,1
gomang,1
tseneletše,1
leruo,1
testament,1
kwewe,1
diragetšego,1
dirišanwago,1
dithekinikone,1
uiyunibesithi,1
dirilweng,1
kgatlhanong,1
maanotshepetšo,1
legoratšhomo,1
šikinyega,1
rotha,1
dinala,1
šuthišetšwa,1
nyakela,1
monyanya,1
baralokikayena,1
taga,1
fanwe,1
bosepedi,1
feletšwego,1
gaphaka,1
pshinyetša,1
mebotwana,1
saterdag,1
sebopegong,1
dišere,1
seledu,1
rurugile,1
hlohlonelwa,1
rational,1
choice,1
wasereto,1
metal,1
musical,1
groups,1
disindikeiti,1
beya,1
seisemane,1
mafarane,1
putselwa,1
maitapišo,1
rothe,1
kaonekaone,1
nyakilego,1
gohlometše,1
rekeamphukudu,1
emeile,1
belegelwa,1
kete,1
itlhamelo,1
nwago,1
mabjala,1
site,1
fufula,1
boya,1
tlaletšwe,1
mponeng,1
tšwetšwapele,1
mmasebotsana,1
sepetšego,1
mabjoko,1
hlatholle,1
mebile,1
mašota,1
legare,1
marata,1
beola,1
bonkele,1
retwa,1
lokollwa,1
seboka,1
kgaole,1
diketwane,1
tlišang,1
magagane,1
fetšeng,1
hlogoyela,1
ebego,1
monday,1
night,1
pin,1
aowi,1
nagantšhwa,1
amanywe,1
nkgopela,1
šomego,1
fetlologela,1
ledirolli,1
leitiri,1
moswari,1
kelotpweledi,1
akaretpa,1
lethekeng,1
khupetša,1
serati,1
nwe,1
goleng,1
lehlagare,1
ithwele,1
megono,1
itshwere,1
nepišitšwe,1
phuti,1
balebane,1
rogane,1
ithekgile,1
segagabobona,1
ntšhitše,1
nomorotšhupetšo,1
neilwego,1
yang,1
leswana,1
dipotsa,1
magokolodi,1
modern,1
standard,1
arabic,1
hlapaotše,1
thupe,1
hlomphiwe,1
khamphani,1
phalwe,1
itokišitše,1
itlhamile,1
senyeditšego,1
llaga,1
mpshafatša,1
hlatselwa,1
platinum,1
group,1
metals,1
nkišetša,1
ntlhohleletša,1
nkgišetšana,1
itlhokela,1
tlhohleletšo,1
pekwa,1
hudugela,1
kadiela,1
dipalone,1
diralošwa,1
paditseka,1
tsentšhitše,1
nnyanenyane,1
sanskrit,1
tšhomommogo,1
sekgao,1
skeletone,1
diogoba,1
vasco,1
da,1
mogwane,1
ruthwe,1
utama,1
mpitše,1
tšhata,1
hello,1
nkele,1
lehutšo,1
robegile,1
dišupo,1
bjatladi,1
itišitše,1
diragogore,1
tsenyo,1
ngwadišwego,1
lefokotlhalošo,1
bitsenagare,1
hueditšwe,1
rapalala,1
comic,1
book,1
series,1
kgonyeng,1
sehlaga,1
dipeakanyo,1
tpe,1
menyung,1
lebeledišišatulo,1
kwenaa,1
tlišitšego,1
dulasereti,1
rfi,1
khula,1
dumetšwego,1
best,1
supporting,1
actress,1
ntshepe,1
olwa,1
lebeledišiše,1
thabelwa,1
lebogwa,1
dieie,1
tamatile,1
khabetšhe,1
kgabiša,1
mengwako,1
iphetolele,1
oketšego,1
feame,1
ntlhanametše,1
modjadji,1
rrago,1
bjalwa,1
swikiri,1
bapetpegago,1
mongkgwebo,1
fih,1
tlhokomedipo,1
ikimeletše,1
emaeme,1
ikgantšha,1
ditala,1
hwetšaga,1
dipolelong,1
lufhuno,1
memago,1
lekgotlakgašo,1
dinyakišišommeadihlagišakgorongyatsheko,1
gonetefatšagoresephetho,1
mosekišwa,1
boitšhireletšo,1
khudugelo,1
diprofenseng,1
letlalelong,1
geba,1
gowa,1
batelele,1
fepiwe,1
khomošenare,1
itlhokomeleng,1
duletše,1
dikgang,1
šutha,1
mojakong,1
dikaratšheng,1
fandom,1
tlhaolo,1
rerešitše,1
tlhokomele,1
ditlhabi,1
metala,1
rekhotwa,1
fihelelwa,1
kopantpwe,1
gapeletšago,1
ithekgilego,1
botagwa,1
kdk,1
ikgokaganywa,1
lebana,1
rarollotšwe,1
hlokagale,1
dikantorong,1
binwa,1
meletlong,1
diphadišanong,1
mekhukhung,1
mphapa,1
kgahlega,1
kgathola,1
kuranta,1
anyetšweo,1
swanetšegotšofalelale,1
hlokofalela,1
lebopong,1
ditšhupatsela,1
dikgegele,1
hlagile,1
hlomphane,1
melala,1
gempe,1
atlegago,1
kgahlile,1
molokoloko,1
dielemente,1
lotilwe,1
mapokisana,1
phuruputša,1
bolokwe,1
boomu,1
mmarobalaoitsoše,1
fetolego,1
tlošitše,1
mabaibaing,1
boletswego,1
sekakarolo,1
kgaolong,1
kgaoleditšwego,1
wuas,1
masomepedinne,1
nyakišabagasefolo,1
morwediabona,1
babafihla,1
kgokeletša,1
leanokelo,1
tatagobonao,1
fetogilemofeta,1
katsela,1
rolo,1
babouti,1
masolo,1
rapa,1
bakgethi,1
bonyatši,1
ele,1
mothepa,1
kgoela,1
dinngalaba,1
mekgwanakgwana,1
nepagetpego,1
personal,1
income,1
tax,1
khoute,1
j,1
g,1
steyn,1
fapoga,1
thito,1
rwaleletše,1
mahea,1
marotho,1
kapteni,1
province,1
all,1
the,1
bathopa,1
shopping,1
seterateng,1
mokonstable,1
bolailwego,1
optometry,1
indasteri,1
stadium,1
for,1
transporta,1
medal,1
home,1
affairs,1
ntshwa,1
tlhalošo,1
bulegile,1
tlhotlhoroga,1
itshamile,1
ahlaahlwe,1
thuntšhetša,1
mešukutšwane,1
tswaleletšwego,1
letsenpo,1
boeleditšwego,1
kharikhulamo,1
tshephišwa,1
mmako,1
rutana,1
braille,1
kgonagala,1
khabareitha,1
sesefala,1
megolo,1
hlhlwa,1
maikemi,1
šaparegilego,1
kabong,1
legwaragwara,1
maphusumane,1
korong,1
kgobola,1
tšhabela,1
radingwana,1
ntšhokela,1
mpone,1
bolelela,1
soding,1
itlhokomela,1
mphounela,1
ngongoregang,1
kgaolele,1
diatšha,1
itlhobogile,1
tšhologilego,1
putswa,1
bakgonne,1
tšweletšabokgoni,1
bahloki,1
dikhredite,1
rulaganywa,1
padišišo,1
leteleleka,1
sekoloto,1
utollwa,1
dihinya,1
dikenepša,1
ntshwenyago,1
kadimong,1
bathwana,1
bantshwanyana,1
merišana,1
tšwelego,1
pretoria,1
iphetošitšego,1
phehli,1
fehla,1
kwepipe,1
diepamere,1
diphopho,1
bitamine,1
kelelat,1
bethwe,1
ikgethilego,1
para,1
tiišeletša,1
innocent,1
dinkgotho,1
ithate,1
hlamang,1
maanotshepedišo,1
phatlaletšego,1
metric,1
tons,1
phenšene,1
ikangala,1
mošweu,1
khora,1
mokwele,1
webesaete,1
saps,1
somedi,1
tletpego,1
pšhatlapšhatle,1
gatlagantšhe,1
šireletšega,1
lebjang,1
nailwe,1
tlhahli,1
moyana,1
botšiditšana,1
bokaletše,1
fetotšwe,1
kgoboketšadipampiri,1
rekiše,1
tumanoši,1
bafsa,1
aretse,1
abje,1
mangyo,1
kganyogela,1
ditšhikakiši,1
setlišamadi,1
lenono,1
ditumelelo,1
diiletšwa,1
thapiša,1
thubakanye,1
tšhelopo,1
lliwa,1
diaka,1
dkhemikhale,1
motšofadi,1
setofo,1
phariri,1
tšhubile,1
basetsana,1
kwešišwe,1
dinotaging,1
diokobatšing,1
letšhollo,1
masione,1
naledi,1
tšeišana,1
dimetara,1
lefiša,1
thelefomo,1
atrese,1
kha,1
lepanteng,1
legodimong,1
lennyane,1
šwahla,1
ngangišana,1
itlwaetša,1
ipha,1
lešoka,1
dumelelanego,1
dineo,1
mapelo,1
nyetšwego,1
sekasekwe,1
mmethile,1
tlogelaka,1
khuru,1
korontšwego,1
gokagana,1
badirammogo,1
itie,1
kgodiso,1
tshepediso,1
ditšontši,1
elwago,1
ntšwelemotse,1
rwešwa,1
potšišoretoriki,1
tlhobaela,1
šetšhaba,1
maikhutšo,1
beetše,1
diphateng,1
tšabolwetši,1
badula,1
lakalela,1
mmulu,1
dikwena,1
mahlakanoka,1
mokokotlong,1
bapalwago,1
kgonagatša,1
thwalego,1
tladiephaswa,1
kwetše,1
tlhaloganyo,1
ikokoropile,1
batheeletši,1
moamogedi,1
tshenkoleswa,1
peakanyetšo,1
retiwe,1
nyalo,1
mngwe,1
balantshe,1
shiti,1
nose,1
taolotshepetšo,1
thereilara,1
journal,1
kagodikgwa,1
netefat,1
mabaibai,1
tlabaketšwe,1
gohlana,1
kgerulano,1
makgetheng,1
tlilogo,1
makgobapuku,1
ditliliniki,1
bolaong,1
tšeke,1
dipaaari,1
awanetše,1
mmagojeng,1
lebelong,1
rapotšega,1
meepo,1
šutelelwa,1
bagwereng,1
press,1
release,1
befediša,1
castel,1
sant,1
angelo,1
diphrofešenale,1
phadiphadi,1
gadigetša,1
tsepelelo,1
dots,1
meningitis,1
repha,1
nwewa,1
mosepelong,1
šetulong,1
felelela,1
šikere,1
dibidio,1
khamera,1
boditšwego,1
diraeng,1
itšhireletša,1
bolwetšing,1
sethaka,1
tphomipo,1
tshitswaneng,1
phurolloge,1
iphihla,1
lešela,1
dikarabodi,1
nomorwa,1
gapeletšwago,1
thume,1
mahlanhle,1
mankgeretla,1
bonagetšesereti,1
šišitše,1
madireng,1
rusitše,1
historing,1
masome,1
qualifaele,1
bus,1
tswaletše,1
pepper,1
nineteen,1
televišeneng,1
citizen,1
tickets,1
construction,1
am,1
so,1
scared,1
registara,1
recodilwego,1
lights,1
industeri,1
fishing,1
years,1
business,1
khaunthareng,1
airtime,1
nkreya,1
roast,1
lamb,1
awardeng,1
results,1
tournamenteng,1
suit,1
some,1
how,1
mogau,1
thulwa,1
taxi,1
motšhareng,1
išwe,1
san,1
pedro,1
sula,1
amogelegego,1
bongi,1
šole,1
huduga,1
utollelwe,1
matpwelantle,1
makaleng,1
tlokgahlale,1
tweša,1
mophelephethe,1
thušothuto,1
rungwa,1
neolotšisimi,1
homotšega,1
homotšwa,1
dikgapana,1
ithweša,1
letolo,1
bophelobja,1
mofepi,1
biletšwa,1
tlhalošetšo,1
intellectual,1
property,1
rights,1
hlaiwe,1
tuntela,1
letangwaneng,1
ntshotsho,1
dianyanese,1
sepiniše,1
dipotata,1
matsapane,1
tlhahlotšweledi,1
boitlhabollo,1
hlobaetšwa,1
raesibe,1
mant,1
jewish,1
tshepetšong,1
thentara,1
lehung,1
ipopago,1
ngata,1
ditlhokofele,1
karolwaneng,1
or,1
nyefa,1
kganyogwago,1
kgothotšwe,1
ohlwa,1
ipee,1
kofi,1
pepeminti,1
tšhokolete,1
paloto,1
moši,1
motala,1
khapontaeoksaete,1
scottish,1
mmutlana,1
lešidi,1
boe,1
lekheišeneng,1
thempheretšha,1
kgonthišišetša,1
tšhoge,1
association,1
gobatša,1
letetše,1
bakgalabje,1
nkame,1
thušeng,1
yoe,1
manuale,1
kabjako,1
swarwake,1
sehlabi,1
dimmaeneng,1
tsatsela,1
phekolwa,1
sepelelanego,1
great,1
lakes,1
region,1
apeilwe,1
gokaganya,1
atlantic,1
languages,1
bokaaka,1
lisp,1
personnel,1
diorelo,1
botši,1
kgokologa,1
rona,1
kgongwa,1
khorola,1
kobakobege,1
thero,1
phepela,1
ngwetši,1
mpopilego,1
tiišitše,1
kehwile,1
nyat,1
sebodi,1
award,1
winning,1
paletšwego,1
transitional,1
federal,1
government,1
eu,1
major,1
political,1
radimo,1
christians,1
ale,1
boeti,1
dipoelong,1
phafogang,1
fetošitšwego,1
itshwenye,1
eto,1
saekholot,1
southern,1
khwamologa,1
magalagapa,1
martin,1
buren,1
nkamogela,1
kudupane,1
namolwa,1
elections,1
took,1
place,1
sequences,1
cross,1
software,1
nyamo,1
bolokelwago,1
ditopo,1
dead,1
convention,1
tepoge,1
iraqi,1
megalantšu,1
dunusani,1
gogelwa,1
county,1
slow,1
nyana,1
beakantše,1
agriculture,1
robot,1
transportilego,1
tsamaišana,1
body,1
gage,1
code,1
copa,1
ounce,1
tlotša,1
polish,1
diesel,1
sulphur,1
graduata,1
accessa,1
jeresi,1
drama,1
applyele,1
mushrooms,1
fiance,1
adamant,1
holong,1
kakapa,1
after,1
profile,1
dressing,1
nyenyefatše,1
potrait,1
june,1
training,1
academay,1
hlabje,1
tšeiša,1
mokurukuru,1
gahlanya,1
dinko,1
base,1
mamahlo,1
rabokgabo,1
folaga,1
tlwalega,1
difoleteng,1
flagship,1
station,1
voice,1
actors,1
sealoga,1
six,1
robile,1
quantum,1
euro,1
thobelafm,1
level,1
salary,1
tšwaletše,1
afforde,1
appeal,1
brithani,1
bolla,1
gararo,1
tatagompho,1
fodišang,1
fetošetšwa,1
mr,1
double,1
iran,1
iraq,1
mojano,1
following,1
table,1
lists,1
ditsikitlano,1
parliamentary,1
mogoshadi,1
phuhlamišwa,1
service,1
dialga,1
klorofile,1
eighteenth,1
century,1
boitekelo,1
control,1
intelligent,1
design,1
proponents,1
nkgapelet,1
cannes,1
edgar,1
allan,1
poe,1
difankase,1
nthibelago,1
hlathollela,1
sefahlegwana,1
ramarumo,1
matengwa,1
biletša,1
lešuhutsogo,1
sefaka,1
maikemišetšong,1
bafe,1
mohumagatšana,1
direng,1
boneng,1
southwestern,1
aowaa,1
lereo,1
diolo,1
entered,1
dti,1
ditiego,1
kleime,1
tlhokago,1
ferekane,1
aowaowa,1
nsb,1
efošwa,1
dikgontšhing,1
buna,1
tlhalano,1
hlakahlakanywa,1
phutha,1
leipola,1
shaba,1
thu,1
makgowa,1
mehlobo,1
potlako,1
sepedišwa,1
polelotebanyi,1
polelotharedi,1
tlhapetšo,1
pireletpwe,1
hlt,1
boitshepho,1
kgonagatšo,1
fahlwa,1
utollelago,1
institšhušene,1
rothiša,1
keledi,1
pukung,1
galefile,1
eima,1
baromedintle,1
diyuniti,1
netefatpwago,1
emetšwe,1
tseneletšwa,1
ntebaditše,1
mašuana,1
dikgotla,1
kgakgane,1
lebeledišiša,1
ntlwang,1
botshwelamare,1
tekanyo,1
ikarabele,1
phuntšwe,1
ntloleswiswi,1
magagešo,1
šinyalala,1
kwešišega,1
mmupo,1
swanetpego,1
napilego,1
sadira,1
gorego,1
sehla,1
megopo,1
tsošago,1
kwanwa,1
fetišetšwe,1
neelwa,1
kgopša,1
šenamelwa,1
kgonthišetšo,1
tsefe,1
binary,1
search,1
trees,1
taletšo,1
mema,1
wonanka,1
phaphošingye,1
elatelago,1
kganyogago,1
penapena,1
sekišitšwe,1
ahlotšwe,1
ditlankana,1
mmofolla,1
diputsi,1
phoša,1
tšhošetša,1
mošaa,1
nnyatša,1
moradia,1
sehwirihwiri,1
nweng,1
retelega,1
sekutu,1
tshwarelo,1
ikhurumetša,1
mapai,1
mpumalanga,1
kgojana,1
šwanetše,1
mothakgalo,1
itšeela,1
monkgo,1
tshenyagelo,1
palomonwana,1
bofefo,1
kwešišagalo,1
katološo,1
marangrang,1
gatee,1
hlaiwa,1
abe,1
bohwa,1
nthemišitše,1
tsentšha,1
lesoosoo,1
eye,1
lebelele,1
tšofala,1
lengwalwana,1
fakela,1
bontšitšwe,1
lebokosong,1
lekantšwego,1
kgontšhago,1
somisa,1
thuso,1
thekise,1
fihlelewa,1
dingwadišo,1
fodiša,1
moledi,1
pitlega,1
thabišitšegoge,1
hlahlaiša,1
oekwakamorero,1
boelwa,1
tlhaoganyo,1
nthoga,1
mphahlolle,1
fahlilwe,1
asean,1
landmark,1
fetolelwe,1
tlhopho,1
ikholotši,1
dumisani,1
khaya,1
mojuda,1
oket,1
phaya,1
fšega,1
tšhilafalo,1
gamošomo,1
okgethilego,1
prize,1
mohuteng,1
lebete,1
koloyana,1
thwethwa,1
bilogile,1
hlafile,1
motsepele,1
konofolo,1
teye,1
ditlhale,1
leswa,1
tpeweng,1
hlathollago,1
paesekopong,1
atreseng,1
waka,1
moofisiri,1
bapetše,1
lagago,1
mokhukhung,1
rutolla,1
lefasetere,1
gonao,1
beega,1
sebakabakeng,1
magologelong,1
dithata,1
boithaupo,1
weithara,1
nyarela,1
holegiša,1
mokgweng,1
baswaraditulo,1
phethagatšong,1
rapama,1
sephagamiši,1
reba,1
retšistara,1
banyakišiši,1
hlokagetšego,1
baduudi,1
fetofetogago,1
gakantšhago,1
mohlakiši,1
pharephare,1
bamatlotlo,1
llišwa,1
putung,1
sehlomphe,1
tšhwarompe,1
amanywa,1
ditaemane,1
bekenya,1
fahla,1
ngwagola,1
bofelong,1
dumediša,1
hlwekile,1
diso,1
lokollwe,1
lekanela,1
ikilela,1
kgotlelo,1
kleimiwa,1
tsentšwego,1
metšheneng,1
šarakaneebile,1
tsenelane,1
esiti,1
hilafat,1
molaosetlwaedi,1
monyadi,1
tlhoko,1
poswa,1
khutšong,1
botsebotse,1
dihostele,1
power,1
parity,1
comparisons,1
gašwe,1
imeiliwa,1
ditseleng,1
tlhobaboroko,1
enetši,1
seisimane,1
oketšege,1
dikokeletše,1
ban,1
motepa,1
motogo,1
payothekenolotši,1
payolotši,1
albertina,1
nweletšego,1
ntlhakantšhitše,1
amogelwang,1
bohlemo,1
dikgotlhannyeng,1
boitšhidullong,1
yoga,1
dimpho,1
sedirwago,1
baeng,1
boelang,1
gabolena,1
color,1
field,1
painting,1
lepokising,1
malahla,1
mošwamawatle,1
swantšhitšwego,1
setšego,1
kaetše,1
rumolana,1
itlhompha,1
ithute,1
tšwara,1
osd,1
dikokeletšo,1
megolong,1
sars,1
sephatlo,1
mmuso,1
thekenolotši,1
palobohlatse,1
dumediše,1
lotšhe,1
mmaletswetswe,1
mmetlabokamoso,1
hlohleleditšego,1
tpeo,1
serumula,1
iphahlela,1
tsebje,1
senthara,1
bapale,1
hlangwa,1
prostate,1
thibelwe,1
thulusi,1
hlalošetša,1
molekwana,1
diprotpeke,1
leboelela,1
pshikologa,1
mabung,1
kamiwa,1
sekamo,1
letšhelete,1
tšhaiša,1
lepokisana,1
ditšhišinyo,1
matlafatšamebele,1
bonagape,1
sepolitiki,1
khutišeditšeng,1
tokapušetšo,1
theilwe,1
ganwe,1
bulela,1
mokgolabje,1
ntlheng,1
thabiše,1
wetšwe,1
tšhwaane,1
protšekeng,1
phaelote,1
foundation,1
utswetša,1
baadimišii,1
akhutišitše,1
semetlana,1
kaekae,1
papetlišega,1
motopo,1
bathoba,1
swanale,1
moyalepelo,1
poledipano,1
tšeye,1
letshogo,1
mario,1
kart,1
patela,1
pasporoto,1
baeti,1
tsopotšwego,1
bopilego,1
clarify,1
march,1
komana,1
madula,1
bapile,1
gatela,1
dihlwekiši,1
onala,1
magagabo,1
lore,1
botlhokwa,1
tefelelo,1
dilinki,1
phulabošego,1
khanselara,1
mebepe,1
dipolane,1
ditšhate,1
dikrafo,1
ipušeletša,1
madume,1
nepokgolo,1
botshepegi,1
seporofešenale,1
faele,1
obamelwe,1
boikemišetšo,1
diphetogong,1
hloriša,1
lešupi,1
leole,1
seloseo,1
universal,1
mopišopo,1
desmond,1
tutu,1
hlalošitše,1
gere,1
tšhengwana,1
tlhakoring,1
kellelo,1
dipoledišano,1
diyalemoya,1
rutilwego,1
tlipago,1
letelwe,1
lobišitšwe,1
marine,1
hlathilwego,1
posiwa,1
akaratešwa,1
tlolago,1
israeli,1
momaganya,1
bolelakago,1
inyatše,1
largest,1
boago,1
dumane,1
managaletlopo,1
hockey,1
kwagalo,1
kgotsofalo,1
swailwego,1
tafola,1
lehlanye,1
axiomatic,1
set,1
kgaetšediago,1
thedimoga,1
culture,1
weposaete,1
website,1
masenke,1
mašupa,1
dikgatelopele,1
phiri,1
patlamego,1
myemyelo,1
balobedu,1
magoswi,1
lebetšwego,1
nkoshilo,1
sehlomola,1
kafao,1
tsarane,1
thuntšhana,1
itshegiša,1
barekantle,1
baromelantle,1
hlahlobja,1
makopanyi,1
seng,1
haa,1
hlapaolwa,1
nnotagi,1
lehwana,1
khupetše,1
hip,1
hop,1
ikgobokeletpa,1
dikahlolo,1
seretwa,1
monate,1
ntlhakanya,1
patelela,1
gakae,1
sekgose,1
thothela,1
mekotleng,1
batopi,1
iphihlilego,1
kodumela,1
moepathutse,1
tokišopolelopolelo,1
akitimelamogaleng,1
bonagore,1
nepego,1
tshenyagalelo,1
didiriša,1
ntlwaneng,1
boithomelo,1
gontši,1
aparetše,1
kgopama,1
dikologe,1
lalile,1
lebetšwe,1
phafoga,1
swanetšana,1
uk,1
singles,1
chart,1
hume,1
segadikana,1
bušetše,1
gagabobona,1
hlomo,1
phekgogo,1
tebo,1
disenthara,1
bakago,1
dinamanatšeo,1
mothomošweu,1
hlohla,1
getsola,1
nywanywa,1
porokerama,1
sekhurumelo,1
hlwela,1
mpampa,1
gaa,1
mošayatebogo,1
phumolameokgo,1
labaka,1
motlalakganya,1
kgodišego,1
tlišwe,1
batlapitšong,1
lebetše,1
tshwayotshwayo,1
yabona,1
thetšana,1
hlohleletšago,1
mogologolo,1
pilir,1
malokelo,1
mešogofela,1
nkganetša,1
fifaditše,1
swayaswayago,1
ikhwetšago,1
to,1
beakanyeditšwego,1
keteko,1
mmaraka,1
mmagobatho,1
hlagang,1
ahlaahlwago,1
ditšong,1
bolelego,1
mmatshepo,1
seteginiki,1
mothalong,1
kgodišago,1
ikhola,1
porofešene,1
loša,1
dithose,1
mašoto,1
fene,1
diregang,1
aroganywego,1
kaba,1
kgwahlafalo,1
tshenyo,1
lešakeng,1
thabišago,1
maphoofolo,1
sebotša,1
ntlhanogela,1
dipong,1
wean,1
